,id,a_node,b_node,length,road_type,init_nbr_car_lane,type_bike,geometry,capacity,speed_car,speed_bike,free_flow_time_car,nbr_car_lane,capacity_per_lane,capacity_cars,free_flow_speed_car,free_flow_speed_bike,free_flow_time_bike,travel_time_car,travel_time_bike,capacity_bikes,alpha,beta,flow_car,flow_bike,length_bi,green_overlap_percentage
0,72341,4874,4886,34.60626114189093,10,1.0,None,"LINESTRING (83445.578125 447832.03125, 83417.3515625 447792.96875)",1200.0,9.722222222222221,4.166666666666667,3.5595011460230674,1.0,1200.0,1200.0,9.722222222222221,4.166666666666667,8.305502674053823,3.5595011460230674,8.305502674053823,99999,0.15,4,0,0,34.60626114189093,92.61678411393456
1,72342,4886,4874,34.60626114189093,10,1.0,None,"LINESTRING (83445.578125 447832.03125, 83417.3515625 447792.96875)",1200.0,9.722222222222221,4.166666666666667,3.5595011460230674,1.0,1200.0,1200.0,9.722222222222221,4.166666666666667,8.305502674053823,3.5595011460230674,8.305502674053823,99999,0.15,4,0,0,34.60626114189093,92.61678411393456
2,96031,6448,6451,202.16348913929127,10,1.0,None,"LINESTRING (83844.5390625 449272.65625, 83635.78125 449461.5)",1200.0,9.722222222222221,4.166666666666667,20.793958882898533,1.0,1200.0,1200.0,9.722222222222221,4.166666666666667,48.519237393429904,20.793958882898533,48.519237393429904,99999,0.15,4,0,0,202.16348913929127,0.0
3,96032,6451,6448,202.16348913929127,10,1.0,None,"LINESTRING (83844.5390625 449272.65625, 83635.78125 449461.5)",1200.0,9.722222222222221,4.166666666666667,20.793958882898533,1.0,1200.0,1200.0,9.722222222222221,4.166666666666667,48.519237393429904,20.793958882898533,48.519237393429904,99999,0.15,4,0,0,202.16348913929127,0.0
4,96091,6448,6453,185.5358073350805,8,1.0,cycle_path,"LINESTRING (83844.5390625 449272.65625, 83926.625 449177.96875, 83970.78125 449047.25)",1800.0,13.88888888888889,4.166666666666667,13.358578128125796,1.0,1800.0,1800.0,13.88888888888889,4.166666666666667,44.52859376041932,13.358578128125796,44.52859376041932,99999,0.15,4,0,0,185.5358073350805,0.0
5,96092,6453,6448,185.5358073350805,8,1.0,cycle_path,"LINESTRING (83844.5390625 449272.65625, 83926.625 449177.96875, 83970.78125 449047.25)",1800.0,13.88888888888889,4.166666666666667,13.358578128125796,1.0,1800.0,1800.0,13.88888888888889,4.166666666666667,44.52859376041932,13.358578128125796,44.52859376041932,99999,0.15,4,0,0,185.5358073350805,0.0
6,96161,6454,6455,122.09085540342167,10,1.0,None,"LINESTRING (84155.3046875 449187.25, 84221.5234375 449239.375, 84292.078125 449288.21875)",1200.0,9.722222222222221,4.166666666666667,12.557916555780515,1.0,1200.0,1200.0,9.722222222222221,4.166666666666667,29.3018052968212,12.557916555780515,29.3018052968212,99999,0.15,4,0,0,122.09085540342167,0.0
7,96162,6455,6454,122.09085540342167,10,1.0,None,"LINESTRING (84155.3046875 449187.25, 84221.5234375 449239.375, 84292.078125 449288.21875)",1200.0,9.722222222222221,4.166666666666667,12.557916555780515,1.0,1200.0,1200.0,9.722222222222221,4.166666666666667,29.3018052968212,12.557916555780515,29.3018052968212,99999,0.15,4,0,0,122.09085540342167,0.0
8,96191,6453,6454,166.34017572329725,10,1.0,None,"LINESTRING (83970.78125 449047.25, 84066.3046875 449117.8125, 84155.3046875 449187.25)",1200.0,9.722222222222221,4.166666666666667,17.109275217253433,1.0,1200.0,1200.0,9.722222222222221,4.166666666666667,39.92164217359134,17.109275217253433,39.92164217359134,99999,0.15,4,0,0,166.34017572329725,0.0
9,96192,6454,6453,166.34017572329725,10,1.0,None,"LINESTRING (83970.78125 449047.25, 84066.3046875 449117.8125, 84155.3046875 449187.25)",1200.0,9.722222222222221,4.166666666666667,17.109275217253433,1.0,1200.0,1200.0,9.722222222222221,4.166666666666667,39.92164217359134,17.109275217253433,39.92164217359134,99999,0.15,4,0,0,166.34017572329725,0.0
10,96271,6449,6457,223.15395082044475,9,2.0,cycle_path,"LINESTRING (84131.1875 449717.78125, 84228.3515625 449612.40625, 84349.4140625 449496.59375)",3400.0,13.88888888888889,4.166666666666667,16.06708445907202,2.0,1700.0,3400.0,13.88888888888889,4.166666666666667,53.55694819690674,16.06708445907202,53.55694819690674,99999,0.15,4,0,0,223.15395082044475,0.0
11,96272,6457,6449,223.15395082044475,9,2.0,cycle_path,"LINESTRING (84131.1875 449717.78125, 84228.3515625 449612.40625, 84349.4140625 449496.59375)",3400.0,13.88888888888889,4.166666666666667,16.06708445907202,2.0,1700.0,3400.0,13.88888888888889,4.166666666666667,53.55694819690674,16.06708445907202,53.55694819690674,99999,0.15,4,0,0,223.15395082044475,0.0
12,96301,6455,6458,146.7227049232433,10,1.0,None,"LINESTRING (84292.078125 449288.21875, 84378.46875 449330.84375, 84441.2109375 449368.28125, 84465.421875 449396.34375)",1200.0,9.722222222222221,4.166666666666667,15.091478220676455,1.0,1200.0,1200.0,9.722222222222221,4.166666666666667,35.21344918157839,15.091478220676455,35.21344918157839,99999,0.15,4,0,0,146.7227049232433,3.0640097121579886
13,96302,6458,6455,146.7227049232433,10,1.0,None,"LINESTRING (84292.078125 449288.21875, 84378.46875 449330.84375, 84441.2109375 449368.28125, 84465.421875 449396.34375)",1200.0,9.722222222222221,4.166666666666667,15.091478220676455,1.0,1200.0,1200.0,9.722222222222221,4.166666666666667,35.21344918157839,15.091478220676455,35.21344918157839,99999,0.15,4,0,0,146.7227049232433,3.0640097121579886
14,96311,6457,6458,110.11251071533948,9,2.0,cycle_path,"LINESTRING (84349.4140625 449496.59375, 84465.421875 449396.34375)",3400.0,13.88888888888889,4.166666666666667,7.928100771504442,2.0,1700.0,3400.0,13.88888888888889,4.166666666666667,26.427002571681474,7.928100771504442,26.427002571681474,99999,0.15,4,0,0,110.11251071533948,0.0
15,96312,6458,6457,110.11251071533948,9,2.0,cycle_path,"LINESTRING (84349.4140625 449496.59375, 84465.421875 449396.34375)",3400.0,13.88888888888889,4.166666666666667,7.928100771504442,2.0,1700.0,3400.0,13.88888888888889,4.166666666666667,26.427002571681474,7.928100771504442,26.427002571681474,99999,0.15,4,0,0,110.11251071533948,0.0
16,96372,6460,6457,114.17554229019137,5,1.0,None,"LINESTRING (84349.4140625 449496.59375, 84378.046875 449528.4375, 84399.28125 449559.75, 84401.5859375 449604.65625, 84395.3828125 449648.78125)",2200.0,19.444444444444443,4.166666666666667,5.871885032066985,1.0,2200.0,2200.0,19.444444444444443,4.166666666666667,27.402130149645927,5.871885032066985,27.402130149645927,99999,0.15,4,0,0,114.17554229019137,0.0
17,96412,6461,6459,245.50980630090527,5,1.0,None,"LINESTRING (84369.3046875 449733.65625, 84496.6796875 449579.53125, 84593.859375 449475.90625)",2200.0,19.444444444444443,4.166666666666667,12.626218609760844,1.0,2200.0,2200.0,19.444444444444443,4.166666666666667,58.92235351221726,12.626218609760844,58.92235351221726,99999,0.15,4,0,0,245.50980630090527,0.0
18,96421,5001,6458,31.464228470317906,9,2.0,cycle_path,"LINESTRING (84508.53125 449404.15625, 84465.421875 449396.34375)",3400.0,13.88888888888889,4.166666666666667,2.265424449862889,2.0,1700.0,3400.0,13.88888888888889,4.166666666666667,7.551414832876297,2.265424449862889,7.551414832876297,99999,0.15,4,0,0,31.464228470317906,0.0
19,96422,6458,5001,31.464228470317906,9,2.0,cycle_path,"LINESTRING (84508.53125 449404.15625, 84465.421875 449396.34375)",3400.0,13.88888888888889,4.166666666666667,2.265424449862889,2.0,1700.0,3400.0,13.88888888888889,4.166666666666667,7.551414832876297,2.265424449862889,7.551414832876297,99999,0.15,4,0,0,31.464228470317906,0.0
20,96431,5001,6461,80.06583797187818,9,2.0,cycle_path,"LINESTRING (84508.53125 449404.15625, 84548.9765625 449438.6875, 84593.859375 449475.90625)",3400.0,13.88888888888889,4.166666666666667,5.764740333975229,2.0,1700.0,3400.0,13.88888888888889,4.166666666666667,19.215801113250762,5.764740333975229,19.215801113250762,99999,0.15,4,0,0,80.06583797187818,0.0
21,96432,6461,5001,80.06583797187818,9,2.0,cycle_path,"LINESTRING (84508.53125 449404.15625, 84548.9765625 449438.6875, 84593.859375 449475.90625)",3400.0,13.88888888888889,4.166666666666667,5.764740333975229,2.0,1700.0,3400.0,13.88888888888889,4.166666666666667,19.215801113250762,5.764740333975229,19.215801113250762,99999,0.15,4,0,0,80.06583797187818,0.0
22,96452,6462,6459,448.42132551361664,3,3.0,None,"LINESTRING (84369.3046875 449733.65625, 84701.84375 449205.1875)",7000.0,27.77777777777778,4.166666666666667,16.143167718490197,3.0,2333.3333333333335,7000.0,27.77777777777778,4.166666666666667,107.62111812326799,16.143167718490197,107.62111812326799,99999,0.15,4,0,0,448.42132551361664,9.834152017635974
23,96462,6462,6461,209.31785197664368,5,1.0,None,"LINESTRING (84593.859375 449475.90625, 84701.84375 449205.1875)",2200.0,19.444444444444443,4.166666666666667,10.764918101655962,1.0,2200.0,2200.0,19.444444444444443,4.166666666666667,50.23628447439448,10.764918101655962,50.23628447439448,99999,0.15,4,0,0,209.31785197664368,8.821265935054761
24,96491,6460,6463,277.0522680133322,3,3.0,None,"LINESTRING (84395.3828125 449648.78125, 84603.8984375 449324.21875)",7000.0,27.77777777777778,4.166666666666667,9.973881648479958,3.0,2333.3333333333335,7000.0,27.77777777777778,4.166666666666667,66.49254432319972,9.973881648479958,66.49254432319972,99999,0.15,4,0,0,277.0522680133322,0.24699132641987925
25,96521,6449,6464,196.4247781994768,8,1.0,cycle_path,"LINESTRING (84131.1875 449717.78125, 84047.859375 449677.15625, 84009.1796875 449639.40625, 83957.9296875 449506.15625)",1800.0,13.88888888888889,4.166666666666667,14.142584030362329,1.0,1800.0,1800.0,13.88888888888889,4.166666666666667,47.14194676787443,14.142584030362329,47.14194676787443,99999,0.15,4,0,0,196.4247781994768,0.0
26,96522,6464,6449,196.4247781994768,8,1.0,cycle_path,"LINESTRING (84131.1875 449717.78125, 84047.859375 449677.15625, 84009.1796875 449639.40625, 83957.9296875 449506.15625)",1800.0,13.88888888888889,4.166666666666667,14.142584030362329,1.0,1800.0,1800.0,13.88888888888889,4.166666666666667,47.14194676787443,14.142584030362329,47.14194676787443,99999,0.15,4,0,0,196.4247781994768,0.0
27,96531,6448,6464,186.4194835379734,8,1.0,cycle_path,"LINESTRING (83844.5390625 449272.65625, 83910.1171875 449389.6875, 83957.9296875 449506.15625)",1800.0,13.88888888888889,4.166666666666667,13.422202814734085,1.0,1800.0,1800.0,13.88888888888889,4.166666666666667,44.74067604911362,13.422202814734085,44.74067604911362,99999,0.15,4,0,0,186.4194835379734,0.0
28,96532,6464,6448,186.4194835379734,8,1.0,cycle_path,"LINESTRING (83844.5390625 449272.65625, 83910.1171875 449389.6875, 83957.9296875 449506.15625)",1800.0,13.88888888888889,4.166666666666667,13.422202814734085,1.0,1800.0,1800.0,13.88888888888889,4.166666666666667,44.74067604911362,13.422202814734085,44.74067604911362,99999,0.15,4,0,0,186.4194835379734,0.0
29,96561,6454,6465,73.14262575214524,10,1.0,None,"LINESTRING (84155.3046875 449187.25, 84205.8203125 449098.8125)",1200.0,9.722222222222221,4.166666666666667,7.523241505934939,1.0,1200.0,1200.0,9.722222222222221,4.166666666666667,17.554230180514857,7.523241505934939,17.554230180514857,99999,0.15,4,0,0,73.14262575214524,6.238769597374963
30,96562,6465,6454,73.14262575214524,10,1.0,None,"LINESTRING (84155.3046875 449187.25, 84205.8203125 449098.8125)",1200.0,9.722222222222221,4.166666666666667,7.523241505934939,1.0,1200.0,1200.0,9.722222222222221,4.166666666666667,17.554230180514857,7.523241505934939,17.554230180514857,99999,0.15,4,0,0,73.14262575214524,6.238769597374963
31,96591,6465,6466,186.1160161449814,10,1.0,None,"LINESTRING (84205.8203125 449098.8125, 84018.03125 448949.28125, 84047.3046875 448893.78125)",1200.0,9.722222222222221,4.166666666666667,19.14336166062666,1.0,1200.0,1200.0,9.722222222222221,4.166666666666667,44.66784387479553,19.14336166062666,44.66784387479553,99999,0.15,4,0,0,186.1160161449814,20.26984514438577
32,96592,6466,6465,186.1160161449814,10,1.0,None,"LINESTRING (84205.8203125 449098.8125, 84018.03125 448949.28125, 84047.3046875 448893.78125)",1200.0,9.722222222222221,4.166666666666667,19.14336166062666,1.0,1200.0,1200.0,9.722222222222221,4.166666666666667,44.66784387479553,19.14336166062666,44.66784387479553,99999,0.15,4,0,0,186.1160161449814,20.26984514438577
33,96621,6455,6467,287.35854426079635,10,1.0,None,"LINESTRING (84292.078125 449288.21875, 84339.8203125 449214.21875, 84315.4765625 449191.5, 84324.40625 449076.28125, 84367.9609375 448895.34375)",1200.0,9.722222222222221,4.166666666666667,29.55687883825334,1.0,1200.0,1200.0,9.722222222222221,4.166666666666667,68.96605062259111,29.55687883825334,68.96605062259111,99999,0.15,4,0,0,287.35854426079635,14.298002770957241
34,96622,6467,6455,287.35854426079635,10,1.0,None,"LINESTRING (84292.078125 449288.21875, 84339.8203125 449214.21875, 84315.4765625 449191.5, 84324.40625 449076.28125, 84367.9609375 448895.34375)",1200.0,9.722222222222221,4.166666666666667,29.55687883825334,1.0,1200.0,1200.0,9.722222222222221,4.166666666666667,68.96605062259111,29.55687883825334,68.96605062259111,99999,0.15,4,0,0,287.35854426079635,14.298002770957241
35,96641,6465,6468,183.46574492565713,10,1.0,None,"LINESTRING (84205.8203125 449098.8125, 84256.84375 449027.4375, 84254.375 448994.625, 84329.90625 448875.5)",1200.0,9.722222222222221,4.166666666666667,18.87076233521045,1.0,1200.0,1200.0,9.722222222222221,4.166666666666667,44.03177878215771,18.87076233521045,44.03177878215771,99999,0.15,4,0,0,183.46574492565713,10.548928016155251
36,96642,6468,6465,183.46574492565713,10,1.0,None,"LINESTRING (84205.8203125 449098.8125, 84256.84375 449027.4375, 84254.375 448994.625, 84329.90625 448875.5)",1200.0,9.722222222222221,4.166666666666667,18.87076233521045,1.0,1200.0,1200.0,9.722222222222221,4.166666666666667,44.03177878215771,18.87076233521045,44.03177878215771,99999,0.15,4,0,0,183.46574492565713,10.548928016155251
37,96651,6467,6468,30.820927419284846,10,1.0,None,"LINESTRING (84367.9609375 448895.34375, 84329.90625 448875.5)",1200.0,9.722222222222221,4.166666666666667,3.170152534555013,1.0,1200.0,1200.0,9.722222222222221,4.166666666666667,7.397022580628363,3.170152534555013,7.397022580628363,99999,0.15,4,0,0,30.820927419284846,51.757024109631345
38,96652,6468,6467,30.820927419284846,10,1.0,None,"LINESTRING (84367.9609375 448895.34375, 84329.90625 448875.5)",1200.0,9.722222222222221,4.166666666666667,3.170152534555013,1.0,1200.0,1200.0,9.722222222222221,4.166666666666667,7.397022580628363,3.170152534555013,7.397022580628363,99999,0.15,4,0,0,30.820927419284846,51.757024109631345
39,96681,6468,6469,137.34069248574974,10,1.0,None,"LINESTRING (84329.90625 448875.5, 84249.453125 448811.5625, 84187.0546875 448748.34375)",1200.0,9.722222222222221,4.166666666666667,14.12647122710569,1.0,1200.0,1200.0,9.722222222222221,4.166666666666667,32.96176619657994,14.12647122710569,32.96176619657994,99999,0.15,4,0,0,137.34069248574974,2.674338753236225
40,96682,6469,6468,137.34069248574974,10,1.0,None,"LINESTRING (84329.90625 448875.5, 84249.453125 448811.5625, 84187.0546875 448748.34375)",1200.0,9.722222222222221,4.166666666666667,14.12647122710569,1.0,1200.0,1200.0,9.722222222222221,4.166666666666667,32.96176619657994,14.12647122710569,32.96176619657994,99999,0.15,4,0,0,137.34069248574974,2.674338753236225
41,96811,6472,6473,156.95406316609134,10,1.0,None,"LINESTRING (84310.0546875 448619.03125, 84369.6171875 448556.21875, 84449.03125 448450.34375)",1200.0,9.722222222222221,4.166666666666667,16.143846497083683,1.0,1200.0,1200.0,9.722222222222221,4.166666666666667,37.66897515986192,16.143846497083683,37.66897515986192,99999,0.15,4,0,0,156.95406316609134,34.09996469263811
42,96812,6473,6472,156.95406316609134,10,1.0,None,"LINESTRING (84310.0546875 448619.03125, 84369.6171875 448556.21875, 84449.03125 448450.34375)",1200.0,9.722222222222221,4.166666666666667,16.143846497083683,1.0,1200.0,1200.0,9.722222222222221,4.166666666666667,37.66897515986192,16.143846497083683,37.66897515986192,99999,0.15,4,0,0,156.95406316609134,34.09996469263811
43,96831,6453,6474,107.78870053312546,8,1.0,cycle_path,"LINESTRING (83970.78125 449047.25, 83996.671875 448899.40625)",1800.0,13.88888888888889,4.166666666666667,7.760786438385034,1.0,1800.0,1800.0,13.88888888888889,4.166666666666667,25.86928812795011,7.760786438385034,25.86928812795011,99999,0.15,4,0,0,107.78870053312546,4.156741619286556
44,96832,6474,6453,107.78870053312546,8,1.0,cycle_path,"LINESTRING (83970.78125 449047.25, 83996.671875 448899.40625)",1800.0,13.88888888888889,4.166666666666667,7.760786438385034,1.0,1800.0,1800.0,13.88888888888889,4.166666666666667,25.86928812795011,7.760786438385034,25.86928812795011,99999,0.15,4,0,0,107.78870053312546,4.156741619286556
45,96841,6466,6474,36.58506930496601,8,1.0,cycle_path,"LINESTRING (84047.3046875 448893.78125, 83996.671875 448899.40625)",1800.0,13.88888888888889,4.166666666666667,2.6341249899575527,1.0,1800.0,1800.0,13.88888888888889,4.166666666666667,8.780416633191843,2.6341249899575527,8.780416633191843,99999,0.15,4,0,0,36.58506930496601,0.0
46,96842,6474,6466,36.58506930496601,8,1.0,cycle_path,"LINESTRING (84047.3046875 448893.78125, 83996.671875 448899.40625)",1800.0,13.88888888888889,4.166666666666667,2.6341249899575527,1.0,1800.0,1800.0,13.88888888888889,4.166666666666667,8.780416633191843,2.6341249899575527,8.780416633191843,99999,0.15,4,0,0,36.58506930496601,0.0
47,96891,6447,6476,86.32988212561993,8,1.0,cycle_path,"LINESTRING (84002.5078125 448384.75, 83982.3984375 448335.15625, 83946.6171875 448278.3125)",1800.0,13.88888888888889,4.166666666666667,6.215751513044635,1.0,1800.0,1800.0,13.88888888888889,4.166666666666667,20.719171710148782,6.215751513044635,20.719171710148782,99999,0.15,4,0,0,86.32988212561993,64.59867270912453
48,96892,6476,6447,86.32988212561993,8,1.0,cycle_path,"LINESTRING (84002.5078125 448384.75, 83982.3984375 448335.15625, 83946.6171875 448278.3125)",1800.0,13.88888888888889,4.166666666666667,6.215751513044635,1.0,1800.0,1800.0,13.88888888888889,4.166666666666667,20.719171710148782,6.215751513044635,20.719171710148782,99999,0.15,4,0,0,86.32988212561993,64.59867270912453
49,96921,6476,6477,167.83935266126232,8,1.0,cycle_path,"LINESTRING (83946.6171875 448278.3125, 83889.65625 448206.34375, 83869.234375 448125.71875, 83857.3984375 448062.28125)",1800.0,13.88888888888889,4.166666666666667,12.084433391610887,1.0,1800.0,1800.0,13.88888888888889,4.166666666666667,40.28144463870296,12.084433391610887,40.28144463870296,99999,0.15,4,0,0,167.83935266126232,100.0
50,96922,6477,6476,167.83935266126232,8,1.0,cycle_path,"LINESTRING (83946.6171875 448278.3125, 83889.65625 448206.34375, 83869.234375 448125.71875, 83857.3984375 448062.28125)",1800.0,13.88888888888889,4.166666666666667,12.084433391610887,1.0,1800.0,1800.0,13.88888888888889,4.166666666666667,40.28144463870296,12.084433391610887,40.28144463870296,99999,0.15,4,0,0,167.83935266126232,100.0
51,96951,6477,6478,134.29234499535704,8,1.0,cycle_path,"LINESTRING (83857.3984375 448062.28125, 83811.1875 448066.59375, 83749.9296875 448045.125, 83684.359375 447991.34375)",1800.0,13.88888888888889,4.166666666666667,9.669048839665706,1.0,1800.0,1800.0,13.88888888888889,4.166666666666667,32.23016279888569,9.669048839665706,32.23016279888569,99999,0.15,4,0,0,134.29234499535704,81.27128449742108
52,96952,6478,6477,134.29234499535704,8,1.0,cycle_path,"LINESTRING (83857.3984375 448062.28125, 83811.1875 448066.59375, 83749.9296875 448045.125, 83684.359375 447991.34375)",1800.0,13.88888888888889,4.166666666666667,9.669048839665706,1.0,1800.0,1800.0,13.88888888888889,4.166666666666667,32.23016279888569,9.669048839665706,32.23016279888569,99999,0.15,4,0,0,134.29234499535704,81.27128449742108
53,96971,5002,6472,227.285815418318,10,1.0,None,"LINESTRING (83994.7734375 448646.78125, 84104.90625 448647.21875, 84188.703125 448652.28125, 84260.9453125 448645.6875, 84310.0546875 448619.03125)",1200.0,9.722222222222221,4.166666666666667,23.37796958588414,1.0,1200.0,1200.0,9.722222222222221,4.166666666666667,54.54859570039632,23.37796958588414,54.54859570039632,99999,0.15,4,0,0,227.285815418318,18.99564387537228
54,96972,6472,5002,227.285815418318,10,1.0,None,"LINESTRING (83994.7734375 448646.78125, 84104.90625 448647.21875, 84188.703125 448652.28125, 84260.9453125 448645.6875, 84310.0546875 448619.03125)",1200.0,9.722222222222221,4.166666666666667,23.37796958588414,1.0,1200.0,1200.0,9.722222222222221,4.166666666666667,54.54859570039632,23.37796958588414,54.54859570039632,99999,0.15,4,0,0,227.285815418318,18.99564387537228
55,96981,5002,6474,181.42288999508378,8,1.0,cycle_path,"LINESTRING (83994.7734375 448646.78125, 83996.671875 448899.40625)",1800.0,13.88888888888889,4.166666666666667,13.062448079646032,1.0,1800.0,1800.0,13.88888888888889,4.166666666666667,43.541493598820104,13.062448079646032,43.541493598820104,99999,0.15,4,0,0,181.42288999508378,0.0
56,96982,6474,5002,181.42288999508378,8,1.0,cycle_path,"LINESTRING (83994.7734375 448646.78125, 83996.671875 448899.40625)",1800.0,13.88888888888889,4.166666666666667,13.062448079646032,1.0,1800.0,1800.0,13.88888888888889,4.166666666666667,43.541493598820104,13.062448079646032,43.541493598820104,99999,0.15,4,0,0,181.42288999508378,0.0
57,96991,5002,6447,188.2504239745525,8,1.0,cycle_path,"LINESTRING (83994.7734375 448646.78125, 84002.5078125 448384.75)",1800.0,13.88888888888889,4.166666666666667,13.554030526167779,1.0,1800.0,1800.0,13.88888888888889,4.166666666666667,45.18010175389259,13.554030526167779,45.18010175389259,99999,0.15,4,0,0,188.2504239745525,20.99772007051085
58,96992,6447,5002,188.2504239745525,8,1.0,cycle_path,"LINESTRING (83994.7734375 448646.78125, 84002.5078125 448384.75)",1800.0,13.88888888888889,4.166666666666667,13.554030526167779,1.0,1800.0,1800.0,13.88888888888889,4.166666666666667,45.18010175389259,13.554030526167779,45.18010175389259,99999,0.15,4,0,0,188.2504239745525,20.99772007051085
59,97021,6466,6469,144.84629483327177,8,1.0,cycle_path,"LINESTRING (84047.3046875 448893.78125, 84094.4921875 448846.59375, 84187.0546875 448748.34375)",1800.0,13.88888888888889,4.166666666666667,10.428933227995568,1.0,1800.0,1800.0,13.88888888888889,4.166666666666667,34.763110759985224,10.428933227995568,34.763110759985224,99999,0.15,4,0,0,144.84629483327177,0.0
60,97022,6469,6466,144.84629483327177,8,1.0,cycle_path,"LINESTRING (84047.3046875 448893.78125, 84094.4921875 448846.59375, 84187.0546875 448748.34375)",1800.0,13.88888888888889,4.166666666666667,10.428933227995568,1.0,1800.0,1800.0,13.88888888888889,4.166666666666667,34.763110759985224,10.428933227995568,34.763110759985224,99999,0.15,4,0,0,144.84629483327177,0.0
61,97201,6473,6484,148.31944040794264,10,1.0,None,"LINESTRING (84449.03125 448450.34375, 84499.9609375 448471.25, 84621.671875 448563.71875)",1200.0,9.722222222222221,4.166666666666667,15.255713870531244,1.0,1200.0,1200.0,9.722222222222221,4.166666666666667,35.59666569790623,15.255713870531244,35.59666569790623,99999,0.15,4,0,0,148.31944040794264,75.38202622086612
62,97202,6484,6473,148.31944040794264,10,1.0,None,"LINESTRING (84449.03125 448450.34375, 84499.9609375 448471.25, 84621.671875 448563.71875)",1200.0,9.722222222222221,4.166666666666667,15.255713870531244,1.0,1200.0,1200.0,9.722222222222221,4.166666666666667,35.59666569790623,15.255713870531244,35.59666569790623,99999,0.15,4,0,0,148.31944040794264,75.38202622086612
63,97211,6479,6484,239.21434362870627,10,1.0,None,"LINESTRING (84893.328125 448756.5, 84761.890625 448662.0625, 84621.671875 448563.71875)",1200.0,9.722222222222221,4.166666666666667,24.604903916095505,1.0,1200.0,1200.0,9.722222222222221,4.166666666666667,57.411442470889504,24.604903916095505,57.411442470889504,99999,0.15,4,0,0,239.21434362870627,74.33779964079112
64,97212,6484,6479,239.21434362870627,10,1.0,None,"LINESTRING (84893.328125 448756.5, 84761.890625 448662.0625, 84621.671875 448563.71875)",1200.0,9.722222222222221,4.166666666666667,24.604903916095505,1.0,1200.0,1200.0,9.722222222222221,4.166666666666667,57.411442470889504,24.604903916095505,57.411442470889504,99999,0.15,4,0,0,239.21434362870627,74.33779964079112
65,97221,6483,6484,270.0660298080334,8,1.0,cycle_path,"LINESTRING (84820.3046875 448244.375, 84621.671875 448563.71875)",1800.0,13.88888888888889,4.166666666666667,19.444754146178404,1.0,1800.0,1800.0,13.88888888888889,4.166666666666667,64.81584715392802,19.444754146178404,64.81584715392802,99999,0.15,4,0,0,270.0660298080334,30.23056816477206
66,97222,6484,6483,270.0660298080334,8,1.0,cycle_path,"LINESTRING (84820.3046875 448244.375, 84621.671875 448563.71875)",1800.0,13.88888888888889,4.166666666666667,19.444754146178404,1.0,1800.0,1800.0,13.88888888888889,4.166666666666667,64.81584715392802,19.444754146178404,64.81584715392802,99999,0.15,4,0,0,270.0660298080334,30.23056816477206
67,97251,6480,6485,172.31759377526348,10,1.0,None,"LINESTRING (84544.703125 448222.28125, 84694.6953125 448034.96875)",1200.0,9.722222222222221,4.166666666666667,17.724095359741387,1.0,1200.0,1200.0,9.722222222222221,4.166666666666667,41.35622250606323,17.724095359741387,41.35622250606323,99999,0.15,4,0,0,172.31759377526348,1.8545153373803285
68,97252,6485,6480,172.31759377526348,10,1.0,None,"LINESTRING (84544.703125 448222.28125, 84694.6953125 448034.96875)",1200.0,9.722222222222221,4.166666666666667,17.724095359741387,1.0,1200.0,1200.0,9.722222222222221,4.166666666666667,41.35622250606323,17.724095359741387,41.35622250606323,99999,0.15,4,0,0,172.31759377526348,1.8545153373803285
69,97301,6485,6486,228.3970952598962,10,1.0,None,"LINESTRING (84694.6953125 448034.96875, 84438.3203125 447846.71875)",1200.0,9.722222222222221,4.166666666666667,23.49227265530361,1.0,1200.0,1200.0,9.722222222222221,4.166666666666667,54.815302862375084,23.49227265530361,54.815302862375084,99999,0.15,4,0,0,228.3970952598962,43.16057306630724
70,97302,6486,6485,228.3970952598962,10,1.0,None,"LINESTRING (84694.6953125 448034.96875, 84438.3203125 447846.71875)",1200.0,9.722222222222221,4.166666666666667,23.49227265530361,1.0,1200.0,1200.0,9.722222222222221,4.166666666666667,54.815302862375084,23.49227265530361,54.815302862375084,99999,0.15,4,0,0,228.3970952598962,43.16057306630724
71,97331,6480,6487,218.9395538126148,10,1.0,None,"LINESTRING (84544.703125 448222.28125, 84292.34375 448051.1875)",1200.0,9.722222222222221,4.166666666666667,22.51949696358324,1.0,1200.0,1200.0,9.722222222222221,4.166666666666667,52.54549291502755,22.51949696358324,52.54549291502755,99999,0.15,4,0,0,218.9395538126148,23.116348657950898
72,97332,6487,6480,218.9395538126148,10,1.0,None,"LINESTRING (84544.703125 448222.28125, 84292.34375 448051.1875)",1200.0,9.722222222222221,4.166666666666667,22.51949696358324,1.0,1200.0,1200.0,9.722222222222221,4.166666666666667,52.54549291502755,22.51949696358324,52.54549291502755,99999,0.15,4,0,0,218.9395538126148,23.116348657950898
73,97361,6487,6488,139.25018524213615,10,1.0,None,"LINESTRING (84292.34375 448051.1875, 84192.9375 448217.6875)",1200.0,9.722222222222221,4.166666666666667,14.322876196334006,1.0,1200.0,1200.0,9.722222222222221,4.166666666666667,33.42004445811268,14.322876196334006,33.42004445811268,99999,0.15,4,0,0,139.25018524213615,10.763177584184898
74,97362,6488,6487,139.25018524213615,10,1.0,None,"LINESTRING (84292.34375 448051.1875, 84192.9375 448217.6875)",1200.0,9.722222222222221,4.166666666666667,14.322876196334006,1.0,1200.0,1200.0,9.722222222222221,4.166666666666667,33.42004445811268,14.322876196334006,33.42004445811268,99999,0.15,4,0,0,139.25018524213615,10.763177584184898
75,97541,4874,6495,54.86627337167883,10,1.0,None,"LINESTRING (83445.578125 447832.03125, 83511.3203125 447870.96875)",1200.0,9.722222222222221,4.166666666666667,5.643388118229823,1.0,1200.0,1200.0,9.722222222222221,4.166666666666667,13.167905609202919,5.643388118229823,13.167905609202919,99999,0.15,4,0,0,54.86627337167883,43.974994582572045
76,97542,6495,4874,54.86627337167883,10,1.0,None,"LINESTRING (83445.578125 447832.03125, 83511.3203125 447870.96875)",1200.0,9.722222222222221,4.166666666666667,5.643388118229823,1.0,1200.0,1200.0,9.722222222222221,4.166666666666667,13.167905609202919,5.643388118229823,13.167905609202919,99999,0.15,4,0,0,54.86627337167883,43.974994582572045
77,97551,6478,6495,151.36371424287745,8,1.0,cycle_path,"LINESTRING (83684.359375 447991.34375, 83511.3203125 447870.96875)",1800.0,13.88888888888889,4.166666666666667,10.898187425487176,1.0,1800.0,1800.0,13.88888888888889,4.166666666666667,36.327291418290585,10.898187425487176,36.327291418290585,99999,0.15,4,0,0,151.36371424287745,32.634442858666624
78,97552,6495,6478,151.36371424287745,8,1.0,cycle_path,"LINESTRING (83684.359375 447991.34375, 83511.3203125 447870.96875)",1800.0,13.88888888888889,4.166666666666667,10.898187425487176,1.0,1800.0,1800.0,13.88888888888889,4.166666666666667,36.327291418290585,10.898187425487176,36.327291418290585,99999,0.15,4,0,0,151.36371424287745,32.634442858666624
79,97581,6478,6496,156.73215203187092,11,1.0,cycle_path,"LINESTRING (83684.359375 447991.34375, 83708.8125 447957.625, 83688.6640625 447880.65625, 83653.1953125 447775.3125)",1500.0,11.11111111111111,4.166666666666667,14.105893682868384,1.0,1500.0,1500.0,11.11111111111111,4.166666666666667,37.61571648764902,14.105893682868384,37.61571648764902,99999,0.15,4,0,0,156.73215203187092,56.244667961364236
80,97582,6496,6478,156.73215203187092,11,1.0,cycle_path,"LINESTRING (83684.359375 447991.34375, 83708.8125 447957.625, 83688.6640625 447880.65625, 83653.1953125 447775.3125)",1500.0,11.11111111111111,4.166666666666667,14.105893682868384,1.0,1500.0,1500.0,11.11111111111111,4.166666666666667,37.61571648764902,14.105893682868384,37.61571648764902,99999,0.15,4,0,0,156.73215203187092,56.244667961364236
81,97611,6496,6497,96.81013267959642,10,1.0,None,"LINESTRING (83653.1953125 447775.3125, 83689.953125 447765.46875, 83731.328125 447744.28125, 83762.828125 447696.84375)",1200.0,9.722222222222221,4.166666666666667,9.957613647044203,1.0,1200.0,1200.0,9.722222222222221,4.166666666666667,23.23443184310314,9.957613647044203,23.23443184310314,99999,0.15,4,0,0,96.81013267959642,0.0
82,97612,6497,6496,96.81013267959642,10,1.0,None,"LINESTRING (83653.1953125 447775.3125, 83689.953125 447765.46875, 83731.328125 447744.28125, 83762.828125 447696.84375)",1200.0,9.722222222222221,4.166666666666667,9.957613647044203,1.0,1200.0,1200.0,9.722222222222221,4.166666666666667,23.23443184310314,9.957613647044203,23.23443184310314,99999,0.15,4,0,0,96.81013267959642,0.0
83,97641,6497,6498,50.389686420705836,10,1.0,None,"LINESTRING (83762.828125 447696.84375, 83709.0859375 447651.71875)",1200.0,9.722222222222221,4.166666666666667,5.182939174701172,1.0,1200.0,1200.0,9.722222222222221,4.166666666666667,12.0935247409694,5.182939174701172,12.0935247409694,99999,0.15,4,0,0,50.389686420705836,1.9278656100156226
84,97642,6498,6497,50.389686420705836,10,1.0,None,"LINESTRING (83762.828125 447696.84375, 83709.0859375 447651.71875)",1200.0,9.722222222222221,4.166666666666667,5.182939174701172,1.0,1200.0,1200.0,9.722222222222221,4.166666666666667,12.0935247409694,5.182939174701172,12.0935247409694,99999,0.15,4,0,0,50.389686420705836,1.9278656100156226
85,97661,6496,6499,64.97810923681915,11,1.0,cycle_path,"LINESTRING (83653.1953125 447775.3125, 83632.7734375 447687.15625)",1500.0,11.11111111111111,4.166666666666667,5.848029831313724,1.0,1500.0,1500.0,11.11111111111111,4.166666666666667,15.594746216836596,5.848029831313724,15.594746216836596,99999,0.15,4,0,0,64.97810923681915,0.0
86,97662,6499,6496,64.97810923681915,11,1.0,cycle_path,"LINESTRING (83653.1953125 447775.3125, 83632.7734375 447687.15625)",1500.0,11.11111111111111,4.166666666666667,5.848029831313724,1.0,1500.0,1500.0,11.11111111111111,4.166666666666667,15.594746216836596,5.848029831313724,15.594746216836596,99999,0.15,4,0,0,64.97810923681915,0.0
87,97671,6498,6499,60.41703861374074,10,1.0,None,"LINESTRING (83709.0859375 447651.71875, 83632.7734375 447687.15625)",1200.0,9.722222222222221,4.166666666666667,6.214323971699049,1.0,1200.0,1200.0,9.722222222222221,4.166666666666667,14.500089267297778,6.214323971699049,14.500089267297778,99999,0.15,4,0,0,60.41703861374074,1.42066586012926
88,97672,6499,6498,60.41703861374074,10,1.0,None,"LINESTRING (83709.0859375 447651.71875, 83632.7734375 447687.15625)",1200.0,9.722222222222221,4.166666666666667,6.214323971699049,1.0,1200.0,1200.0,9.722222222222221,4.166666666666667,14.500089267297778,6.214323971699049,14.500089267297778,99999,0.15,4,0,0,60.41703861374074,1.42066586012926
89,97691,6485,6500,138.18857680754408,10,1.0,None,"LINESTRING (84694.6953125 448034.96875, 84814.4296875 447884.3125)",1200.0,9.722222222222221,4.166666666666667,14.21368218591882,1.0,1200.0,1200.0,9.722222222222221,4.166666666666667,33.16525843381058,14.21368218591882,33.16525843381058,99999,0.15,4,0,0,138.18857680754408,13.100362158210363
90,97692,6500,6485,138.18857680754408,10,1.0,None,"LINESTRING (84694.6953125 448034.96875, 84814.4296875 447884.3125)",1200.0,9.722222222222221,4.166666666666667,14.21368218591882,1.0,1200.0,1200.0,9.722222222222221,4.166666666666667,33.16525843381058,14.21368218591882,33.16525843381058,99999,0.15,4,0,0,138.18857680754408,13.100362158210363
91,97751,6500,6501,155.29693928848522,10,1.0,None,"LINESTRING (84814.4296875 447884.3125, 84644.75 447750.21875)",1200.0,9.722222222222221,4.166666666666667,15.973399469672767,1.0,1200.0,1200.0,9.722222222222221,4.166666666666667,37.27126542923645,15.973399469672767,37.27126542923645,99999,0.15,4,0,0,155.29693928848522,26.564374851595407
92,97752,6501,6500,155.29693928848522,10,1.0,None,"LINESTRING (84814.4296875 447884.3125, 84644.75 447750.21875)",1200.0,9.722222222222221,4.166666666666667,15.973399469672767,1.0,1200.0,1200.0,9.722222222222221,4.166666666666667,37.27126542923645,15.973399469672767,37.27126542923645,99999,0.15,4,0,0,155.29693928848522,26.564374851595407
93,97831,6488,6502,145.20161574740445,10,1.0,None,"LINESTRING (84192.9375 448217.6875, 84093.640625 448142.15625, 84032.4453125 448094.6875)",1200.0,9.722222222222221,4.166666666666667,14.935023334018744,1.0,1200.0,1200.0,9.722222222222221,4.166666666666667,34.84838777937706,14.935023334018744,34.84838777937706,99999,0.15,4,0,0,145.20161574740445,9.429884913734178
94,97832,6502,6488,145.20161574740445,10,1.0,None,"LINESTRING (84192.9375 448217.6875, 84093.640625 448142.15625, 84032.4453125 448094.6875)",1200.0,9.722222222222221,4.166666666666667,14.935023334018744,1.0,1200.0,1200.0,9.722222222222221,4.166666666666667,34.84838777937706,14.935023334018744,34.84838777937706,99999,0.15,4,0,0,145.20161574740445,9.429884913734178
95,97941,6486,6505,128.74993120546515,10,1.0,None,"LINESTRING (84438.3203125 447846.71875, 84331.2421875 447990.53125)",1200.0,9.722222222222221,4.166666666666667,13.242850066847845,1.0,1200.0,1200.0,9.722222222222221,4.166666666666667,30.899983489311634,13.242850066847845,30.899983489311634,99999,0.15,4,0,0,128.74993120546515,8.739160743472423
96,97942,6505,6486,128.74993120546515,10,1.0,None,"LINESTRING (84438.3203125 447846.71875, 84331.2421875 447990.53125)",1200.0,9.722222222222221,4.166666666666667,13.242850066847845,1.0,1200.0,1200.0,9.722222222222221,4.166666666666667,30.899983489311634,13.242850066847845,30.899983489311634,99999,0.15,4,0,0,128.74993120546515,8.739160743472423
97,97951,6487,6505,51.74325717681793,10,1.0,None,"LINESTRING (84292.34375 448051.1875, 84331.2421875 447990.53125)",1200.0,9.722222222222221,4.166666666666667,5.322163595329845,1.0,1200.0,1200.0,9.722222222222221,4.166666666666667,12.418381722436301,5.322163595329845,12.418381722436301,99999,0.15,4,0,0,51.74325717681793,52.05200699409133
98,97952,6505,6487,51.74325717681793,10,1.0,None,"LINESTRING (84292.34375 448051.1875, 84331.2421875 447990.53125)",1200.0,9.722222222222221,4.166666666666667,5.322163595329845,1.0,1200.0,1200.0,9.722222222222221,4.166666666666667,12.418381722436301,5.322163595329845,12.418381722436301,99999,0.15,4,0,0,51.74325717681793,52.05200699409133
99,97961,6503,6505,64.1973662878075,10,1.0,None,"LINESTRING (84255 447943.84375, 84331.2421875 447990.53125)",1200.0,9.722222222222221,4.166666666666667,6.603157675317343,1.0,1200.0,1200.0,9.722222222222221,4.166666666666667,15.407367909073798,6.603157675317343,15.407367909073798,99999,0.15,4,0,0,64.1973662878075,8.159266734572087
100,97962,6505,6503,64.1973662878075,10,1.0,None,"LINESTRING (84255 447943.84375, 84331.2421875 447990.53125)",1200.0,9.722222222222221,4.166666666666667,6.603157675317343,1.0,1200.0,1200.0,9.722222222222221,4.166666666666667,15.407367909073798,6.603157675317343,15.407367909073798,99999,0.15,4,0,0,64.1973662878075,8.159266734572087
101,97991,6486,6507,76.85762280530172,10,1.0,None,"LINESTRING (84438.3203125 447846.71875, 84529.109375 447790.03125)",1200.0,9.722222222222221,4.166666666666667,7.90535548854532,1.0,1200.0,1200.0,9.722222222222221,4.166666666666667,18.44582947327241,7.90535548854532,18.44582947327241,99999,0.15,4,0,0,76.85762280530172,33.678094310136046
102,97992,6507,6486,76.85762280530172,10,1.0,None,"LINESTRING (84438.3203125 447846.71875, 84529.109375 447790.03125)",1200.0,9.722222222222221,4.166666666666667,7.90535548854532,1.0,1200.0,1200.0,9.722222222222221,4.166666666666667,18.44582947327241,7.90535548854532,18.44582947327241,99999,0.15,4,0,0,76.85762280530172,33.678094310136046
103,98001,6501,6507,87.82134182125337,10,1.0,None,"LINESTRING (84644.75 447750.21875, 84586.6640625 447774.0625, 84529.109375 447790.03125)",1200.0,9.722222222222221,4.166666666666667,9.033052301614633,1.0,1200.0,1200.0,9.722222222222221,4.166666666666667,21.077122037100807,9.033052301614633,21.077122037100807,99999,0.15,4,0,0,87.82134182125337,11.749055097896486
104,98002,6507,6501,87.82134182125337,10,1.0,None,"LINESTRING (84644.75 447750.21875, 84586.6640625 447774.0625, 84529.109375 447790.03125)",1200.0,9.722222222222221,4.166666666666667,9.033052301614633,1.0,1200.0,1200.0,9.722222222222221,4.166666666666667,21.077122037100807,9.033052301614633,21.077122037100807,99999,0.15,4,0,0,87.82134182125337,11.749055097896486
105,98031,6502,6508,129.95222771800513,10,1.0,None,"LINESTRING (84032.4453125 448094.6875, 84103.6484375 447928.3125)",1200.0,9.722222222222221,4.166666666666667,13.366514850994815,1.0,1200.0,1200.0,9.722222222222221,4.166666666666667,31.18853465232123,13.366514850994815,31.18853465232123,99999,0.15,4,0,0,129.95222771800513,13.1158913361616
106,98032,6508,6502,129.95222771800513,10,1.0,None,"LINESTRING (84032.4453125 448094.6875, 84103.6484375 447928.3125)",1200.0,9.722222222222221,4.166666666666667,13.366514850994815,1.0,1200.0,1200.0,9.722222222222221,4.166666666666667,31.18853465232123,13.366514850994815,31.18853465232123,99999,0.15,4,0,0,129.95222771800513,13.1158913361616
107,98051,6476,6502,145.55283777585663,10,1.0,None,"LINESTRING (83946.6171875 448278.3125, 83994.984375 448175.125, 84032.4453125 448094.6875)",1200.0,9.722222222222221,4.166666666666667,14.971149028373826,1.0,1200.0,1200.0,9.722222222222221,4.166666666666667,34.93268106620559,14.971149028373826,34.93268106620559,99999,0.15,4,0,0,145.55283777585663,18.6093605874294
108,98052,6502,6476,145.55283777585663,10,1.0,None,"LINESTRING (83946.6171875 448278.3125, 83994.984375 448175.125, 84032.4453125 448094.6875)",1200.0,9.722222222222221,4.166666666666667,14.971149028373826,1.0,1200.0,1200.0,9.722222222222221,4.166666666666667,34.93268106620559,14.971149028373826,34.93268106620559,99999,0.15,4,0,0,145.55283777585663,18.6093605874294
109,98071,6508,6509,29.645728567971165,10,1.0,None,"LINESTRING (84103.6484375 447928.3125, 84123.1171875 447891.90625)",1200.0,9.722222222222221,4.166666666666667,3.0492749384198916,1.0,1200.0,1200.0,9.722222222222221,4.166666666666667,7.114974856313079,3.0492749384198916,7.114974856313079,99999,0.15,4,0,0,29.645728567971165,38.16521210237314
110,98072,6509,6508,29.645728567971165,10,1.0,None,"LINESTRING (84103.6484375 447928.3125, 84123.1171875 447891.90625)",1200.0,9.722222222222221,4.166666666666667,3.0492749384198916,1.0,1200.0,1200.0,9.722222222222221,4.166666666666667,7.114974856313079,3.0492749384198916,7.114974856313079,99999,0.15,4,0,0,29.645728567971165,38.16521210237314
111,98081,6503,6509,101.78117980798932,10,1.0,None,"LINESTRING (84255 447943.84375, 84123.1171875 447891.90625)",1200.0,9.722222222222221,4.166666666666667,10.468921351678903,1.0,1200.0,1200.0,9.722222222222221,4.166666666666667,24.427483153917436,10.468921351678903,24.427483153917436,99999,0.15,4,0,0,101.78117980798932,12.233575880579087
112,98082,6509,6503,101.78117980798932,10,1.0,None,"LINESTRING (84255 447943.84375, 84123.1171875 447891.90625)",1200.0,9.722222222222221,4.166666666666667,10.468921351678903,1.0,1200.0,1200.0,9.722222222222221,4.166666666666667,24.427483153917436,10.468921351678903,24.427483153917436,99999,0.15,4,0,0,101.78117980798932,12.233575880579087
113,98141,6510,6511,205.29984786563116,8,1.0,cycle_path,"LINESTRING (84061.6484375 447629.03125, 84198.1015625 447377.78125)",1800.0,13.88888888888889,4.166666666666667,14.781589046325443,1.0,1800.0,1800.0,13.88888888888889,4.166666666666667,49.27196348775148,14.781589046325443,49.27196348775148,99999,0.15,4,0,0,205.29984786563116,29.634259411766
114,98142,6511,6510,205.29984786563116,8,1.0,cycle_path,"LINESTRING (84061.6484375 447629.03125, 84198.1015625 447377.78125)",1800.0,13.88888888888889,4.166666666666667,14.781589046325443,1.0,1800.0,1800.0,13.88888888888889,4.166666666666667,49.27196348775148,14.781589046325443,49.27196348775148,99999,0.15,4,0,0,205.29984786563116,29.634259411766
115,98171,6511,6512,89.56897627684386,10,1.0,None,"LINESTRING (84198.1015625 447377.78125, 84295.8203125 447455.3125)",1200.0,9.722222222222221,4.166666666666667,9.212808988475368,1.0,1200.0,1200.0,9.722222222222221,4.166666666666667,21.496554306442523,9.212808988475368,21.496554306442523,99999,0.15,4,0,0,89.56897627684386,6.39457697683844
116,98172,6512,6511,89.56897627684386,10,1.0,None,"LINESTRING (84198.1015625 447377.78125, 84295.8203125 447455.3125)",1200.0,9.722222222222221,4.166666666666667,9.212808988475368,1.0,1200.0,1200.0,9.722222222222221,4.166666666666667,21.496554306442523,9.212808988475368,21.496554306442523,99999,0.15,4,0,0,89.56897627684386,6.39457697683844
117,98201,6512,6513,70.64712322660064,10,1.0,None,"LINESTRING (84295.8203125 447455.3125, 84260.0546875 447546.96875)",1200.0,9.722222222222221,4.166666666666667,7.266561246164638,1.0,1200.0,1200.0,9.722222222222221,4.166666666666667,16.955309574384152,7.266561246164638,16.955309574384152,99999,0.15,4,0,0,70.64712322660064,1.3226798829750521
118,98202,6513,6512,70.64712322660064,10,1.0,None,"LINESTRING (84295.8203125 447455.3125, 84260.0546875 447546.96875)",1200.0,9.722222222222221,4.166666666666667,7.266561246164638,1.0,1200.0,1200.0,9.722222222222221,4.166666666666667,16.955309574384152,7.266561246164638,16.955309574384152,99999,0.15,4,0,0,70.64712322660064,1.3226798829750521
119,98271,6511,6515,54.087127051364746,10,1.0,None,"LINESTRING (84198.1015625 447377.78125, 84129.578125 447346.5)",1200.0,9.722222222222221,4.166666666666667,5.56324735385466,1.0,1200.0,1200.0,9.722222222222221,4.166666666666667,12.980910492327538,5.56324735385466,12.980910492327538,99999,0.15,4,0,0,54.087127051364746,7.419969103494004
120,98272,6515,6511,54.087127051364746,10,1.0,None,"LINESTRING (84198.1015625 447377.78125, 84129.578125 447346.5)",1200.0,9.722222222222221,4.166666666666667,5.56324735385466,1.0,1200.0,1200.0,9.722222222222221,4.166666666666667,12.980910492327538,5.56324735385466,12.980910492327538,99999,0.15,4,0,0,54.087127051364746,7.419969103494004
121,98301,6515,6516,86.65202406434754,10,1.0,None,"LINESTRING (84129.578125 447346.5, 84139.984375 447403.21875, 84119.8046875 447466.78125)",1200.0,9.722222222222221,4.166666666666667,8.912779618047177,1.0,1200.0,1200.0,9.722222222222221,4.166666666666667,20.796485775443408,8.912779618047177,20.796485775443408,99999,0.15,4,0,0,86.65202406434754,5.169104003319565
122,98302,6516,6515,86.65202406434754,10,1.0,None,"LINESTRING (84129.578125 447346.5, 84139.984375 447403.21875, 84119.8046875 447466.78125)",1200.0,9.722222222222221,4.166666666666667,8.912779618047177,1.0,1200.0,1200.0,9.722222222222221,4.166666666666667,20.796485775443408,8.912779618047177,20.796485775443408,99999,0.15,4,0,0,86.65202406434754,5.169104003319565
123,98331,6515,6517,86.86343052076845,10,1.0,None,"LINESTRING (84129.578125 447346.5, 84012.703125 447377.71875)",1200.0,9.722222222222221,4.166666666666667,8.934524282136184,1.0,1200.0,1200.0,9.722222222222221,4.166666666666667,20.847223324984427,8.934524282136184,20.847223324984427,99999,0.15,4,0,0,86.86343052076845,8.866433692819486
124,98332,6517,6515,86.86343052076845,10,1.0,None,"LINESTRING (84129.578125 447346.5, 84012.703125 447377.71875)",1200.0,9.722222222222221,4.166666666666667,8.934524282136184,1.0,1200.0,1200.0,9.722222222222221,4.166666666666667,20.847223324984427,8.934524282136184,20.847223324984427,99999,0.15,4,0,0,86.86343052076845,8.866433692819486
125,98341,6516,6517,100.01960428905635,10,1.0,None,"LINESTRING (84119.8046875 447466.78125, 84012.703125 447377.71875)",1200.0,9.722222222222221,4.166666666666667,10.287730726874369,1.0,1200.0,1200.0,9.722222222222221,4.166666666666667,24.004705029373522,10.287730726874369,24.004705029373522,99999,0.15,4,0,0,100.01960428905635,7.157208746071481
126,98342,6517,6516,100.01960428905635,10,1.0,None,"LINESTRING (84119.8046875 447466.78125, 84012.703125 447377.71875)",1200.0,9.722222222222221,4.166666666666667,10.287730726874369,1.0,1200.0,1200.0,9.722222222222221,4.166666666666667,24.004705029373522,10.287730726874369,24.004705029373522,99999,0.15,4,0,0,100.01960428905635,7.157208746071481
127,98351,6498,6518,287.23452548402093,10,1.0,None,"LINESTRING (83709.0859375 447651.71875, 83933.109375 447320.3125)",1200.0,9.722222222222221,4.166666666666667,29.544122621213585,1.0,1200.0,1200.0,9.722222222222221,4.166666666666667,68.93628611616502,29.544122621213585,68.93628611616502,99999,0.15,4,0,0,287.23452548402093,11.787642587783623
128,98352,6518,6498,287.23452548402093,10,1.0,None,"LINESTRING (83709.0859375 447651.71875, 83933.109375 447320.3125)",1200.0,9.722222222222221,4.166666666666667,29.544122621213585,1.0,1200.0,1200.0,9.722222222222221,4.166666666666667,68.93628611616502,29.544122621213585,68.93628611616502,99999,0.15,4,0,0,287.23452548402093,11.787642587783623
129,98371,6517,6518,70.46555877970977,10,1.0,None,"LINESTRING (84012.703125 447377.71875, 83933.109375 447320.3125)",1200.0,9.722222222222221,4.166666666666667,7.247886045913005,1.0,1200.0,1200.0,9.722222222222221,4.166666666666667,16.911734107130343,7.247886045913005,16.911734107130343,99999,0.15,4,0,0,70.46555877970977,0.0
130,98372,6518,6517,70.46555877970977,10,1.0,None,"LINESTRING (84012.703125 447377.71875, 83933.109375 447320.3125)",1200.0,9.722222222222221,4.166666666666667,7.247886045913005,1.0,1200.0,1200.0,9.722222222222221,4.166666666666667,16.911734107130343,7.247886045913005,16.911734107130343,99999,0.15,4,0,0,70.46555877970977,0.0
131,98581,6518,6524,118.43574783250631,10,1.0,None,"LINESTRING (83933.109375 447320.3125, 83800.9453125 447221.625)",1200.0,9.722222222222221,4.166666666666667,12.18196263420065,1.0,1200.0,1200.0,9.722222222222221,4.166666666666667,28.424579479801512,12.18196263420065,28.424579479801512,99999,0.15,4,0,0,118.43574783250631,0.0
132,98582,6524,6518,118.43574783250631,10,1.0,None,"LINESTRING (83933.109375 447320.3125, 83800.9453125 447221.625)",1200.0,9.722222222222221,4.166666666666667,12.18196263420065,1.0,1200.0,1200.0,9.722222222222221,4.166666666666667,28.424579479801512,12.18196263420065,28.424579479801512,99999,0.15,4,0,0,118.43574783250631,0.0
133,98621,6524,6525,148.0018009421785,10,1.0,None,"LINESTRING (83800.9453125 447221.625, 83639.53125 447093.4375)",1200.0,9.722222222222221,4.166666666666667,15.223042382624076,1.0,1200.0,1200.0,9.722222222222221,4.166666666666667,35.520432226122836,15.223042382624076,35.520432226122836,99999,0.15,4,0,0,148.0018009421785,0.0
134,98622,6525,6524,148.0018009421785,10,1.0,None,"LINESTRING (83800.9453125 447221.625, 83639.53125 447093.4375)",1200.0,9.722222222222221,4.166666666666667,15.223042382624076,1.0,1200.0,1200.0,9.722222222222221,4.166666666666667,35.520432226122836,15.223042382624076,35.520432226122836,99999,0.15,4,0,0,148.0018009421785,0.0
135,98691,6521,6527,113.93463537593563,10,1.0,None,"LINESTRING (84179.953125 447185.3125, 84168.3125 447027.0625)",1200.0,9.722222222222221,4.166666666666667,11.718991067239093,1.0,1200.0,1200.0,9.722222222222221,4.166666666666667,27.34431249022455,11.718991067239093,27.34431249022455,99999,0.15,4,0,0,113.93463537593563,17.459788191107943
136,98692,6527,6521,113.93463537593563,10,1.0,None,"LINESTRING (84179.953125 447185.3125, 84168.3125 447027.0625)",1200.0,9.722222222222221,4.166666666666667,11.718991067239093,1.0,1200.0,1200.0,9.722222222222221,4.166666666666667,27.34431249022455,11.718991067239093,27.34431249022455,99999,0.15,4,0,0,113.93463537593563,17.459788191107943
137,98751,6511,6528,103.52764619802717,8,1.0,cycle_path,"LINESTRING (84198.1015625 447377.78125, 84262.5625 447248.8125)",1800.0,13.88888888888889,4.166666666666667,7.453990526257956,1.0,1800.0,1800.0,13.88888888888889,4.166666666666667,24.84663508752652,7.453990526257956,24.84663508752652,99999,0.15,4,0,0,103.52764619802717,10.662006172281185
138,98752,6528,6511,103.52764619802717,8,1.0,cycle_path,"LINESTRING (84198.1015625 447377.78125, 84262.5625 447248.8125)",1800.0,13.88888888888889,4.166666666666667,7.453990526257956,1.0,1800.0,1800.0,13.88888888888889,4.166666666666667,24.84663508752652,7.453990526257956,24.84663508752652,99999,0.15,4,0,0,103.52764619802717,10.662006172281185
139,98831,6529,6530,93.01574613205693,10,1.0,None,"LINESTRING (84377.7421875 447278.78125, 84422.25 447157.125)",1200.0,9.722222222222221,4.166666666666667,9.567333887868713,1.0,1200.0,1200.0,9.722222222222221,4.166666666666667,22.32377907169366,9.567333887868713,22.32377907169366,99999,0.15,4,0,0,93.01574613205693,0.0
140,98832,6530,6529,93.01574613205693,10,1.0,None,"LINESTRING (84377.7421875 447278.78125, 84422.25 447157.125)",1200.0,9.722222222222221,4.166666666666667,9.567333887868713,1.0,1200.0,1200.0,9.722222222222221,4.166666666666667,22.32377907169366,9.567333887868713,22.32377907169366,99999,0.15,4,0,0,93.01574613205693,0.0
141,98871,6530,6531,57.6262952328453,10,1.0,None,"LINESTRING (84422.25 447157.125, 84492.53125 447195.875)",1200.0,9.722222222222221,4.166666666666667,5.92727608109266,1.0,1200.0,1200.0,9.722222222222221,4.166666666666667,13.830310855882871,5.92727608109266,13.830310855882871,99999,0.15,4,0,0,57.6262952328453,14.40298401222098
142,98872,6531,6530,57.6262952328453,10,1.0,None,"LINESTRING (84422.25 447157.125, 84492.53125 447195.875)",1200.0,9.722222222222221,4.166666666666667,5.92727608109266,1.0,1200.0,1200.0,9.722222222222221,4.166666666666667,13.830310855882871,5.92727608109266,13.830310855882871,99999,0.15,4,0,0,57.6262952328453,14.40298401222098
143,98901,6531,6532,122.2001733807647,10,1.0,None,"LINESTRING (84492.53125 447195.875, 84433.8515625 447355.625)",1200.0,9.722222222222221,4.166666666666667,12.569160690592941,1.0,1200.0,1200.0,9.722222222222221,4.166666666666667,29.328041611383526,12.569160690592941,29.328041611383526,99999,0.15,4,0,0,122.2001733807647,1.2896855311231643
144,98902,6532,6531,122.2001733807647,10,1.0,None,"LINESTRING (84492.53125 447195.875, 84433.8515625 447355.625)",1200.0,9.722222222222221,4.166666666666667,12.569160690592941,1.0,1200.0,1200.0,9.722222222222221,4.166666666666667,29.328041611383526,12.569160690592941,29.328041611383526,99999,0.15,4,0,0,122.2001733807647,1.2896855311231643
145,98911,6512,6533,111.51888855477512,10,1.0,None,"LINESTRING (84295.8203125 447455.3125, 84363.3828125 447315.46875)",1200.0,9.722222222222221,4.166666666666667,11.470514251348298,1.0,1200.0,1200.0,9.722222222222221,4.166666666666667,26.764533253146027,11.470514251348298,26.764533253146027,99999,0.15,4,0,0,111.51888855477512,0.0
146,98912,6533,6512,111.51888855477512,10,1.0,None,"LINESTRING (84295.8203125 447455.3125, 84363.3828125 447315.46875)",1200.0,9.722222222222221,4.166666666666667,11.470514251348298,1.0,1200.0,1200.0,9.722222222222221,4.166666666666667,26.764533253146027,11.470514251348298,26.764533253146027,99999,0.15,4,0,0,111.51888855477512,0.0
147,98921,6529,6533,28.288947543757466,10,1.0,None,"LINESTRING (84377.7421875 447278.78125, 84363.3828125 447315.46875)",1200.0,9.722222222222221,4.166666666666667,2.9097203187864826,1.0,1200.0,1200.0,9.722222222222221,4.166666666666667,6.789347410501791,2.9097203187864826,6.789347410501791,99999,0.15,4,0,0,28.288947543757466,0.0
148,98922,6533,6529,28.288947543757466,10,1.0,None,"LINESTRING (84377.7421875 447278.78125, 84363.3828125 447315.46875)",1200.0,9.722222222222221,4.166666666666667,2.9097203187864826,1.0,1200.0,1200.0,9.722222222222221,4.166666666666667,6.789347410501791,2.9097203187864826,6.789347410501791,99999,0.15,4,0,0,28.288947543757466,0.0
149,98931,6532,6533,58.238265349971,10,1.0,None,"LINESTRING (84433.8515625 447355.625, 84363.3828125 447315.46875)",1200.0,9.722222222222221,4.166666666666667,5.990221578854161,1.0,1200.0,1200.0,9.722222222222221,4.166666666666667,13.97718368399304,5.990221578854161,13.97718368399304,99999,0.15,4,0,0,58.238265349971,9.370276422997131
150,98932,6533,6532,58.238265349971,10,1.0,None,"LINESTRING (84433.8515625 447355.625, 84363.3828125 447315.46875)",1200.0,9.722222222222221,4.166666666666667,5.990221578854161,1.0,1200.0,1200.0,9.722222222222221,4.166666666666667,13.97718368399304,5.990221578854161,13.97718368399304,99999,0.15,4,0,0,58.238265349971,9.370276422997131
151,99021,6528,6538,21.135316700147605,8,1.0,cycle_path,"LINESTRING (84262.5625 447248.8125, 84278.25 447223.90625)",1800.0,13.88888888888889,4.166666666666667,1.5217428024106274,1.0,1800.0,1800.0,13.88888888888889,4.166666666666667,5.072476008035425,1.5217428024106274,5.072476008035425,99999,0.15,4,0,0,21.135316700147605,4.609115447331072
152,99022,6538,6528,21.135316700147605,8,1.0,cycle_path,"LINESTRING (84262.5625 447248.8125, 84278.25 447223.90625)",1800.0,13.88888888888889,4.166666666666667,1.5217428024106274,1.0,1800.0,1800.0,13.88888888888889,4.166666666666667,5.072476008035425,1.5217428024106274,5.072476008035425,99999,0.15,4,0,0,21.135316700147605,4.609115447331072
153,99041,6529,6538,81.58467159922415,10,1.0,None,"LINESTRING (84377.7421875 447278.78125, 84321.1328125 447255.65625, 84278.25 447223.90625)",1200.0,9.722222222222221,4.166666666666667,8.391566221634484,1.0,1200.0,1200.0,9.722222222222221,4.166666666666667,19.580321183813794,8.391566221634484,19.580321183813794,99999,0.15,4,0,0,81.58467159922415,7.062845567437861
154,99042,6538,6529,81.58467159922415,10,1.0,None,"LINESTRING (84377.7421875 447278.78125, 84321.1328125 447255.65625, 84278.25 447223.90625)",1200.0,9.722222222222221,4.166666666666667,8.391566221634484,1.0,1200.0,1200.0,9.722222222222221,4.166666666666667,19.580321183813794,8.391566221634484,19.580321183813794,99999,0.15,4,0,0,81.58467159922415,7.062845567437861
155,99071,6537,6539,190.5697555294956,8,1.0,cycle_path,"LINESTRING (84336.9921875 447102, 84425.7734375 446905.6875, 84463.6875 446868.78125)",1800.0,13.88888888888889,4.166666666666667,13.721022398123683,1.0,1800.0,1800.0,13.88888888888889,4.166666666666667,45.736741327078946,13.721022398123683,45.736741327078946,99999,0.15,4,0,0,190.5697555294956,2.855190625458995
156,99072,6539,6537,190.5697555294956,8,1.0,cycle_path,"LINESTRING (84336.9921875 447102, 84425.7734375 446905.6875, 84463.6875 446868.78125)",1800.0,13.88888888888889,4.166666666666667,13.721022398123683,1.0,1800.0,1800.0,13.88888888888889,4.166666666666667,45.736741327078946,13.721022398123683,45.736741327078946,99999,0.15,4,0,0,190.5697555294956,2.855190625458995
157,99101,6539,6540,65.26662179831507,8,1.0,cycle_path,"LINESTRING (84463.6875 446868.78125, 84533.9609375 446926.4375)",1800.0,13.88888888888889,4.166666666666667,4.699196769478685,1.0,1800.0,1800.0,13.88888888888889,4.166666666666667,15.663989231595616,4.699196769478685,15.663989231595616,99999,0.15,4,0,0,65.26662179831507,25.277563977566373
158,99102,6540,6539,65.26662179831507,8,1.0,cycle_path,"LINESTRING (84463.6875 446868.78125, 84533.9609375 446926.4375)",1800.0,13.88888888888889,4.166666666666667,4.699196769478685,1.0,1800.0,1800.0,13.88888888888889,4.166666666666667,15.663989231595616,4.699196769478685,15.663989231595616,99999,0.15,4,0,0,65.26662179831507,25.277563977566373
159,99181,6541,6542,64.6470120100007,8,1.0,cycle_path,"LINESTRING (84672.75 447050.59375, 84705.15625 447134.59375)",1800.0,13.88888888888889,4.166666666666667,4.65458486472005,1.0,1800.0,1800.0,13.88888888888889,4.166666666666667,15.515282882400165,4.65458486472005,15.515282882400165,99999,0.15,4,0,0,64.6470120100007,8.928558188666827
160,99182,6542,6541,64.6470120100007,8,1.0,cycle_path,"LINESTRING (84672.75 447050.59375, 84705.15625 447134.59375)",1800.0,13.88888888888889,4.166666666666667,4.65458486472005,1.0,1800.0,1800.0,13.88888888888889,4.166666666666667,15.515282882400165,4.65458486472005,15.515282882400165,99999,0.15,4,0,0,64.6470120100007,8.928558188666827
161,99211,6542,6543,115.61853564315258,8,1.0,cycle_path,"LINESTRING (84705.15625 447134.59375, 84764.65625 447191.375, 84829.9296875 447236.375)",1800.0,13.88888888888889,4.166666666666667,8.324534566306985,1.0,1800.0,1800.0,13.88888888888889,4.166666666666667,27.748448554356617,8.324534566306985,27.748448554356617,99999,0.15,4,0,0,115.61853564315258,0.0
162,99212,6543,6542,115.61853564315258,8,1.0,cycle_path,"LINESTRING (84705.15625 447134.59375, 84764.65625 447191.375, 84829.9296875 447236.375)",1800.0,13.88888888888889,4.166666666666667,8.324534566306985,1.0,1800.0,1800.0,13.88888888888889,4.166666666666667,27.748448554356617,8.324534566306985,27.748448554356617,99999,0.15,4,0,0,115.61853564315258,0.0
163,99291,6543,6546,90.3598190037637,8,1.0,cycle_path,"LINESTRING (84829.9296875 447236.375, 84890.71875 447126.1875)",1800.0,13.88888888888889,4.166666666666667,6.5059069682709865,1.0,1800.0,1800.0,13.88888888888889,4.166666666666667,21.68635656090329,6.5059069682709865,21.68635656090329,99999,0.15,4,0,0,90.3598190037637,0.100201081863065
164,99292,6546,6543,90.3598190037637,8,1.0,cycle_path,"LINESTRING (84829.9296875 447236.375, 84890.71875 447126.1875)",1800.0,13.88888888888889,4.166666666666667,6.5059069682709865,1.0,1800.0,1800.0,13.88888888888889,4.166666666666667,21.68635656090329,6.5059069682709865,21.68635656090329,99999,0.15,4,0,0,90.3598190037637,0.100201081863065
165,99321,6546,6547,102.43080595365292,8,1.0,cycle_path,"LINESTRING (84890.71875 447126.1875, 84948.765625 446995.875)",1800.0,13.88888888888889,4.166666666666667,7.3750180286630105,1.0,1800.0,1800.0,13.88888888888889,4.166666666666667,24.5833934288767,7.3750180286630105,24.5833934288767,99999,0.15,4,0,0,102.43080595365292,23.49415991455449
166,99322,6547,6546,102.43080595365292,8,1.0,cycle_path,"LINESTRING (84890.71875 447126.1875, 84948.765625 446995.875)",1800.0,13.88888888888889,4.166666666666667,7.3750180286630105,1.0,1800.0,1800.0,13.88888888888889,4.166666666666667,24.5833934288767,7.3750180286630105,24.5833934288767,99999,0.15,4,0,0,102.43080595365292,23.49415991455449
167,99371,6547,6549,40.79385347023063,8,1.0,cycle_path,"LINESTRING (84948.765625 446995.875, 84995.859375 446964.09375)",1800.0,13.88888888888889,4.166666666666667,2.9371574498566053,1.0,1800.0,1800.0,13.88888888888889,4.166666666666667,9.79052483285535,2.9371574498566053,9.79052483285535,99999,0.15,4,0,0,40.79385347023063,0.0
168,99372,6549,6547,40.79385347023063,8,1.0,cycle_path,"LINESTRING (84948.765625 446995.875, 84995.859375 446964.09375)",1800.0,13.88888888888889,4.166666666666667,2.9371574498566053,1.0,1800.0,1800.0,13.88888888888889,4.166666666666667,9.79052483285535,2.9371574498566053,9.79052483285535,99999,0.15,4,0,0,40.79385347023063,0.0
169,99411,6549,6550,99.02149852393707,8,1.0,cycle_path,"LINESTRING (84995.859375 446964.09375, 85091.15625 446864.40625)",1800.0,13.88888888888889,4.166666666666667,7.129547893723469,1.0,1800.0,1800.0,13.88888888888889,4.166666666666667,23.765159645744895,7.129547893723469,23.765159645744895,99999,0.15,4,0,0,99.02149852393707,4.055050658671538
170,99412,6550,6549,99.02149852393707,8,1.0,cycle_path,"LINESTRING (84995.859375 446964.09375, 85091.15625 446864.40625)",1800.0,13.88888888888889,4.166666666666667,7.129547893723469,1.0,1800.0,1800.0,13.88888888888889,4.166666666666667,23.765159645744895,7.129547893723469,23.765159645744895,99999,0.15,4,0,0,99.02149852393707,4.055050658671538
171,99441,6527,6551,161.7186142504515,10,1.0,None,"LINESTRING (84168.3125 447027.0625, 83989.46875 446890.15625)",1200.0,9.722222222222221,4.166666666666667,16.63391460861787,1.0,1200.0,1200.0,9.722222222222221,4.166666666666667,38.81246742010836,16.63391460861787,38.81246742010836,99999,0.15,4,0,0,161.7186142504515,1.059180634102651
172,99442,6551,6527,161.7186142504515,10,1.0,None,"LINESTRING (84168.3125 447027.0625, 83989.46875 446890.15625)",1200.0,9.722222222222221,4.166666666666667,16.63391460861787,1.0,1200.0,1200.0,9.722222222222221,4.166666666666667,38.81246742010836,16.63391460861787,38.81246742010836,99999,0.15,4,0,0,161.7186142504515,1.059180634102651
173,99471,6551,6552,79.31212858544565,10,1.0,None,"LINESTRING (83989.46875 446890.15625, 84046.25 446795.40625)",1200.0,9.722222222222221,4.166666666666667,8.157818940217268,1.0,1200.0,1200.0,9.722222222222221,4.166666666666667,19.034910860506955,8.157818940217268,19.034910860506955,99999,0.15,4,0,0,79.31212858544565,4.273189099446344
174,99472,6552,6551,79.31212858544565,10,1.0,None,"LINESTRING (83989.46875 446890.15625, 84046.25 446795.40625)",1200.0,9.722222222222221,4.166666666666667,8.157818940217268,1.0,1200.0,1200.0,9.722222222222221,4.166666666666667,19.034910860506955,8.157818940217268,19.034910860506955,99999,0.15,4,0,0,79.31212858544565,4.273189099446344
175,99561,6531,6555,96.14028568932117,10,1.0,None,"LINESTRING (84492.53125 447195.875, 84607.03125 447265.28125)",1200.0,9.722222222222221,4.166666666666667,9.888715099473036,1.0,1200.0,1200.0,9.722222222222221,4.166666666666667,23.07366856543708,9.888715099473036,23.07366856543708,99999,0.15,4,0,0,96.14028568932117,12.002214842999072
176,99562,6555,6531,96.14028568932117,10,1.0,None,"LINESTRING (84492.53125 447195.875, 84607.03125 447265.28125)",1200.0,9.722222222222221,4.166666666666667,9.888715099473036,1.0,1200.0,1200.0,9.722222222222221,4.166666666666667,23.07366856543708,9.888715099473036,23.07366856543708,99999,0.15,4,0,0,96.14028568932117,12.002214842999072
177,99601,6555,6556,142.86010511087707,10,1.0,None,"LINESTRING (84607.03125 447265.28125, 84621.265625 447183.125, 84623.4609375 447067)",1200.0,9.722222222222221,4.166666666666667,14.694182239975929,1.0,1200.0,1200.0,9.722222222222221,4.166666666666667,34.2864252266105,14.694182239975929,34.2864252266105,99999,0.15,4,0,0,142.86010511087707,10.51633850106127
178,99602,6556,6555,142.86010511087707,10,1.0,None,"LINESTRING (84607.03125 447265.28125, 84621.265625 447183.125, 84623.4609375 447067)",1200.0,9.722222222222221,4.166666666666667,14.694182239975929,1.0,1200.0,1200.0,9.722222222222221,4.166666666666667,34.2864252266105,14.694182239975929,34.2864252266105,99999,0.15,4,0,0,142.86010511087707,10.51633850106127
179,99661,6556,6558,69.61845056286987,10,1.0,None,"LINESTRING (84623.4609375 447067, 84592.7890625 447031.9375, 84558.8359375 446994.71875)",1200.0,9.722222222222221,4.166666666666667,7.160754915038044,1.0,1200.0,1200.0,9.722222222222221,4.166666666666667,16.708428135088766,7.160754915038044,16.708428135088766,99999,0.15,4,0,0,69.61845056286987,10.833955396642432
180,99662,6558,6556,69.61845056286987,10,1.0,None,"LINESTRING (84623.4609375 447067, 84592.7890625 447031.9375, 84558.8359375 446994.71875)",1200.0,9.722222222222221,4.166666666666667,7.160754915038044,1.0,1200.0,1200.0,9.722222222222221,4.166666666666667,16.708428135088766,7.160754915038044,16.708428135088766,99999,0.15,4,0,0,69.61845056286987,10.833955396642432
181,99701,6530,6540,184.03822837501932,10,1.0,None,"LINESTRING (84422.25 447157.125, 84497.9296875 446984.125, 84533.9609375 446926.4375)",1200.0,9.722222222222221,4.166666666666667,18.929646347144846,1.0,1200.0,1200.0,9.722222222222221,4.166666666666667,44.169174810004634,18.929646347144846,44.169174810004634,99999,0.15,4,0,0,184.03822837501932,14.894043427065343
182,99702,6540,6530,184.03822837501932,16,,cycle_path,"LINESTRING (84422.25 447157.125, 84497.9296875 446984.125, 84533.9609375 446926.4375)",,,4.166666666666667,,,,,,4.166666666666667,44.169174810004634,,44.169174810004634,99999,0.15,4,0,0,184.03822837501932,14.894043427065343
183,99741,6532,6560,146.00011283461072,10,1.0,None,"LINESTRING (84433.8515625 447355.625, 84362.6875 447546.09375)",1200.0,9.722222222222221,4.166666666666667,15.017154462988533,1.0,1200.0,1200.0,9.722222222222221,4.166666666666667,35.04002708030657,15.017154462988533,35.04002708030657,99999,0.15,4,0,0,146.00011283461072,3.888159985770016
184,99742,6560,6532,146.00011283461072,10,1.0,None,"LINESTRING (84433.8515625 447355.625, 84362.6875 447546.09375)",1200.0,9.722222222222221,4.166666666666667,15.017154462988533,1.0,1200.0,1200.0,9.722222222222221,4.166666666666667,35.04002708030657,15.017154462988533,35.04002708030657,99999,0.15,4,0,0,146.00011283461072,3.888159985770016
185,99791,6555,6561,156.4704758910803,10,1.0,None,"LINESTRING (84607.03125 447265.28125, 84596.15625 447302.21875, 84761.796875 447418.6875)",1200.0,9.722222222222221,4.166666666666667,16.094106091653973,1.0,1200.0,1200.0,9.722222222222221,4.166666666666667,37.55291421385927,16.094106091653973,37.55291421385927,99999,0.15,4,0,0,156.4704758910803,2.8831916308996055
186,99792,6561,6555,156.4704758910803,10,1.0,None,"LINESTRING (84607.03125 447265.28125, 84596.15625 447302.21875, 84761.796875 447418.6875)",1200.0,9.722222222222221,4.166666666666667,16.094106091653973,1.0,1200.0,1200.0,9.722222222222221,4.166666666666667,37.55291421385927,16.094106091653973,37.55291421385927,99999,0.15,4,0,0,156.4704758910803,2.8831916308996055
187,99821,6561,6562,73.28582358145123,10,1.0,None,"LINESTRING (84761.796875 447418.6875, 84806.453125 447455.40625, 84856.1015625 447379.65625)",1200.0,9.722222222222221,4.166666666666667,7.537970425520698,1.0,1200.0,1200.0,9.722222222222221,4.166666666666667,17.58859765954829,7.537970425520698,17.58859765954829,99999,0.15,4,0,0,73.28582358145123,5.116565088724757
188,99822,6562,6561,73.28582358145123,10,1.0,None,"LINESTRING (84761.796875 447418.6875, 84806.453125 447455.40625, 84856.1015625 447379.65625)",1200.0,9.722222222222221,4.166666666666667,7.537970425520698,1.0,1200.0,1200.0,9.722222222222221,4.166666666666667,17.58859765954829,7.537970425520698,17.58859765954829,99999,0.15,4,0,0,73.28582358145123,5.116565088724757
189,99831,6543,6563,73.51139464882174,10,1.0,None,"LINESTRING (84829.9296875 447236.375, 84836.5078125 447273.78125, 84815.6015625 447314.3125, 84791 447331.0625)",1200.0,9.722222222222221,4.166666666666667,7.561172021021664,1.0,1200.0,1200.0,9.722222222222221,4.166666666666667,17.642734715717214,7.561172021021664,17.642734715717214,99999,0.15,4,0,0,73.51139464882174,0.0013291903820872985
190,99832,6563,6543,73.51139464882174,10,1.0,None,"LINESTRING (84829.9296875 447236.375, 84836.5078125 447273.78125, 84815.6015625 447314.3125, 84791 447331.0625)",1200.0,9.722222222222221,4.166666666666667,7.561172021021664,1.0,1200.0,1200.0,9.722222222222221,4.166666666666667,17.642734715717214,7.561172021021664,17.642734715717214,99999,0.15,4,0,0,73.51139464882174,0.0013291903820872985
191,99841,6542,6563,153.94982369805868,10,1.0,None,"LINESTRING (84705.15625 447134.59375, 84701.9296875 447187.5625, 84710.46875 447231.0625, 84726.7578125 447290.75, 84765.9453125 447332.59375, 84791 447331.0625)",1200.0,9.722222222222221,4.166666666666667,15.83483900894318,1.0,1200.0,1200.0,9.722222222222221,4.166666666666667,36.94795768753408,15.83483900894318,36.94795768753408,99999,0.15,4,0,0,153.94982369805868,7.475692531089782
192,99842,6563,6542,153.94982369805868,10,1.0,None,"LINESTRING (84705.15625 447134.59375, 84701.9296875 447187.5625, 84710.46875 447231.0625, 84726.7578125 447290.75, 84765.9453125 447332.59375, 84791 447331.0625)",1200.0,9.722222222222221,4.166666666666667,15.83483900894318,1.0,1200.0,1200.0,9.722222222222221,4.166666666666667,36.94795768753408,15.83483900894318,36.94795768753408,99999,0.15,4,0,0,153.94982369805868,7.475692531089782
193,99851,6562,6563,58.332266690126865,10,1.0,None,"LINESTRING (84856.1015625 447379.65625, 84791 447331.0625)",1200.0,9.722222222222221,4.166666666666667,5.999890288127335,1.0,1200.0,1200.0,9.722222222222221,4.166666666666667,13.999744005630447,5.999890288127335,13.999744005630447,99999,0.15,4,0,0,58.332266690126865,7.306892621614981
194,99852,6563,6562,58.332266690126865,10,1.0,None,"LINESTRING (84856.1015625 447379.65625, 84791 447331.0625)",1200.0,9.722222222222221,4.166666666666667,5.999890288127335,1.0,1200.0,1200.0,9.722222222222221,4.166666666666667,13.999744005630447,5.999890288127335,13.999744005630447,99999,0.15,4,0,0,58.332266690126865,7.306892621614981
195,99971,6560,6568,88.16469528167462,10,1.0,None,"LINESTRING (84362.6875 447546.09375, 84467.125 447610.65625)",1200.0,9.722222222222221,4.166666666666667,9.068368657543676,1.0,1200.0,1200.0,9.722222222222221,4.166666666666667,21.159526867601908,9.068368657543676,21.159526867601908,99999,0.15,4,0,0,88.16469528167462,19.7169808086123
196,99972,6568,6560,88.16469528167462,10,1.0,None,"LINESTRING (84362.6875 447546.09375, 84467.125 447610.65625)",1200.0,9.722222222222221,4.166666666666667,9.068368657543676,1.0,1200.0,1200.0,9.722222222222221,4.166666666666667,21.159526867601908,9.068368657543676,21.159526867601908,99999,0.15,4,0,0,88.16469528167462,19.7169808086123
197,100061,6509,6513,266.49182090953786,10,1.0,None,"LINESTRING (84123.1171875 447891.90625, 84241.4140625 447591.34375, 84260.0546875 447546.96875)",1200.0,9.722222222222221,4.166666666666667,27.410587293552467,1.0,1200.0,1200.0,9.722222222222221,4.166666666666667,63.95803701828908,27.410587293552467,63.95803701828908,99999,0.15,4,0,0,266.49182090953786,3.142106212285823
198,100062,6513,6509,266.49182090953786,10,1.0,None,"LINESTRING (84123.1171875 447891.90625, 84241.4140625 447591.34375, 84260.0546875 447546.96875)",1200.0,9.722222222222221,4.166666666666667,27.410587293552467,1.0,1200.0,1200.0,9.722222222222221,4.166666666666667,63.95803701828908,27.410587293552467,63.95803701828908,99999,0.15,4,0,0,266.49182090953786,3.142106212285823
199,100081,6501,6572,50.35748184564657,10,1.0,None,"LINESTRING (84644.75 447750.21875, 84591.6796875 447704.375)",1200.0,9.722222222222221,4.166666666666667,5.179626704123647,1.0,1200.0,1200.0,9.722222222222221,4.166666666666667,12.085795642955176,5.179626704123647,12.085795642955176,99999,0.15,4,0,0,50.35748184564657,29.772236238896614
200,100082,6572,6501,50.35748184564657,10,1.0,None,"LINESTRING (84644.75 447750.21875, 84591.6796875 447704.375)",1200.0,9.722222222222221,4.166666666666667,5.179626704123647,1.0,1200.0,1200.0,9.722222222222221,4.166666666666667,12.085795642955176,5.179626704123647,12.085795642955176,99999,0.15,4,0,0,50.35748184564657,29.772236238896614
201,100101,6568,6573,56.06503076335626,10,1.0,None,"LINESTRING (84467.125 447610.65625, 84528.1640625 447659.34375)",1200.0,9.722222222222221,4.166666666666667,5.766688878516645,1.0,1200.0,1200.0,9.722222222222221,4.166666666666667,13.455607383205502,5.766688878516645,13.455607383205502,99999,0.15,4,0,0,56.06503076335626,26.050910609615485
202,100102,6573,6568,56.06503076335626,10,1.0,None,"LINESTRING (84467.125 447610.65625, 84528.1640625 447659.34375)",1200.0,9.722222222222221,4.166666666666667,5.766688878516645,1.0,1200.0,1200.0,9.722222222222221,4.166666666666667,13.455607383205502,5.766688878516645,13.455607383205502,99999,0.15,4,0,0,56.06503076335626,26.050910609615485
203,100111,6572,6573,55.907813990445575,10,1.0,None,"LINESTRING (84591.6796875 447704.375, 84528.1640625 447659.34375)",1200.0,9.722222222222221,4.166666666666667,5.750518010445831,1.0,1200.0,1200.0,9.722222222222221,4.166666666666667,13.417875357706937,5.750518010445831,13.417875357706937,99999,0.15,4,0,0,55.907813990445575,32.07224558158098
204,100112,6573,6572,55.907813990445575,10,1.0,None,"LINESTRING (84591.6796875 447704.375, 84528.1640625 447659.34375)",1200.0,9.722222222222221,4.166666666666667,5.750518010445831,1.0,1200.0,1200.0,9.722222222222221,4.166666666666667,13.417875357706937,5.750518010445831,13.417875357706937,99999,0.15,4,0,0,55.907813990445575,32.07224558158098
205,100121,6560,6574,35.14754959400595,10,1.0,None,"LINESTRING (84362.6875 447546.09375, 84344.40625 447591.5)",1200.0,9.722222222222221,4.166666666666667,3.615176529669184,1.0,1200.0,1200.0,9.722222222222221,4.166666666666667,8.435411902561428,3.615176529669184,8.435411902561428,99999,0.15,4,0,0,35.14754959400595,7.903209418328432
206,100122,6574,6560,35.14754959400595,10,1.0,None,"LINESTRING (84362.6875 447546.09375, 84344.40625 447591.5)",1200.0,9.722222222222221,4.166666666666667,3.615176529669184,1.0,1200.0,1200.0,9.722222222222221,4.166666666666667,8.435411902561428,3.615176529669184,8.435411902561428,99999,0.15,4,0,0,35.14754959400595,7.903209418328432
207,100141,6513,6574,68.49142959049108,10,1.0,None,"LINESTRING (84260.0546875 447546.96875, 84344.40625 447591.5)",1200.0,9.722222222222221,4.166666666666667,7.0448327578790835,1.0,1200.0,1200.0,9.722222222222221,4.166666666666667,16.43794310171786,7.0448327578790835,16.43794310171786,99999,0.15,4,0,0,68.49142959049108,7.158780448889217
208,100142,6574,6513,68.49142959049108,10,1.0,None,"LINESTRING (84260.0546875 447546.96875, 84344.40625 447591.5)",1200.0,9.722222222222221,4.166666666666667,7.0448327578790835,1.0,1200.0,1200.0,9.722222222222221,4.166666666666667,16.43794310171786,7.0448327578790835,16.43794310171786,99999,0.15,4,0,0,68.49142959049108,7.158780448889217
209,100161,6566,6572,63.06276665177242,10,1.0,None,"LINESTRING (84620.203125 447621.3125, 84620.046875 447667.96875, 84591.6796875 447704.375)",1200.0,9.722222222222221,4.166666666666667,6.486455998468021,1.0,1200.0,1200.0,9.722222222222221,4.166666666666667,15.13506399642538,6.486455998468021,15.13506399642538,99999,0.15,4,0,0,63.06276665177242,9.103884851403826
210,100162,6572,6566,63.06276665177242,10,1.0,None,"LINESTRING (84620.203125 447621.3125, 84620.046875 447667.96875, 84591.6796875 447704.375)",1200.0,9.722222222222221,4.166666666666667,6.486455998468021,1.0,1200.0,1200.0,9.722222222222221,4.166666666666667,15.13506399642538,6.486455998468021,15.13506399642538,99999,0.15,4,0,0,63.06276665177242,9.103884851403826
211,100201,6573,6575,72.0950795845945,10,1.0,None,"LINESTRING (84528.1640625 447659.34375, 84502.265625 447674.15625, 84485 447708.0625, 84468.3515625 447701.90625, 84453.1640625 447726.09375)",1200.0,9.722222222222221,4.166666666666667,7.415493900129721,1.0,1200.0,1200.0,9.722222222222221,4.166666666666667,17.302819100302678,7.415493900129721,17.302819100302678,99999,0.15,4,0,0,72.0950795845945,24.382799690800177
212,100202,6575,6573,72.0950795845945,10,1.0,None,"LINESTRING (84528.1640625 447659.34375, 84502.265625 447674.15625, 84485 447708.0625, 84468.3515625 447701.90625, 84453.1640625 447726.09375)",1200.0,9.722222222222221,4.166666666666667,7.415493900129721,1.0,1200.0,1200.0,9.722222222222221,4.166666666666667,17.302819100302678,7.415493900129721,17.302819100302678,99999,0.15,4,0,0,72.0950795845945,24.382799690800177
213,100211,6566,6568,110.18521107657867,10,1.0,None,"LINESTRING (84620.203125 447621.3125, 84556.2890625 447575, 84503.3984375 447539.03125, 84467.125 447610.65625)",1200.0,9.722222222222221,4.166666666666667,11.333335996448092,1.0,1200.0,1200.0,9.722222222222221,4.166666666666667,26.44445065837888,11.333335996448092,26.44445065837888,99999,0.15,4,0,0,110.18521107657867,11.694120460211476
214,100212,6568,6566,110.18521107657867,10,1.0,None,"LINESTRING (84620.203125 447621.3125, 84556.2890625 447575, 84503.3984375 447539.03125, 84467.125 447610.65625)",1200.0,9.722222222222221,4.166666666666667,11.333335996448092,1.0,1200.0,1200.0,9.722222222222221,4.166666666666667,26.44445065837888,11.333335996448092,26.44445065837888,99999,0.15,4,0,0,110.18521107657867,11.694120460211476
215,100221,6507,6575,71.28684177808249,10,1.0,None,"LINESTRING (84529.109375 447790.03125, 84508.328125 447762.875, 84453.1640625 447726.09375)",1200.0,9.722222222222221,4.166666666666667,7.332360868602771,1.0,1200.0,1200.0,9.722222222222221,4.166666666666667,17.108842026739797,7.332360868602771,17.108842026739797,99999,0.15,4,0,0,71.28684177808249,22.071519453892115
216,100222,6575,6507,71.28684177808249,10,1.0,None,"LINESTRING (84529.109375 447790.03125, 84508.328125 447762.875, 84453.1640625 447726.09375)",1200.0,9.722222222222221,4.166666666666667,7.332360868602771,1.0,1200.0,1200.0,9.722222222222221,4.166666666666667,17.108842026739797,7.332360868602771,17.108842026739797,99999,0.15,4,0,0,71.28684177808249,22.071519453892115
217,100231,6574,6575,124.25528853919897,10,1.0,None,"LINESTRING (84344.40625 447591.5, 84321.2578125 447645.375, 84453.1640625 447726.09375)",1200.0,9.722222222222221,4.166666666666667,12.780543964031896,1.0,1200.0,1200.0,9.722222222222221,4.166666666666667,29.821269249407752,12.780543964031896,29.821269249407752,99999,0.15,4,0,0,124.25528853919897,7.734795721305226
218,100232,6575,6574,124.25528853919897,10,1.0,None,"LINESTRING (84344.40625 447591.5, 84321.2578125 447645.375, 84453.1640625 447726.09375)",1200.0,9.722222222222221,4.166666666666667,12.780543964031896,1.0,1200.0,1200.0,9.722222222222221,4.166666666666667,29.821269249407752,12.780543964031896,29.821269249407752,99999,0.15,4,0,0,124.25528853919897,7.734795721305226
219,100251,6473,6576,461.49903169515846,10,1.0,None,"LINESTRING (84449.03125 448450.34375, 84838 447938.75)",1200.0,9.722222222222221,4.166666666666667,47.468471831502015,1.0,1200.0,1200.0,9.722222222222221,4.166666666666667,110.75976760683803,47.468471831502015,110.75976760683803,99999,0.15,4,0,0,461.49903169515846,18.461991763493852
220,100252,6576,6473,461.49903169515846,10,1.0,None,"LINESTRING (84449.03125 448450.34375, 84838 447938.75)",1200.0,9.722222222222221,4.166666666666667,47.468471831502015,1.0,1200.0,1200.0,9.722222222222221,4.166666666666667,110.75976760683803,47.468471831502015,110.75976760683803,99999,0.15,4,0,0,461.49903169515846,18.461991763493852
221,100311,6576,6577,102.35863567769096,10,1.0,None,"LINESTRING (84838 447938.75, 84952.2421875 448024)",1200.0,9.722222222222221,4.166666666666667,10.5283168125625,1.0,1200.0,1200.0,9.722222222222221,4.166666666666667,24.56607256264583,10.5283168125625,24.56607256264583,99999,0.15,4,0,0,102.35863567769096,10.718053465869962
222,100312,6577,6576,102.35863567769096,10,1.0,None,"LINESTRING (84838 447938.75, 84952.2421875 448024)",1200.0,9.722222222222221,4.166666666666667,10.5283168125625,1.0,1200.0,1200.0,9.722222222222221,4.166666666666667,24.56607256264583,10.5283168125625,24.56607256264583,99999,0.15,4,0,0,102.35863567769096,10.718053465869962
223,100331,6576,6578,22.564808403753627,10,1.0,None,"LINESTRING (84838 447938.75, 84855.2265625 447912.46875)",1200.0,9.722222222222221,4.166666666666667,2.3209517215289446,1.0,1200.0,1200.0,9.722222222222221,4.166666666666667,5.41555401690087,2.3209517215289446,5.41555401690087,99999,0.15,4,0,0,22.564808403753627,0.0
224,100332,6578,6576,22.564808403753627,10,1.0,None,"LINESTRING (84838 447938.75, 84855.2265625 447912.46875)",1200.0,9.722222222222221,4.166666666666667,2.3209517215289446,1.0,1200.0,1200.0,9.722222222222221,4.166666666666667,5.41555401690087,2.3209517215289446,5.41555401690087,99999,0.15,4,0,0,22.564808403753627,0.0
225,100341,6500,6578,35.59496972715537,10,1.0,None,"LINESTRING (84814.4296875 447884.3125, 84855.2265625 447912.46875)",1200.0,9.722222222222221,4.166666666666667,3.661196886221696,1.0,1200.0,1200.0,9.722222222222221,4.166666666666667,8.542792734517288,3.661196886221696,8.542792734517288,99999,0.15,4,0,0,35.59496972715537,0.0
226,100342,6578,6500,35.59496972715537,10,1.0,None,"LINESTRING (84814.4296875 447884.3125, 84855.2265625 447912.46875)",1200.0,9.722222222222221,4.166666666666667,3.661196886221696,1.0,1200.0,1200.0,9.722222222222221,4.166666666666667,8.542792734517288,3.661196886221696,8.542792734517288,99999,0.15,4,0,0,35.59496972715537,0.0
227,100371,6578,6579,138.08059169739073,10,1.0,None,"LINESTRING (84855.2265625 447912.46875, 84987.4765625 447772.875)",1200.0,9.722222222222221,4.166666666666667,14.202575146017333,1.0,1200.0,1200.0,9.722222222222221,4.166666666666667,33.13934200737377,14.202575146017333,33.13934200737377,99999,0.15,4,0,0,138.08059169739073,0.0
228,100372,6579,6578,138.08059169739073,10,1.0,None,"LINESTRING (84855.2265625 447912.46875, 84987.4765625 447772.875)",1200.0,9.722222222222221,4.166666666666667,14.202575146017333,1.0,1200.0,1200.0,9.722222222222221,4.166666666666667,33.13934200737377,14.202575146017333,33.13934200737377,99999,0.15,4,0,0,138.08059169739073,0.0
229,100411,6579,6580,48.80988381614217,10,1.0,None,"LINESTRING (84987.4765625 447772.875, 85040.625 447815.25)",1200.0,9.722222222222221,4.166666666666667,5.020445192517481,1.0,1200.0,1200.0,9.722222222222221,4.166666666666667,11.71437211587412,5.020445192517481,11.71437211587412,99999,0.15,4,0,0,48.80988381614217,0.0
230,100412,6580,6579,48.80988381614217,10,1.0,None,"LINESTRING (84987.4765625 447772.875, 85040.625 447815.25)",1200.0,9.722222222222221,4.166666666666667,5.020445192517481,1.0,1200.0,1200.0,9.722222222222221,4.166666666666667,11.71437211587412,5.020445192517481,11.71437211587412,99999,0.15,4,0,0,48.80988381614217,0.0
231,100451,6580,6581,184.94625838629133,10,1.0,None,"LINESTRING (85040.625 447815.25, 85247.046875 447969.28125)",1200.0,9.722222222222221,4.166666666666667,19.023043719732826,1.0,1200.0,1200.0,9.722222222222221,4.166666666666667,44.38710201270992,19.023043719732826,44.38710201270992,99999,0.15,4,0,0,184.94625838629133,17.56705166151491
232,100452,6581,6580,184.94625838629133,10,1.0,None,"LINESTRING (85040.625 447815.25, 85247.046875 447969.28125)",1200.0,9.722222222222221,4.166666666666667,19.023043719732826,1.0,1200.0,1200.0,9.722222222222221,4.166666666666667,44.38710201270992,19.023043719732826,44.38710201270992,99999,0.15,4,0,0,184.94625838629133,17.56705166151491
233,100481,6581,6582,207.28944298508296,10,1.0,None,"LINESTRING (85247.046875 447969.28125, 85278.7890625 447931.25, 85331.359375 447887.53125, 85368.9140625 447847.25, 85427.7421875 447744.15625)",1200.0,9.722222222222221,4.166666666666667,21.32119984989425,1.0,1200.0,1200.0,9.722222222222221,4.166666666666667,49.749466316419905,21.32119984989425,49.749466316419905,99999,0.15,4,0,0,207.28944298508296,25.29534031276592
234,100482,6582,6581,207.28944298508296,10,1.0,None,"LINESTRING (85247.046875 447969.28125, 85278.7890625 447931.25, 85331.359375 447887.53125, 85368.9140625 447847.25, 85427.7421875 447744.15625)",1200.0,9.722222222222221,4.166666666666667,21.32119984989425,1.0,1200.0,1200.0,9.722222222222221,4.166666666666667,49.749466316419905,21.32119984989425,49.749466316419905,99999,0.15,4,0,0,207.28944298508296,25.29534031276592
235,100511,6580,6583,101.81026315620315,8,1.0,cycle_path,"LINESTRING (85040.625 447815.25, 85089.15625 447682.03125)",1800.0,13.88888888888889,4.166666666666667,7.330338947246626,1.0,1800.0,1800.0,13.88888888888889,4.166666666666667,24.434463157488754,7.330338947246626,24.434463157488754,99999,0.15,4,0,0,101.81026315620315,9.504201266463614
236,100512,6583,6580,101.81026315620315,8,1.0,cycle_path,"LINESTRING (85040.625 447815.25, 85089.15625 447682.03125)",1800.0,13.88888888888889,4.166666666666667,7.330338947246626,1.0,1800.0,1800.0,13.88888888888889,4.166666666666667,24.434463157488754,7.330338947246626,24.434463157488754,99999,0.15,4,0,0,101.81026315620315,9.504201266463614
237,100521,6579,6583,97.90862091190976,10,1.0,None,"LINESTRING (84987.4765625 447772.875, 85056.8046875 447691.3125, 85089.15625 447682.03125)",1200.0,9.722222222222221,4.166666666666667,10.070601008082148,1.0,1200.0,1200.0,9.722222222222221,4.166666666666667,23.49806901885834,10.070601008082148,23.49806901885834,99999,0.15,4,0,0,97.90862091190976,6.231292874427315
238,100522,6583,6579,97.90862091190976,10,1.0,None,"LINESTRING (84987.4765625 447772.875, 85056.8046875 447691.3125, 85089.15625 447682.03125)",1200.0,9.722222222222221,4.166666666666667,10.070601008082148,1.0,1200.0,1200.0,9.722222222222221,4.166666666666667,23.49806901885834,10.070601008082148,23.49806901885834,99999,0.15,4,0,0,97.90862091190976,6.231292874427315
239,100541,6582,6584,245.30417079617897,10,1.0,None,"LINESTRING (85427.7421875 447744.15625, 85150.765625 447544.1875)",1200.0,9.722222222222221,4.166666666666667,25.231286139035554,1.0,1200.0,1200.0,9.722222222222221,4.166666666666667,58.87300099108295,25.231286139035554,58.87300099108295,99999,0.15,4,0,0,245.30417079617897,11.444851343084899
240,100542,6584,6582,245.30417079617897,10,1.0,None,"LINESTRING (85427.7421875 447744.15625, 85150.765625 447544.1875)",1200.0,9.722222222222221,4.166666666666667,25.231286139035554,1.0,1200.0,1200.0,9.722222222222221,4.166666666666667,58.87300099108295,25.231286139035554,58.87300099108295,99999,0.15,4,0,0,245.30417079617897,11.444851343084899
241,100551,6583,6584,108.41683638353369,8,1.0,cycle_path,"LINESTRING (85089.15625 447682.03125, 85150.765625 447544.1875)",1800.0,13.88888888888889,4.166666666666667,7.806012219614425,1.0,1800.0,1800.0,13.88888888888889,4.166666666666667,26.020040732048084,7.806012219614425,26.020040732048084,99999,0.15,4,0,0,108.41683638353369,7.175267842332866
242,100552,6584,6583,108.41683638353369,8,1.0,cycle_path,"LINESTRING (85089.15625 447682.03125, 85150.765625 447544.1875)",1800.0,13.88888888888889,4.166666666666667,7.806012219614425,1.0,1800.0,1800.0,13.88888888888889,4.166666666666667,26.020040732048084,7.806012219614425,26.020040732048084,99999,0.15,4,0,0,108.41683638353369,7.175267842332866
243,100581,6584,6585,24.989916620615798,8,1.0,cycle_path,"LINESTRING (85150.765625 447544.1875, 85166.9453125 447513.375)",1800.0,13.88888888888889,4.166666666666667,1.7992739966843374,1.0,1800.0,1800.0,13.88888888888889,4.166666666666667,5.997579988947791,1.7992739966843374,5.997579988947791,99999,0.15,4,0,0,24.989916620615798,9.57777396580423
244,100582,6585,6584,24.989916620615798,8,1.0,cycle_path,"LINESTRING (85150.765625 447544.1875, 85166.9453125 447513.375)",1800.0,13.88888888888889,4.166666666666667,1.7992739966843374,1.0,1800.0,1800.0,13.88888888888889,4.166666666666667,5.997579988947791,1.7992739966843374,5.997579988947791,99999,0.15,4,0,0,24.989916620615798,9.57777396580423
245,100611,6585,6586,33.772646931284086,8,1.0,cycle_path,"LINESTRING (85166.9453125 447513.375, 85183.890625 447469.5)",1800.0,13.88888888888889,4.166666666666667,2.431630579052454,1.0,1800.0,1800.0,13.88888888888889,4.166666666666667,8.10543526350818,2.431630579052454,8.10543526350818,99999,0.15,4,0,0,33.772646931284086,0.0
246,100612,6586,6585,33.772646931284086,8,1.0,cycle_path,"LINESTRING (85166.9453125 447513.375, 85183.890625 447469.5)",1800.0,13.88888888888889,4.166666666666667,2.431630579052454,1.0,1800.0,1800.0,13.88888888888889,4.166666666666667,8.10543526350818,2.431630579052454,8.10543526350818,99999,0.15,4,0,0,33.772646931284086,0.0
247,100631,6546,6587,306.4842568664872,10,1.0,None,"LINESTRING (84890.71875 447126.1875, 85078.4609375 447278.53125, 85143.0625 447380.125, 85142.296875 447471)",1200.0,9.722222222222221,4.166666666666667,31.524094991981546,1.0,1200.0,1200.0,9.722222222222221,4.166666666666667,73.55622164795693,31.524094991981546,73.55622164795693,99999,0.15,4,0,0,306.4842568664872,26.74373499674802
248,100632,6587,6546,306.4842568664872,10,1.0,None,"LINESTRING (84890.71875 447126.1875, 85078.4609375 447278.53125, 85143.0625 447380.125, 85142.296875 447471)",1200.0,9.722222222222221,4.166666666666667,31.524094991981546,1.0,1200.0,1200.0,9.722222222222221,4.166666666666667,73.55622164795693,31.524094991981546,73.55622164795693,99999,0.15,4,0,0,306.4842568664872,26.74373499674802
249,100641,6585,6587,35.200638272875814,10,1.0,None,"LINESTRING (85166.9453125 447513.375, 85146.8359375 447497.5, 85142.296875 447471)",1200.0,9.722222222222221,4.166666666666667,3.6206370794957983,1.0,1200.0,1200.0,9.722222222222221,4.166666666666667,8.448153185490195,3.6206370794957983,8.448153185490195,99999,0.15,4,0,0,35.200638272875814,0.0
250,100642,6587,6585,35.200638272875814,10,1.0,None,"LINESTRING (85166.9453125 447513.375, 85146.8359375 447497.5, 85142.296875 447471)",1200.0,9.722222222222221,4.166666666666667,3.6206370794957983,1.0,1200.0,1200.0,9.722222222222221,4.166666666666667,8.448153185490195,3.6206370794957983,8.448153185490195,99999,0.15,4,0,0,35.200638272875814,0.0
251,100681,6587,6588,35.87078037989348,10,1.0,None,"LINESTRING (85142.296875 447471, 85092.6015625 447465.90625)",1200.0,9.722222222222221,4.166666666666667,3.689565981931901,1.0,1200.0,1200.0,9.722222222222221,4.166666666666667,8.608987291174435,3.689565981931901,8.608987291174435,99999,0.15,4,0,0,35.87078037989348,54.39730617947228
252,100682,6588,6587,35.87078037989348,10,1.0,None,"LINESTRING (85142.296875 447471, 85092.6015625 447465.90625)",1200.0,9.722222222222221,4.166666666666667,3.689565981931901,1.0,1200.0,1200.0,9.722222222222221,4.166666666666667,8.608987291174435,3.689565981931901,8.608987291174435,99999,0.15,4,0,0,35.87078037989348,54.39730617947228
253,100731,6586,6590,140.92419572234735,8,1.0,cycle_path,"LINESTRING (85183.890625 447469.5, 85257.8203125 447528.21875, 85306.3671875 447551, 85365.828125 447543.09375)",1800.0,13.88888888888889,4.166666666666667,10.146542092009009,1.0,1800.0,1800.0,13.88888888888889,4.166666666666667,33.82180697336336,10.146542092009009,33.82180697336336,99999,0.15,4,0,0,140.92419572234735,9.785984384973174
254,100732,6590,6586,140.92419572234735,8,1.0,cycle_path,"LINESTRING (85183.890625 447469.5, 85257.8203125 447528.21875, 85306.3671875 447551, 85365.828125 447543.09375)",1800.0,13.88888888888889,4.166666666666667,10.146542092009009,1.0,1800.0,1800.0,13.88888888888889,4.166666666666667,33.82180697336336,10.146542092009009,33.82180697336336,99999,0.15,4,0,0,140.92419572234735,9.785984384973174
255,100781,5004,6501,323.3947579828564,10,1.0,None,"LINESTRING (85046.015625 447545.71875, 84996.7265625 447562.65625, 84924.3203125 447595, 84815.71875 447658.15625, 84734.6484375 447707.5625, 84644.75 447750.21875)",1200.0,9.722222222222221,4.166666666666667,33.2634608210938,1.0,1200.0,1200.0,9.722222222222221,4.166666666666667,77.61474191588553,33.2634608210938,77.61474191588553,99999,0.15,4,0,0,323.3947579828564,14.58399700451917
256,100782,6501,5004,323.3947579828564,10,1.0,None,"LINESTRING (85046.015625 447545.71875, 84996.7265625 447562.65625, 84924.3203125 447595, 84815.71875 447658.15625, 84734.6484375 447707.5625, 84644.75 447750.21875)",1200.0,9.722222222222221,4.166666666666667,33.2634608210938,1.0,1200.0,1200.0,9.722222222222221,4.166666666666667,77.61474191588553,33.2634608210938,77.61474191588553,99999,0.15,4,0,0,323.3947579828564,14.58399700451917
257,100791,5004,6588,66.3580145729502,10,1.0,None,"LINESTRING (85046.015625 447545.71875, 85082.421875 447534.1875, 85092.6015625 447465.90625)",1200.0,9.722222222222221,4.166666666666667,6.8253957846463065,1.0,1200.0,1200.0,9.722222222222221,4.166666666666667,15.925923497508046,6.8253957846463065,15.925923497508046,99999,0.15,4,0,0,66.3580145729502,90.15367819844975
258,100792,6588,5004,66.3580145729502,10,1.0,None,"LINESTRING (85046.015625 447545.71875, 85082.421875 447534.1875, 85092.6015625 447465.90625)",1200.0,9.722222222222221,4.166666666666667,6.8253957846463065,1.0,1200.0,1200.0,9.722222222222221,4.166666666666667,15.925923497508046,6.8253957846463065,15.925923497508046,99999,0.15,4,0,0,66.3580145729502,90.15367819844975
259,100801,5005,6500,286.38738615828805,10,1.0,None,"LINESTRING (85081.453125 447588.0625, 85050.640625 447630.46875, 84987.4765625 447692.0625, 84922.7734375 447765.25, 84849.609375 447844.59375, 84814.4296875 447884.3125)",1200.0,9.722222222222221,4.166666666666667,29.456988290566773,1.0,1200.0,1200.0,9.722222222222221,4.166666666666667,68.73297267798912,29.456988290566773,68.73297267798912,99999,0.15,4,0,0,286.38738615828805,3.744507385474623
260,100802,6500,5005,286.38738615828805,10,1.0,None,"LINESTRING (85081.453125 447588.0625, 85050.640625 447630.46875, 84987.4765625 447692.0625, 84922.7734375 447765.25, 84849.609375 447844.59375, 84814.4296875 447884.3125)",1200.0,9.722222222222221,4.166666666666667,29.456988290566773,1.0,1200.0,1200.0,9.722222222222221,4.166666666666667,68.73297267798912,29.456988290566773,68.73297267798912,99999,0.15,4,0,0,286.38738615828805,3.744507385474623
261,100811,5004,5005,39.64828374897763,10,1.0,None,"LINESTRING (85046.015625 447545.71875, 85081.453125 447588.0625)",1200.0,9.722222222222221,4.166666666666667,4.0781091856091285,1.0,1200.0,1200.0,9.722222222222221,4.166666666666667,9.51558809975463,4.0781091856091285,9.51558809975463,99999,0.15,4,0,0,39.64828374897763,50.03575463035801
262,100812,5005,5004,39.64828374897763,10,1.0,None,"LINESTRING (85046.015625 447545.71875, 85081.453125 447588.0625)",1200.0,9.722222222222221,4.166666666666667,4.0781091856091285,1.0,1200.0,1200.0,9.722222222222221,4.166666666666667,9.51558809975463,4.0781091856091285,9.51558809975463,99999,0.15,4,0,0,39.64828374897763,50.03575463035801
263,100821,6577,6593,28.493721043843458,8,1.0,cycle_path,"LINESTRING (84952.2421875 448024, 84970.15625 447988.59375)",1800.0,13.88888888888889,4.166666666666667,2.051547915156729,1.0,1800.0,1800.0,13.88888888888889,4.166666666666667,6.8384930505224295,2.051547915156729,6.8384930505224295,99999,0.15,4,0,0,28.493721043843458,0.0
264,100822,6593,6577,28.493721043843458,8,1.0,cycle_path,"LINESTRING (84952.2421875 448024, 84970.15625 447988.59375)",1800.0,13.88888888888889,4.166666666666667,2.051547915156729,1.0,1800.0,1800.0,13.88888888888889,4.166666666666667,6.8384930505224295,2.051547915156729,6.8384930505224295,99999,0.15,4,0,0,28.493721043843458,0.0
265,100831,6580,6593,134.36698227056445,8,1.0,cycle_path,"LINESTRING (85040.625 447815.25, 84970.15625 447988.59375)",1800.0,13.88888888888889,4.166666666666667,9.67442272348064,1.0,1800.0,1800.0,13.88888888888889,4.166666666666667,32.24807574493546,9.67442272348064,32.24807574493546,99999,0.15,4,0,0,134.36698227056445,13.715128280836803
266,100832,6593,6580,134.36698227056445,8,1.0,cycle_path,"LINESTRING (85040.625 447815.25, 84970.15625 447988.59375)",1800.0,13.88888888888889,4.166666666666667,9.67442272348064,1.0,1800.0,1800.0,13.88888888888889,4.166666666666667,32.24807574493546,9.67442272348064,32.24807574493546,99999,0.15,4,0,0,134.36698227056445,13.715128280836803
267,100841,6581,6593,199.3138189963045,10,1.0,None,"LINESTRING (85247.046875 447969.28125, 85131.3125 448071.1875, 84970.15625 447988.59375)",1200.0,9.722222222222221,4.166666666666667,20.500849953905607,1.0,1200.0,1200.0,9.722222222222221,4.166666666666667,47.835316559113075,20.500849953905607,47.835316559113075,99999,0.15,4,0,0,199.3138189963045,23.226690804180762
268,100842,6593,6581,199.3138189963045,10,1.0,None,"LINESTRING (85247.046875 447969.28125, 85131.3125 448071.1875, 84970.15625 447988.59375)",1200.0,9.722222222222221,4.166666666666667,20.500849953905607,1.0,1200.0,1200.0,9.722222222222221,4.166666666666667,47.835316559113075,20.500849953905607,47.835316559113075,99999,0.15,4,0,0,199.3138189963045,23.226690804180762
269,100941,6595,6596,244.39826707234042,8,1.0,cycle_path,"LINESTRING (85415 448104.0625, 85442.140625 448105.875, 85476.8125 448113.8125, 85709.28125 448275.03125)",1800.0,13.88888888888889,4.166666666666667,17.59667522920851,1.0,1800.0,1800.0,13.88888888888889,4.166666666666667,58.6555840973617,17.59667522920851,58.6555840973617,99999,0.15,4,0,0,244.39826707234042,100.0
270,100942,6596,6595,244.39826707234042,8,1.0,cycle_path,"LINESTRING (85415 448104.0625, 85442.140625 448105.875, 85476.8125 448113.8125, 85709.28125 448275.03125)",1800.0,13.88888888888889,4.166666666666667,17.59667522920851,1.0,1800.0,1800.0,13.88888888888889,4.166666666666667,58.6555840973617,17.59667522920851,58.6555840973617,99999,0.15,4,0,0,244.39826707234042,100.0
271,101041,6581,6595,154.6380251051451,10,1.0,None,"LINESTRING (85247.046875 447969.28125, 85330.671875 448033.65625, 85415 448104.0625)",1200.0,9.722222222222221,4.166666666666667,15.905625439386354,1.0,1200.0,1200.0,9.722222222222221,4.166666666666667,37.11312602523482,15.905625439386354,37.11312602523482,99999,0.15,4,0,0,154.6380251051451,88.58514384298142
272,101042,6595,6581,154.6380251051451,10,1.0,None,"LINESTRING (85247.046875 447969.28125, 85330.671875 448033.65625, 85415 448104.0625)",1200.0,9.722222222222221,4.166666666666667,15.905625439386354,1.0,1200.0,1200.0,9.722222222222221,4.166666666666667,37.11312602523482,15.905625439386354,37.11312602523482,99999,0.15,4,0,0,154.6380251051451,88.58514384298142
273,101071,6596,6599,386.2310708923982,8,1.0,cycle_path,"LINESTRING (85709.28125 448275.03125, 86040.53125 447851.28125)",1800.0,13.88888888888889,4.166666666666667,27.808637104252668,1.0,1800.0,1800.0,13.88888888888889,4.166666666666667,92.69545701417556,27.808637104252668,92.69545701417556,99999,0.15,4,0,0,386.2310708923982,100.0
274,101072,6599,6596,386.2310708923982,8,1.0,cycle_path,"LINESTRING (85709.28125 448275.03125, 86040.53125 447851.28125)",1800.0,13.88888888888889,4.166666666666667,27.808637104252668,1.0,1800.0,1800.0,13.88888888888889,4.166666666666667,92.69545701417556,27.808637104252668,92.69545701417556,99999,0.15,4,0,0,386.2310708923982,100.0
275,101111,6599,6600,217.7616089306251,9,2.0,cycle_path,"LINESTRING (86040.53125 447851.28125, 85796.5859375 447671.125)",3400.0,13.88888888888889,4.166666666666667,15.678835843005007,2.0,1700.0,3400.0,13.88888888888889,4.166666666666667,52.26278614335002,15.678835843005007,52.26278614335002,99999,0.15,4,0,0,217.7616089306251,31.727877300744602
276,101112,6600,6599,217.7616089306251,9,2.0,cycle_path,"LINESTRING (86040.53125 447851.28125, 85796.5859375 447671.125)",3400.0,13.88888888888889,4.166666666666667,15.678835843005007,2.0,1700.0,3400.0,13.88888888888889,4.166666666666667,52.26278614335002,15.678835843005007,52.26278614335002,99999,0.15,4,0,0,217.7616089306251,31.727877300744602
277,101231,6603,6605,259.12250339177126,3,3.0,None,"LINESTRING (84864.0390625 448919.34375, 85056.4921875 448614.125)",7000.0,27.77777777777778,4.166666666666667,9.328410122103765,3.0,2333.3333333333335,7000.0,27.77777777777778,4.166666666666667,62.1894008140251,9.328410122103765,62.1894008140251,99999,0.15,4,0,0,259.12250339177126,32.10868185062709
278,101251,6605,6606,291.6435660622002,3,3.0,None,"LINESTRING (85056.4921875 448614.125, 85272.265625 448270.0625)",7000.0,27.77777777777778,4.166666666666667,10.499168378239206,3.0,2333.3333333333335,7000.0,27.77777777777778,4.166666666666667,69.99445585492803,10.499168378239206,69.99445585492803,99999,0.15,4,0,0,291.6435660622002,100.0
279,101272,6607,6604,237.17847538085846,3,3.0,None,"LINESTRING (85027.234375 448688.875, 85204.234375 448410.03125)",7000.0,27.77777777777778,4.166666666666667,8.538425113710904,3.0,2333.3333333333335,7000.0,27.77777777777778,4.166666666666667,56.922834091406024,8.538425113710904,56.922834091406024,99999,0.15,4,0,0,237.17847538085846,100.0
280,101301,6600,6608,149.04315869890104,9,2.0,cycle_path,"LINESTRING (85796.5859375 447671.125, 85619.2578125 447563.25)",3400.0,13.88888888888889,4.166666666666667,10.731107426320875,2.0,1700.0,3400.0,13.88888888888889,4.166666666666667,35.77035808773625,10.731107426320875,35.77035808773625,99999,0.15,4,0,0,149.04315869890104,52.11696503670839
281,101302,6608,6600,149.04315869890104,9,2.0,cycle_path,"LINESTRING (85796.5859375 447671.125, 85619.2578125 447563.25)",3400.0,13.88888888888889,4.166666666666667,10.731107426320875,2.0,1700.0,3400.0,13.88888888888889,4.166666666666667,35.77035808773625,10.731107426320875,35.77035808773625,99999,0.15,4,0,0,149.04315869890104,52.11696503670839
282,101311,6602,6608,287.3107271733832,5,1.0,None,"LINESTRING (85483.921875 447939.78125, 85527.75 447844.875, 85556.1171875 447781.75, 85576.6953125 447725.71875, 85594.4296875 447630.65625, 85619.2578125 447563.25)",2200.0,19.444444444444443,4.166666666666667,14.775980254631138,1.0,2200.0,2200.0,19.444444444444443,4.166666666666667,68.95457452161196,14.775980254631138,68.95457452161196,99999,0.15,4,0,0,287.3107271733832,45.052129827077216
283,101321,6590,6609,120.01594679273228,8,1.0,cycle_path,"LINESTRING (85365.828125 447543.09375, 85430.2421875 447529.21875, 85532.3046875 447528.21875)",1800.0,13.88888888888889,4.166666666666667,8.641148169076724,1.0,1800.0,1800.0,13.88888888888889,4.166666666666667,28.803827230255745,8.641148169076724,28.803827230255745,99999,0.15,4,0,0,120.01594679273228,11.934275909495556
284,101322,6609,6590,120.01594679273228,8,1.0,cycle_path,"LINESTRING (85365.828125 447543.09375, 85430.2421875 447529.21875, 85532.3046875 447528.21875)",1800.0,13.88888888888889,4.166666666666667,8.641148169076724,1.0,1800.0,1800.0,13.88888888888889,4.166666666666667,28.803827230255745,8.641148169076724,28.803827230255745,99999,0.15,4,0,0,120.01594679273228,11.934275909495556
285,101331,6582,6609,172.27891703826842,10,1.0,None,"LINESTRING (85427.7421875 447744.15625, 85483.0703125 447732.09375, 85528.46875 447723.59375, 85547.6171875 447705.84375, 85571.734375 447600.15625, 85557.5546875 447582.4375, 85518.5390625 447562.5625, 85532.3046875 447528.21875)",1200.0,9.722222222222221,4.166666666666667,17.72011718107904,1.0,1200.0,1200.0,9.722222222222221,4.166666666666667,41.346940089184415,17.72011718107904,41.346940089184415,99999,0.15,4,0,0,172.27891703826842,24.845445871029025
286,101332,6609,6582,172.27891703826842,10,1.0,None,"LINESTRING (85427.7421875 447744.15625, 85483.0703125 447732.09375, 85528.46875 447723.59375, 85547.6171875 447705.84375, 85571.734375 447600.15625, 85557.5546875 447582.4375, 85518.5390625 447562.5625, 85532.3046875 447528.21875)",1200.0,9.722222222222221,4.166666666666667,17.72011718107904,1.0,1200.0,1200.0,9.722222222222221,4.166666666666667,41.346940089184415,17.72011718107904,41.346940089184415,99999,0.15,4,0,0,172.27891703826842,24.845445871029025
287,101341,6608,6609,67.31401388008348,8,1.0,cycle_path,"LINESTRING (85619.2578125 447563.25, 85532.3046875 447528.21875)",1800.0,13.88888888888889,4.166666666666667,4.84660899936601,1.0,1800.0,1800.0,13.88888888888889,4.166666666666667,16.155363331220034,4.84660899936601,16.155363331220034,99999,0.15,4,0,0,67.31401388008348,52.92966564722397
288,101342,6609,6608,67.31401388008348,8,1.0,cycle_path,"LINESTRING (85619.2578125 447563.25, 85532.3046875 447528.21875)",1800.0,13.88888888888889,4.166666666666667,4.84660899936601,1.0,1800.0,1800.0,13.88888888888889,4.166666666666667,16.155363331220034,4.84660899936601,16.155363331220034,99999,0.15,4,0,0,67.31401388008348,52.92966564722397
289,101362,6610,6600,369.00823030774467,5,1.0,None,"LINESTRING (85796.5859375 447671.125, 85821.4140625 447615.0625, 85839.1484375 447566.125, 85844.828125 447517.875, 85852.625 447463.25, 85873.9140625 447398, 85981.53125 447191.65625)",2200.0,19.444444444444443,4.166666666666667,18.977566130112585,1.0,2200.0,2200.0,19.444444444444443,4.166666666666667,88.56197527385872,18.977566130112585,88.56197527385872,99999,0.15,4,0,0,369.00823030774467,74.56288746014383
290,101501,6612,6614,259.13358903574635,10,1.0,None,"LINESTRING (85582.84375 447344.875, 85540.234375 447310.1875, 85313.2734375 447152.3125, 85278.890625 447150.3125)",1200.0,9.722222222222221,4.166666666666667,26.653740586533914,1.0,1200.0,1200.0,9.722222222222221,4.166666666666667,62.19206136857912,26.653740586533914,62.19206136857912,99999,0.15,4,0,0,259.13358903574635,3.587843638879932
291,101502,6614,6612,259.13358903574635,10,1.0,None,"LINESTRING (85582.84375 447344.875, 85540.234375 447310.1875, 85313.2734375 447152.3125, 85278.890625 447150.3125)",1200.0,9.722222222222221,4.166666666666667,26.653740586533914,1.0,1200.0,1200.0,9.722222222222221,4.166666666666667,62.19206136857912,26.653740586533914,62.19206136857912,99999,0.15,4,0,0,259.13358903574635,3.587843638879932
292,101561,6586,6614,239.1260674027562,8,1.0,cycle_path,"LINESTRING (85183.890625 447469.5, 85270.1484375 447355.46875, 85281.6015625 447244.8125, 85278.890625 447150.3125)",1800.0,13.88888888888889,4.166666666666667,17.217076852998446,1.0,1800.0,1800.0,13.88888888888889,4.166666666666667,57.39025617666149,17.217076852998446,57.39025617666149,99999,0.15,4,0,0,239.1260674027562,11.957304189795218
293,101562,6614,6586,239.1260674027562,8,1.0,cycle_path,"LINESTRING (85183.890625 447469.5, 85270.1484375 447355.46875, 85281.6015625 447244.8125, 85278.890625 447150.3125)",1800.0,13.88888888888889,4.166666666666667,17.217076852998446,1.0,1800.0,1800.0,13.88888888888889,4.166666666666667,57.39025617666149,17.217076852998446,57.39025617666149,99999,0.15,4,0,0,239.1260674027562,11.957304189795218
294,101571,6590,6612,211.04667529785831,8,1.0,cycle_path,"LINESTRING (85365.828125 447543.09375, 85347.1796875 447441.75, 85582.84375 447344.875)",1800.0,13.88888888888889,4.166666666666667,15.195360621445799,1.0,1800.0,1800.0,13.88888888888889,4.166666666666667,50.65120207148599,15.195360621445799,50.65120207148599,99999,0.15,4,0,0,211.04667529785831,46.876087512593564
295,101572,6612,6590,211.04667529785831,8,1.0,cycle_path,"LINESTRING (85365.828125 447543.09375, 85347.1796875 447441.75, 85582.84375 447344.875)",1800.0,13.88888888888889,4.166666666666667,15.195360621445799,1.0,1800.0,1800.0,13.88888888888889,4.166666666666667,50.65120207148599,15.195360621445799,50.65120207148599,99999,0.15,4,0,0,211.04667529785831,46.876087512593564
296,101661,6617,6618,232.42468481038853,7,1.0,cycle_path,"LINESTRING (86426.8125 447145.5625, 86128.5 447019.90625)",2200.0,19.444444444444443,4.166666666666667,11.953269504534267,1.0,2200.0,2200.0,19.444444444444443,4.166666666666667,55.78192435449324,11.953269504534267,55.78192435449324,99999,0.15,4,0,0,232.42468481038853,11.212642448828747
297,101662,6618,6617,232.42468481038853,7,1.0,cycle_path,"LINESTRING (86426.8125 447145.5625, 86128.5 447019.90625)",2200.0,19.444444444444443,4.166666666666667,11.953269504534267,1.0,2200.0,2200.0,19.444444444444443,4.166666666666667,55.78192435449324,11.953269504534267,55.78192435449324,99999,0.15,4,0,0,232.42468481038853,11.212642448828747
298,101771,6620,6621,84.63280367185234,8,1.0,cycle_path,"LINESTRING (85542.65625 446730.5, 85584.9296875 446620.46875)",1800.0,13.88888888888889,4.166666666666667,6.093561864373369,1.0,1800.0,1800.0,13.88888888888889,4.166666666666667,20.31187288124456,6.093561864373369,20.31187288124456,99999,0.15,4,0,0,84.63280367185234,7.205940487093159
299,101772,6621,6620,84.63280367185234,8,1.0,cycle_path,"LINESTRING (85542.65625 446730.5, 85584.9296875 446620.46875)",1800.0,13.88888888888889,4.166666666666667,6.093561864373369,1.0,1800.0,1800.0,13.88888888888889,4.166666666666667,20.31187288124456,6.093561864373369,20.31187288124456,99999,0.15,4,0,0,84.63280367185234,7.205940487093159
300,101811,6615,6623,163.6500156352872,10,1.0,None,"LINESTRING (85734.4609375 447055.53125, 85757.8125 446828.8125)",1200.0,9.722222222222221,4.166666666666667,16.8325730367724,1.0,1200.0,1200.0,9.722222222222221,4.166666666666667,39.276003752468924,16.8325730367724,39.276003752468924,99999,0.15,4,0,0,163.6500156352872,1.4659300236593242
301,101812,6623,6615,163.6500156352872,10,1.0,None,"LINESTRING (85734.4609375 447055.53125, 85757.8125 446828.8125)",1200.0,9.722222222222221,4.166666666666667,16.8325730367724,1.0,1200.0,1200.0,9.722222222222221,4.166666666666667,39.276003752468924,16.8325730367724,39.276003752468924,99999,0.15,4,0,0,163.6500156352872,1.4659300236593242
302,101821,6620,6623,169.8478405655062,10,1.0,None,"LINESTRING (85542.65625 446730.5, 85757.8125 446828.8125)",1200.0,9.722222222222221,4.166666666666667,17.470063601023497,1.0,1200.0,1200.0,9.722222222222221,4.166666666666667,40.763481735721484,17.470063601023497,40.763481735721484,99999,0.15,4,0,0,169.8478405655062,0.0
303,101822,6623,6620,169.8478405655062,10,1.0,None,"LINESTRING (85542.65625 446730.5, 85757.8125 446828.8125)",1200.0,9.722222222222221,4.166666666666667,17.470063601023497,1.0,1200.0,1200.0,9.722222222222221,4.166666666666667,40.763481735721484,17.470063601023497,40.763481735721484,99999,0.15,4,0,0,169.8478405655062,0.0
304,101891,6621,6626,231.80283527819788,10,1.0,None,"LINESTRING (85584.9296875 446620.46875, 85288.703125 446492.09375)",1200.0,9.722222222222221,4.166666666666667,23.842577342900356,1.0,1200.0,1200.0,9.722222222222221,4.166666666666667,55.63268046676749,23.842577342900356,55.63268046676749,99999,0.15,4,0,0,231.80283527819788,75.62827769469645
305,101892,6626,6621,231.80283527819788,10,1.0,None,"LINESTRING (85584.9296875 446620.46875, 85288.703125 446492.09375)",1200.0,9.722222222222221,4.166666666666667,23.842577342900356,1.0,1200.0,1200.0,9.722222222222221,4.166666666666667,55.63268046676749,23.842577342900356,55.63268046676749,99999,0.15,4,0,0,231.80283527819788,75.62827769469645
306,101921,6626,6627,88.31761089989998,10,1.0,None,"LINESTRING (85288.703125 446492.09375, 85244.3984375 446606.84375)",1200.0,9.722222222222221,4.166666666666667,9.084097121132569,1.0,1200.0,1200.0,9.722222222222221,4.166666666666667,21.19622661597599,9.084097121132569,21.19622661597599,99999,0.15,4,0,0,88.31761089989998,18.246945173776147
307,101922,6627,6626,88.31761089989998,10,1.0,None,"LINESTRING (85288.703125 446492.09375, 85244.3984375 446606.84375)",1200.0,9.722222222222221,4.166666666666667,9.084097121132569,1.0,1200.0,1200.0,9.722222222222221,4.166666666666667,21.19622661597599,9.084097121132569,21.19622661597599,99999,0.15,4,0,0,88.31761089989998,18.246945173776147
308,101951,6550,6628,281.09009821454526,10,1.0,None,"LINESTRING (85091.15625 446864.40625, 84966.515625 446667.28125, 84920.1953125 446512.21875)",1200.0,9.722222222222221,4.166666666666667,28.9121243877818,1.0,1200.0,1200.0,9.722222222222221,4.166666666666667,67.46162357149086,28.9121243877818,67.46162357149086,99999,0.15,4,0,0,281.09009821454526,0.064129385308257
309,101952,6628,6550,281.09009821454526,10,1.0,None,"LINESTRING (85091.15625 446864.40625, 84966.515625 446667.28125, 84920.1953125 446512.21875)",1200.0,9.722222222222221,4.166666666666667,28.9121243877818,1.0,1200.0,1200.0,9.722222222222221,4.166666666666667,67.46162357149086,28.9121243877818,67.46162357149086,99999,0.15,4,0,0,281.09009821454526,0.064129385308257
310,101981,6627,6629,237.51587199419208,10,1.0,None,"LINESTRING (85244.3984375 446606.84375, 84942.3515625 446471.9375)",1200.0,9.722222222222221,4.166666666666667,24.430203976545474,1.0,1200.0,1200.0,9.722222222222221,4.166666666666667,57.0038092786061,24.430203976545474,57.0038092786061,99999,0.15,4,0,0,237.51587199419208,71.63234990204495
311,101982,6629,6627,237.51587199419208,10,1.0,None,"LINESTRING (85244.3984375 446606.84375, 84942.3515625 446471.9375)",1200.0,9.722222222222221,4.166666666666667,24.430203976545474,1.0,1200.0,1200.0,9.722222222222221,4.166666666666667,57.0038092786061,24.430203976545474,57.0038092786061,99999,0.15,4,0,0,237.51587199419208,71.63234990204495
312,101991,6628,6629,33.00787990141111,10,1.0,None,"LINESTRING (84920.1953125 446512.21875, 84942.3515625 446471.9375)",1200.0,9.722222222222221,4.166666666666667,3.395096218430857,1.0,1200.0,1200.0,9.722222222222221,4.166666666666667,7.921891176338665,3.395096218430857,7.921891176338665,99999,0.15,4,0,0,33.00787990141111,26.716249764745065
313,101992,6629,6628,33.00787990141111,10,1.0,None,"LINESTRING (84920.1953125 446512.21875, 84942.3515625 446471.9375)",1200.0,9.722222222222221,4.166666666666667,3.395096218430857,1.0,1200.0,1200.0,9.722222222222221,4.166666666666667,7.921891176338665,3.395096218430857,7.921891176338665,99999,0.15,4,0,0,33.00787990141111,26.716249764745065
314,102021,6629,6630,356.1449156974243,10,1.0,None,"LINESTRING (84942.3515625 446471.9375, 85097.3984375 446000.75)",1200.0,9.722222222222221,4.166666666666667,36.632048471735075,1.0,1200.0,1200.0,9.722222222222221,4.166666666666667,85.47477976738183,36.632048471735075,85.47477976738183,99999,0.15,4,0,0,356.1449156974243,2.3782530353901454
315,102022,6630,6629,356.1449156974243,10,1.0,None,"LINESTRING (84942.3515625 446471.9375, 85097.3984375 446000.75)",1200.0,9.722222222222221,4.166666666666667,36.632048471735075,1.0,1200.0,1200.0,9.722222222222221,4.166666666666667,85.47477976738183,36.632048471735075,85.47477976738183,99999,0.15,4,0,0,356.1449156974243,2.3782530353901454
316,102081,6630,6632,249.1190082567322,10,1.0,None,"LINESTRING (85097.3984375 446000.75, 85413.5546875 446143.71875)",1200.0,9.722222222222221,4.166666666666667,25.62366942069246,1.0,1200.0,1200.0,9.722222222222221,4.166666666666667,59.78856198161572,25.62366942069246,59.78856198161572,99999,0.15,4,0,0,249.1190082567322,31.578711273382424
317,102082,6632,6630,249.1190082567322,10,1.0,None,"LINESTRING (85097.3984375 446000.75, 85413.5546875 446143.71875)",1200.0,9.722222222222221,4.166666666666667,25.62366942069246,1.0,1200.0,1200.0,9.722222222222221,4.166666666666667,59.78856198161572,25.62366942069246,59.78856198161572,99999,0.15,4,0,0,249.1190082567322,31.578711273382424
318,102121,6631,6633,227.98272405548397,10,1.0,None,"LINESTRING (85403.484375 446190.0625, 85695.4609375 446314.875)",1200.0,9.722222222222221,4.166666666666667,23.449651617135498,1.0,1200.0,1200.0,9.722222222222221,4.166666666666667,54.71585377331615,23.449651617135498,54.71585377331615,99999,0.15,4,0,0,227.98272405548397,41.88538241406252
319,102122,6633,6631,227.98272405548397,10,1.0,None,"LINESTRING (85403.484375 446190.0625, 85695.4609375 446314.875)",1200.0,9.722222222222221,4.166666666666667,23.449651617135498,1.0,1200.0,1200.0,9.722222222222221,4.166666666666667,54.71585377331615,23.449651617135498,54.71585377331615,99999,0.15,4,0,0,227.98272405548397,41.88538241406252
320,102151,6623,6634,174.65768625744013,10,1.0,None,"LINESTRING (85757.8125 446828.8125, 85982.4140625 446922.21875)",1200.0,9.722222222222221,4.166666666666667,17.96479058647956,1.0,1200.0,1200.0,9.722222222222221,4.166666666666667,41.917844701785626,17.96479058647956,41.917844701785626,99999,0.15,4,0,0,174.65768625744013,6.499449809919418
321,102152,6634,6623,174.65768625744013,10,1.0,None,"LINESTRING (85757.8125 446828.8125, 85982.4140625 446922.21875)",1200.0,9.722222222222221,4.166666666666667,17.96479058647956,1.0,1200.0,1200.0,9.722222222222221,4.166666666666667,41.917844701785626,17.96479058647956,41.917844701785626,99999,0.15,4,0,0,174.65768625744013,6.499449809919418
322,102161,6612,6635,395.8532995236463,8,1.0,cycle_path,"LINESTRING (85582.84375 447344.875, 85662.4375 447302.34375, 85756.109375 447240.4375, 85841.21875 447174.6875, 85906.984375 447093.4375, 85971.78125 446954.15625)",1800.0,13.88888888888889,4.166666666666667,28.50143756570253,1.0,1800.0,1800.0,13.88888888888889,4.166666666666667,95.0047918856751,28.50143756570253,95.0047918856751,99999,0.15,4,0,0,395.8532995236463,29.57497166635973
323,102162,6635,6612,395.8532995236463,8,1.0,cycle_path,"LINESTRING (85582.84375 447344.875, 85662.4375 447302.34375, 85756.109375 447240.4375, 85841.21875 447174.6875, 85906.984375 447093.4375, 85971.78125 446954.15625)",1800.0,13.88888888888889,4.166666666666667,28.50143756570253,1.0,1800.0,1800.0,13.88888888888889,4.166666666666667,95.0047918856751,28.50143756570253,95.0047918856751,99999,0.15,4,0,0,395.8532995236463,29.57497166635973
324,102171,6618,6635,122.03002678893954,8,1.0,cycle_path,"LINESTRING (86128.5 447019.90625, 85971.78125 446954.15625)",1800.0,13.88888888888889,4.166666666666667,8.786161928803647,1.0,1800.0,1800.0,13.88888888888889,4.166666666666667,29.28720642934549,8.786161928803647,29.28720642934549,99999,0.15,4,0,0,122.03002678893954,22.156789094981757
325,102172,6635,6618,122.03002678893954,8,1.0,cycle_path,"LINESTRING (86128.5 447019.90625, 85971.78125 446954.15625)",1800.0,13.88888888888889,4.166666666666667,8.786161928803647,1.0,1800.0,1800.0,13.88888888888889,4.166666666666667,29.28720642934549,8.786161928803647,29.28720642934549,99999,0.15,4,0,0,122.03002678893954,22.156789094981757
326,102181,6634,6635,24.16928932894338,10,1.0,None,"LINESTRING (85982.4140625 446922.21875, 85971.78125 446954.15625)",1200.0,9.722222222222221,4.166666666666667,2.4859840452627475,1.0,1200.0,1200.0,9.722222222222221,4.166666666666667,5.800629438946411,2.4859840452627475,5.800629438946411,99999,0.15,4,0,0,24.16928932894338,46.37166032277465
327,102182,6635,6634,24.16928932894338,10,1.0,None,"LINESTRING (85982.4140625 446922.21875, 85971.78125 446954.15625)",1200.0,9.722222222222221,4.166666666666667,2.4859840452627475,1.0,1200.0,1200.0,9.722222222222221,4.166666666666667,5.800629438946411,2.4859840452627475,5.800629438946411,99999,0.15,4,0,0,24.16928932894338,46.37166032277465
328,102231,6621,6637,61.55194792232456,8,1.0,cycle_path,"LINESTRING (85584.9296875 446620.46875, 85614.9140625 446540.15625)",1800.0,13.88888888888889,4.166666666666667,4.431740250407368,1.0,1800.0,1800.0,13.88888888888889,4.166666666666667,14.772467501357893,4.431740250407368,14.772467501357893,99999,0.15,4,0,0,61.55194792232456,0.0
329,102232,6637,6621,61.55194792232456,8,1.0,cycle_path,"LINESTRING (85584.9296875 446620.46875, 85614.9140625 446540.15625)",1800.0,13.88888888888889,4.166666666666667,4.431740250407368,1.0,1800.0,1800.0,13.88888888888889,4.166666666666667,14.772467501357893,4.431740250407368,14.772467501357893,99999,0.15,4,0,0,61.55194792232456,0.0
330,102261,6637,6638,191.031384099805,10,1.0,None,"LINESTRING (85614.9140625 446540.15625, 85859.59375 446644.65625)",1200.0,9.722222222222221,4.166666666666667,19.648942364551374,1.0,1200.0,1200.0,9.722222222222221,4.166666666666667,45.8475321839532,19.648942364551374,45.8475321839532,99999,0.15,4,0,0,191.031384099805,17.63900423744501
331,102262,6638,6637,191.031384099805,10,1.0,None,"LINESTRING (85614.9140625 446540.15625, 85859.59375 446644.65625)",1200.0,9.722222222222221,4.166666666666667,19.648942364551374,1.0,1200.0,1200.0,9.722222222222221,4.166666666666667,45.8475321839532,19.648942364551374,45.8475321839532,99999,0.15,4,0,0,191.031384099805,17.63900423744501
332,102291,6633,6640,122.8650984958111,8,1.0,cycle_path,"LINESTRING (85695.4609375 446314.875, 85636.1875 446475.40625)",1800.0,13.88888888888889,4.166666666666667,8.846287091698398,1.0,1800.0,1800.0,13.88888888888889,4.166666666666667,29.487623638994663,8.846287091698398,29.487623638994663,99999,0.15,4,0,0,122.8650984958111,16.967719105935785
333,102292,6640,6633,122.8650984958111,8,1.0,cycle_path,"LINESTRING (85695.4609375 446314.875, 85636.1875 446475.40625)",1800.0,13.88888888888889,4.166666666666667,8.846287091698398,1.0,1800.0,1800.0,13.88888888888889,4.166666666666667,29.487623638994663,8.846287091698398,29.487623638994663,99999,0.15,4,0,0,122.8650984958111,16.967719105935785
334,102301,6637,6640,48.93490852167105,8,1.0,cycle_path,"LINESTRING (85614.9140625 446540.15625, 85636.1875 446475.40625)",1800.0,13.88888888888889,4.166666666666667,3.5233134135603152,1.0,1800.0,1800.0,13.88888888888889,4.166666666666667,11.744378045201051,3.5233134135603152,11.744378045201051,99999,0.15,4,0,0,48.93490852167105,0.0
335,102302,6640,6637,48.93490852167105,8,1.0,cycle_path,"LINESTRING (85614.9140625 446540.15625, 85636.1875 446475.40625)",1800.0,13.88888888888889,4.166666666666667,3.5233134135603152,1.0,1800.0,1800.0,13.88888888888889,4.166666666666667,11.744378045201051,3.5233134135603152,11.744378045201051,99999,0.15,4,0,0,48.93490852167105,0.0
336,102462,6644,6641,375.55040732181806,5,1.0,None,"LINESTRING (86319.90625 446371.5, 86425.9921875 446062.09375, 86487.203125 445915.15625, 86512.6875 445885.25)",2200.0,19.444444444444443,4.166666666666667,19.314020947979216,1.0,2200.0,2200.0,19.444444444444443,4.166666666666667,90.13209775723632,19.314020947979216,90.13209775723632,99999,0.15,4,0,0,375.55040732181806,25.041535126300356
337,102491,6642,6645,395.3907824929151,5,1.0,None,"LINESTRING (86296.0703125 446360.625, 86347.9140625 445962.21875, 86358.2734375 445868.5, 86355.1328125 445813.09375)",2200.0,19.444444444444443,4.166666666666667,20.334383099635634,1.0,2200.0,2200.0,19.444444444444443,4.166666666666667,94.89378779829961,20.334383099635634,94.89378779829961,99999,0.15,4,0,0,395.3907824929151,31.72288701138557
338,102501,6644,6645,124.41544824624518,9,2.0,cycle_path,"LINESTRING (86512.6875 445885.25, 86478.359375 445888.4375, 86437.2578125 445871.46875, 86413.140625 445853.5625, 86389.0234375 445834.84375, 86355.1328125 445813.09375)",3400.0,13.88888888888889,4.166666666666667,8.957912273729653,2.0,1700.0,3400.0,13.88888888888889,4.166666666666667,29.859707579098842,8.957912273729653,29.859707579098842,99999,0.15,4,0,0,124.41544824624518,67.94452653606436
339,102532,6646,6644,125.02647258316377,9,2.0,cycle_path,"LINESTRING (86512.6875 445885.25, 86543.9453125 445864.8125, 86564.1171875 445836.59375, 86575.7265625 445802.65625, 86575.7265625 445770.53125, 86566.796875 445742.8125, 86552.3671875 445715.6875)",3400.0,13.88888888888889,4.166666666666667,9.001906025987791,2.0,1700.0,3400.0,13.88888888888889,4.166666666666667,30.0063534199593,9.001906025987791,30.0063534199593,99999,0.15,4,0,0,125.02647258316377,23.664960078266155
340,102562,6647,6646,285.02016230062367,5,1.0,None,"LINESTRING (86552.3671875 445715.6875, 86539.1015625 445644.53125, 86540.890625 445585.59375, 86546.2421875 445515.03125, 86552.3671875 445467.9375, 86562.359375 445318.8125)",2200.0,19.444444444444443,4.166666666666667,14.658179775460647,1.0,2200.0,2200.0,19.444444444444443,4.166666666666667,68.40483895214967,14.658179775460647,68.40483895214967,99999,0.15,4,0,0,285.02016230062367,28.94715014364809
341,102622,6649,6646,132.26327704718915,9,2.0,cycle_path,"LINESTRING (86552.3671875 445715.6875, 86497.1171875 445685.65625, 86447.0859375 445678.5, 86403.3125 445672.25, 86374.7265625 445666.875)",3400.0,13.88888888888889,4.166666666666667,9.522955947397618,2.0,1700.0,3400.0,13.88888888888889,4.166666666666667,31.743186491325392,9.522955947397618,31.743186491325392,99999,0.15,4,0,0,132.26327704718915,63.63197288565654
342,102632,6649,6648,361.8468145402254,5,1.0,None,"LINESTRING (86566.453125 445200.75, 86443.515625 445523.96875, 86425.6484375 445574.875, 86407.78125 445621.3125, 86374.7265625 445666.875)",2200.0,19.444444444444443,4.166666666666667,18.609264747783023,1.0,2200.0,2200.0,19.444444444444443,4.166666666666667,86.84323548965409,18.609264747783023,86.84323548965409,99999,0.15,4,0,0,361.8468145402254,98.74464912475476
343,102662,6650,6649,79.35269458607345,6,2.0,None,"LINESTRING (86374.7265625 445666.875, 86327.9375 445654.96875, 86297.703125 445647.25, 86267.46875 445640.1875)",4000.0,22.22222222222222,4.166666666666667,3.5708712563733056,2.0,2000.0,4000.0,22.22222222222222,4.166666666666667,19.044646700657626,3.5708712563733056,19.044646700657626,99999,0.15,4,0,0,79.35269458607345,21.673506357533366
344,102732,6652,6650,213.8489784176961,6,2.0,None,"LINESTRING (86267.46875 445640.1875, 85992.2421875 445526.28125)",4000.0,22.22222222222222,4.166666666666667,9.623204028796325,2.0,2000.0,4000.0,22.22222222222222,4.166666666666667,51.32375482024706,9.623204028796325,51.32375482024706,99999,0.15,4,0,0,213.8489784176961,10.334992724598733
345,102771,6652,6653,57.6722795126745,9,2.0,cycle_path,"LINESTRING (85992.2421875 445526.28125, 85962.5859375 445600.9375)",3400.0,13.88888888888889,4.166666666666667,4.152404124912564,2.0,1700.0,3400.0,13.88888888888889,4.166666666666667,13.841347083041878,4.152404124912564,13.841347083041878,99999,0.15,4,0,0,57.6722795126745,31.2229400038552
346,102772,6653,6652,57.6722795126745,9,2.0,cycle_path,"LINESTRING (85992.2421875 445526.28125, 85962.5859375 445600.9375)",3400.0,13.88888888888889,4.166666666666667,4.152404124912564,2.0,1700.0,3400.0,13.88888888888889,4.166666666666667,13.841347083041878,4.152404124912564,13.841347083041878,99999,0.15,4,0,0,57.6722795126745,31.2229400038552
347,102781,6633,6654,180.4059831287377,8,1.0,cycle_path,"LINESTRING (85695.4609375 446314.875, 85787.328125 446081)",1800.0,13.88888888888889,4.166666666666667,12.989230785269113,1.0,1800.0,1800.0,13.88888888888889,4.166666666666667,43.29743595089704,12.989230785269113,43.29743595089704,99999,0.15,4,0,0,180.4059831287377,19.235815296905916
348,102782,6654,6633,180.4059831287377,8,1.0,cycle_path,"LINESTRING (85695.4609375 446314.875, 85787.328125 446081)",1800.0,13.88888888888889,4.166666666666667,12.989230785269113,1.0,1800.0,1800.0,13.88888888888889,4.166666666666667,43.29743595089704,12.989230785269113,43.29743595089704,99999,0.15,4,0,0,180.4059831287377,19.235815296905916
349,102871,6630,6657,238.9534908901122,10,1.0,None,"LINESTRING (85097.3984375 446000.75, 85190.2109375 445681.125)",1200.0,9.722222222222221,4.166666666666667,24.578073348697256,1.0,1200.0,1200.0,9.722222222222221,4.166666666666667,57.34883781362692,24.578073348697256,57.34883781362692,99999,0.15,4,0,0,238.9534908901122,25.55468428999011
350,102872,6657,6630,238.9534908901122,10,1.0,None,"LINESTRING (85097.3984375 446000.75, 85190.2109375 445681.125)",1200.0,9.722222222222221,4.166666666666667,24.578073348697256,1.0,1200.0,1200.0,9.722222222222221,4.166666666666667,57.34883781362692,24.578073348697256,57.34883781362692,99999,0.15,4,0,0,238.9534908901122,25.55468428999011
351,102881,6656,6657,274.7805730146584,10,1.0,None,"LINESTRING (85537.9375 445841.03125, 85190.2109375 445681.125)",1200.0,9.722222222222221,4.166666666666667,28.263144652936294,1.0,1200.0,1200.0,9.722222222222221,4.166666666666667,65.947337523518,28.263144652936294,65.947337523518,99999,0.15,4,0,0,274.7805730146584,89.17648552727458
352,102882,6657,6656,274.7805730146584,10,1.0,None,"LINESTRING (85537.9375 445841.03125, 85190.2109375 445681.125)",1200.0,9.722222222222221,4.166666666666667,28.263144652936294,1.0,1200.0,1200.0,9.722222222222221,4.166666666666667,65.947337523518,28.263144652936294,65.947337523518,99999,0.15,4,0,0,274.7805730146584,89.17648552727458
353,102902,6658,6650,371.1736931094851,6,2.0,None,"LINESTRING (86267.46875 445640.1875, 86190.9296875 445633.71875, 86088.65625 445605.46875, 85933.640625 445544.34375, 85777.8515625 445474.15625)",4000.0,22.22222222222222,4.166666666666667,16.70281618992683,2.0,2000.0,4000.0,22.22222222222222,4.166666666666667,89.08168634627641,16.70281618992683,89.08168634627641,99999,0.15,4,0,0,371.1736931094851,65.95044690687092
354,102912,6658,6652,158.40145952437427,5,1.0,None,"LINESTRING (85992.2421875 445526.28125, 85777.8515625 445474.15625)",2200.0,19.444444444444443,4.166666666666667,8.146360775539248,1.0,2200.0,2200.0,19.444444444444443,4.166666666666667,38.016350285849825,8.146360775539248,38.016350285849825,99999,0.15,4,0,0,158.40145952437427,44.26624446337415
355,102952,6645,5010,65.28777082179482,6,2.0,None,"LINESTRING (86285.40625 445754.71875, 86355.1328125 445813.09375)",4000.0,22.22222222222222,4.166666666666667,2.937949686980767,2.0,2000.0,4000.0,22.22222222222222,4.166666666666667,15.669064997230755,2.937949686980767,15.669064997230755,99999,0.15,4,0,0,65.28777082179482,100.0
356,102971,6653,6660,16.984289432788376,9,2.0,cycle_path,"LINESTRING (85962.5859375 445600.9375, 85953.578125 445622.8125)",3400.0,13.88888888888889,4.166666666666667,1.222868839160763,2.0,1700.0,3400.0,13.88888888888889,4.166666666666667,4.07622946386921,1.222868839160763,4.07622946386921,99999,0.15,4,0,0,16.984289432788376,27.268705141888734
357,102972,6660,6653,16.984289432788376,9,2.0,cycle_path,"LINESTRING (85962.5859375 445600.9375, 85953.578125 445622.8125)",3400.0,13.88888888888889,4.166666666666667,1.222868839160763,2.0,1700.0,3400.0,13.88888888888889,4.166666666666667,4.07622946386921,1.222868839160763,4.07622946386921,99999,0.15,4,0,0,16.984289432788376,27.268705141888734
358,102981,6654,6660,349.94187449131414,8,1.0,cycle_path,"LINESTRING (85787.328125 446081, 85953.578125 445622.8125)",1800.0,13.88888888888889,4.166666666666667,25.195814963374616,1.0,1800.0,1800.0,13.88888888888889,4.166666666666667,83.98604987791539,25.195814963374616,83.98604987791539,99999,0.15,4,0,0,349.94187449131414,33.86753900348725
359,102982,6660,6654,349.94187449131414,8,1.0,cycle_path,"LINESTRING (85787.328125 446081, 85953.578125 445622.8125)",1800.0,13.88888888888889,4.166666666666667,25.195814963374616,1.0,1800.0,1800.0,13.88888888888889,4.166666666666667,83.98604987791539,25.195814963374616,83.98604987791539,99999,0.15,4,0,0,349.94187449131414,33.86753900348725
360,102991,5010,6660,256.3661338558959,6,2.0,None,"LINESTRING (86285.40625 445754.71875, 86152.9765625 445703.8125, 85953.578125 445622.8125)",4000.0,22.22222222222222,4.166666666666667,11.536476023515316,2.0,2000.0,4000.0,22.22222222222222,4.166666666666667,61.52787212541501,11.536476023515316,61.52787212541501,99999,0.15,4,0,0,256.3661338558959,57.90337050740044
361,103001,5010,6659,387.8427085880022,6,2.0,None,"LINESTRING (86285.40625 445754.71875, 86229.5625 445712.84375, 86133.109375 445649.375, 86047.4921875 445605.4375, 85805.640625 445506.40625)",4000.0,22.22222222222222,4.166666666666667,17.4529218864601,2.0,2000.0,4000.0,22.22222222222222,4.166666666666667,93.08225006112052,17.4529218864601,93.08225006112052,99999,0.15,4,0,0,387.8427085880022,73.15928815240268
362,103102,6664,6658,471.545367763462,6,2.0,None,"LINESTRING (85777.8515625 445474.15625, 85171.6328125 445221.34375)",4000.0,22.22222222222222,4.166666666666667,21.219541549355792,2.0,2000.0,4000.0,22.22222222222222,4.166666666666667,113.17088826323088,21.219541549355792,113.17088826323088,99999,0.15,4,0,0,471.545367763462,78.41159181609817
363,103131,6659,6665,497.845417058838,6,2.0,None,"LINESTRING (85805.640625 445506.40625, 85164.84375 445241.34375)",4000.0,22.22222222222222,4.166666666666667,22.40304376764771,2.0,2000.0,4000.0,22.22222222222222,4.166666666666667,119.4829000941211,22.40304376764771,119.4829000941211,99999,0.15,4,0,0,497.845417058838,66.37797366991528
364,103172,6666,6664,138.61419901093282,5,1.0,None,"LINESTRING (85171.6328125 445221.34375, 85006.484375 445121.3125)",2200.0,19.444444444444443,4.166666666666667,7.128730234847974,1.0,2200.0,2200.0,19.444444444444443,4.166666666666667,33.267407762623876,7.128730234847974,33.267407762623876,99999,0.15,4,0,0,138.61419901093282,4.049536584115687
365,103201,6666,6667,107.94731290113103,11,1.0,cycle_path,"LINESTRING (85006.484375 445121.3125, 85037.828125 444974.25)",1500.0,11.11111111111111,4.166666666666667,9.715258161101794,1.0,1500.0,1500.0,11.11111111111111,4.166666666666667,25.907355096271445,9.715258161101794,25.907355096271445,99999,0.15,4,0,0,107.94731290113103,4.794902361006297
366,103202,6667,6666,107.94731290113103,11,1.0,cycle_path,"LINESTRING (85006.484375 445121.3125, 85037.828125 444974.25)",1500.0,11.11111111111111,4.166666666666667,9.715258161101794,1.0,1500.0,1500.0,11.11111111111111,4.166666666666667,25.907355096271445,9.715258161101794,25.907355096271445,99999,0.15,4,0,0,107.94731290113103,4.794902361006297
367,103231,6667,6668,144.06711308011782,11,1.0,cycle_path,"LINESTRING (85037.828125 444974.25, 85226.5 445042.625)",1500.0,11.11111111111111,4.166666666666667,12.966040177210605,1.0,1500.0,1500.0,11.11111111111111,4.166666666666667,34.57610713922828,12.966040177210605,34.57610713922828,99999,0.15,4,0,0,144.06711308011782,0.0
368,103232,6668,6667,144.06711308011782,11,1.0,cycle_path,"LINESTRING (85037.828125 444974.25, 85226.5 445042.625)",1500.0,11.11111111111111,4.166666666666667,12.966040177210605,1.0,1500.0,1500.0,11.11111111111111,4.166666666666667,34.57610713922828,12.966040177210605,34.57610713922828,99999,0.15,4,0,0,144.06711308011782,0.0
369,103261,6667,6669,369.19177899496293,11,1.0,cycle_path,"LINESTRING (85037.828125 444974.25, 85053.6484375 444880.9375, 85166.8125 444476.40625)",1500.0,11.11111111111111,4.166666666666667,33.22726010954666,1.0,1500.0,1500.0,11.11111111111111,4.166666666666667,88.60602695879109,33.22726010954666,88.60602695879109,99999,0.15,4,0,0,369.19177899496293,0.0
370,103262,6669,6667,369.19177899496293,11,1.0,cycle_path,"LINESTRING (85037.828125 444974.25, 85053.6484375 444880.9375, 85166.8125 444476.40625)",1500.0,11.11111111111111,4.166666666666667,33.22726010954666,1.0,1500.0,1500.0,11.11111111111111,4.166666666666667,88.60602695879109,33.22726010954666,88.60602695879109,99999,0.15,4,0,0,369.19177899496293,0.0
371,103401,6665,6673,134.55824722966042,5,1.0,None,"LINESTRING (85164.84375 445241.34375, 84985.8671875 445185.6875)",2200.0,19.444444444444443,4.166666666666667,6.920138428953965,1.0,2200.0,2200.0,19.444444444444443,4.166666666666667,32.2939793351185,6.920138428953965,32.2939793351185,99999,0.15,4,0,0,134.55824722966042,8.375740686062155
372,103411,6666,6673,48.52749630850058,11,1.0,cycle_path,"LINESTRING (85006.484375 445121.3125, 84985.8671875 445185.6875)",3000.0,11.11111111111111,4.166666666666667,4.367474667765053,1.0,3000.0,3000.0,11.11111111111111,4.166666666666667,11.64659911404014,4.367474667765053,11.64659911404014,99999,0.15,4,0,0,48.52749630850058,22.037705740124448
373,103412,6673,6666,48.52749630850058,11,1.0,cycle_path,"LINESTRING (85006.484375 445121.3125, 84985.8671875 445185.6875)",3000.0,11.11111111111111,4.166666666666667,4.367474667765053,1.0,3000.0,3000.0,11.11111111111111,4.166666666666667,11.64659911404014,4.367474667765053,11.64659911404014,99999,0.15,4,0,0,48.52749630850058,22.037705740124448
374,103432,6674,6664,264.056646551792,6,2.0,None,"LINESTRING (85171.6328125 445221.34375, 84833.03125 445077.6875)",4000.0,22.22222222222222,4.166666666666667,11.882549094830642,2.0,2000.0,4000.0,22.22222222222222,4.166666666666667,63.37359517243008,11.882549094830642,63.37359517243008,99999,0.15,4,0,0,264.056646551792,2.851470779292473
375,103442,6674,6666,128.4003971254407,5,1.0,None,"LINESTRING (85006.484375 445121.3125, 84833.03125 445077.6875)",2200.0,19.444444444444443,4.166666666666667,6.6034489950226645,1.0,2200.0,2200.0,19.444444444444443,4.166666666666667,30.816095310105762,6.6034489950226645,30.816095310105762,99999,0.15,4,0,0,128.4003971254407,1.057587362879355
376,103461,6665,6675,282.39878077645875,6,2.0,None,"LINESTRING (85164.84375 445241.34375, 84801.34375 445091)",4000.0,22.22222222222222,4.166666666666667,12.707945134940644,2.0,2000.0,4000.0,22.22222222222222,4.166666666666667,67.77570738635009,12.707945134940644,67.77570738635009,99999,0.15,4,0,0,282.39878077645875,5.54523126443691
377,103471,6673,6675,148.89312649418673,5,1.0,None,"LINESTRING (84985.8671875 445185.6875, 84801.34375 445091)",2200.0,19.444444444444443,4.166666666666667,7.657360791129604,1.0,2200.0,2200.0,19.444444444444443,4.166666666666667,35.734350358604814,7.657360791129604,35.734350358604814,99999,0.15,4,0,0,148.89312649418673,6.95592774146908
378,103681,6668,6682,367.16100297395883,11,1.0,cycle_path,"LINESTRING (85226.5 445042.625, 85269.296875 444937.21875, 85295.2578125 444925.4375, 85451.0859375 444583.125)",1500.0,11.11111111111111,4.166666666666667,33.04449026765629,1.0,1500.0,1500.0,11.11111111111111,4.166666666666667,88.11864071375011,33.04449026765629,88.11864071375011,99999,0.15,4,0,0,367.16100297395883,0.0
379,103682,6682,6668,367.16100297395883,11,1.0,cycle_path,"LINESTRING (85226.5 445042.625, 85269.296875 444937.21875, 85295.2578125 444925.4375, 85451.0859375 444583.125)",1500.0,11.11111111111111,4.166666666666667,33.04449026765629,1.0,1500.0,1500.0,11.11111111111111,4.166666666666667,88.11864071375011,33.04449026765629,88.11864071375011,99999,0.15,4,0,0,367.16100297395883,0.0
380,103721,6682,6683,365.2750562902985,11,1.0,cycle_path,"LINESTRING (85451.0859375 444583.125, 85500.65625 444399, 85631.671875 444107.40625)",1500.0,11.11111111111111,4.166666666666667,32.874755066126866,1.0,1500.0,1500.0,11.11111111111111,4.166666666666667,87.66601350967163,32.874755066126866,87.66601350967163,99999,0.15,4,0,0,365.2750562902985,38.15185265544358
381,103722,6683,6682,365.2750562902985,11,1.0,cycle_path,"LINESTRING (85451.0859375 444583.125, 85500.65625 444399, 85631.671875 444107.40625)",1500.0,11.11111111111111,4.166666666666667,32.874755066126866,1.0,1500.0,1500.0,11.11111111111111,4.166666666666667,87.66601350967163,32.874755066126866,87.66601350967163,99999,0.15,4,0,0,365.2750562902985,38.15185265544358
382,103761,6683,6684,121.40377017455327,11,1.0,cycle_path,"LINESTRING (85631.671875 444107.40625, 85472.3203125 444050.75)",1500.0,11.11111111111111,4.166666666666667,10.926339315709795,1.0,1500.0,1500.0,11.11111111111111,4.166666666666667,29.136904841892783,10.926339315709795,29.136904841892783,99999,0.15,4,0,0,121.40377017455327,100.0
383,103762,6684,6683,121.40377017455327,11,1.0,cycle_path,"LINESTRING (85631.671875 444107.40625, 85472.3203125 444050.75)",1500.0,11.11111111111111,4.166666666666667,10.926339315709795,1.0,1500.0,1500.0,11.11111111111111,4.166666666666667,29.136904841892783,10.926339315709795,29.136904841892783,99999,0.15,4,0,0,121.40377017455327,100.0
384,103841,6678,6687,130.11680890909352,10,1.0,None,"LINESTRING (84306.59375 445105.28125, 84474.0625 445174.59375)",1200.0,9.722222222222221,4.166666666666667,13.383443202078192,1.0,1200.0,1200.0,9.722222222222221,4.166666666666667,31.228034138182444,13.383443202078192,31.228034138182444,99999,0.15,4,0,0,130.11680890909352,61.6159448577994
385,103842,6687,6678,130.11680890909352,10,1.0,None,"LINESTRING (84306.59375 445105.28125, 84474.0625 445174.59375)",1200.0,9.722222222222221,4.166666666666667,13.383443202078192,1.0,1200.0,1200.0,9.722222222222221,4.166666666666667,31.228034138182444,13.383443202078192,31.228034138182444,99999,0.15,4,0,0,130.11680890909352,61.6159448577994
386,103851,6686,6687,137.05717865188987,10,1.0,None,"LINESTRING (84663.9375 445194.46875, 84591.078125 445165.75, 84521.53125 445132.625, 84474.0625 445174.59375)",1200.0,9.722222222222221,4.166666666666667,14.097309804194389,1.0,1200.0,1200.0,9.722222222222221,4.166666666666667,32.893722876453566,14.097309804194389,32.893722876453566,99999,0.15,4,0,0,137.05717865188987,81.47626201965438
387,103852,6687,6686,137.05717865188987,10,1.0,None,"LINESTRING (84663.9375 445194.46875, 84591.078125 445165.75, 84521.53125 445132.625, 84474.0625 445174.59375)",1200.0,9.722222222222221,4.166666666666667,14.097309804194389,1.0,1200.0,1200.0,9.722222222222221,4.166666666666667,32.893722876453566,14.097309804194389,32.893722876453566,99999,0.15,4,0,0,137.05717865188987,81.47626201965438
388,104261,6695,6699,155.53308653783003,10,1.0,None,"LINESTRING (84343.8125 444442.65625, 84368.9375 444501.375, 84390.1640625 444523.96875, 84425.078125 444534.21875, 84441.515625 444553.40625, 84468.8984375 444561.59375, 84486.0234375 444577.375, 84493.546875 444599.25)",1200.0,9.722222222222221,4.166666666666667,15.997688901033948,1.0,1200.0,1200.0,9.722222222222221,4.166666666666667,37.327940769079206,15.997688901033948,37.327940769079206,99999,0.15,4,0,0,155.53308653783003,24.893061884395813
389,104262,6699,6695,155.53308653783003,10,1.0,None,"LINESTRING (84343.8125 444442.65625, 84368.9375 444501.375, 84390.1640625 444523.96875, 84425.078125 444534.21875, 84441.515625 444553.40625, 84468.8984375 444561.59375, 84486.0234375 444577.375, 84493.546875 444599.25)",1200.0,9.722222222222221,4.166666666666667,15.997688901033948,1.0,1200.0,1200.0,9.722222222222221,4.166666666666667,37.327940769079206,15.997688901033948,37.327940769079206,99999,0.15,4,0,0,155.53308653783003,24.893061884395813
390,104311,6680,6700,258.90393608521197,11,1.0,cycle_path,"LINESTRING (84841.2734375 446072.8125, 84704.5703125 446406.5)",1500.0,11.11111111111111,4.166666666666667,23.301354247669078,1.0,1500.0,1500.0,11.11111111111111,4.166666666666667,62.136944660450865,23.301354247669078,62.136944660450865,99999,0.15,4,0,0,258.90393608521197,57.066588040502495
391,104312,6700,6680,258.90393608521197,11,1.0,cycle_path,"LINESTRING (84841.2734375 446072.8125, 84704.5703125 446406.5)",1500.0,11.11111111111111,4.166666666666667,23.301354247669078,1.0,1500.0,1500.0,11.11111111111111,4.166666666666667,62.136944660450865,23.301354247669078,62.136944660450865,99999,0.15,4,0,0,258.90393608521197,57.066588040502495
392,104321,6539,6701,38.96550697823317,8,1.0,cycle_path,"LINESTRING (84463.6875 446868.78125, 84434.84375 446822.8125)",1800.0,13.88888888888889,4.166666666666667,2.805516502432788,1.0,1800.0,1800.0,13.88888888888889,4.166666666666667,9.35172167477596,2.805516502432788,9.35172167477596,99999,0.15,4,0,0,38.96550697823317,1.7337201603726458
393,104322,6701,6539,38.96550697823317,8,1.0,cycle_path,"LINESTRING (84463.6875 446868.78125, 84434.84375 446822.8125)",1800.0,13.88888888888889,4.166666666666667,2.805516502432788,1.0,1800.0,1800.0,13.88888888888889,4.166666666666667,9.35172167477596,2.805516502432788,9.35172167477596,99999,0.15,4,0,0,38.96550697823317,1.7337201603726458
394,104331,6553,6701,42.58472442896069,8,1.0,cycle_path,"LINESTRING (84389.4375 446784.65625, 84434.84375 446822.8125)",1800.0,13.88888888888889,4.166666666666667,3.0661001588851695,1.0,1800.0,1800.0,13.88888888888889,4.166666666666667,10.220333862950564,3.0661001588851695,10.220333862950564,99999,0.15,4,0,0,42.58472442896069,15.726764205265217
395,104332,6701,6553,42.58472442896069,8,1.0,cycle_path,"LINESTRING (84389.4375 446784.65625, 84434.84375 446822.8125)",1800.0,13.88888888888889,4.166666666666667,3.0661001588851695,1.0,1800.0,1800.0,13.88888888888889,4.166666666666667,10.220333862950564,3.0661001588851695,10.220333862950564,99999,0.15,4,0,0,42.58472442896069,15.726764205265217
396,104341,6700,6701,356.164231257651,11,1.0,cycle_path,"LINESTRING (84704.5703125 446406.5, 84660.1796875 446503.09375, 84624 446611.625, 84599.3203125 446706.1875, 84586.1640625 446760.46875, 84568.0703125 446779.375, 84480.8984375 446795, 84457.0546875 446804.0625, 84434.84375 446822.8125)",1500.0,11.11111111111111,4.166666666666667,32.05478081318859,1.0,1500.0,1500.0,11.11111111111111,4.166666666666667,85.47941550183624,32.05478081318859,85.47941550183624,99999,0.15,4,0,0,356.164231257651,91.60921364717062
397,104342,6701,6700,356.164231257651,11,1.0,cycle_path,"LINESTRING (84704.5703125 446406.5, 84660.1796875 446503.09375, 84624 446611.625, 84599.3203125 446706.1875, 84586.1640625 446760.46875, 84568.0703125 446779.375, 84480.8984375 446795, 84457.0546875 446804.0625, 84434.84375 446822.8125)",1500.0,11.11111111111111,4.166666666666667,32.05478081318859,1.0,1500.0,1500.0,11.11111111111111,4.166666666666667,85.47941550183624,32.05478081318859,85.47941550183624,99999,0.15,4,0,0,356.164231257651,91.60921364717062
398,104401,6617,6703,52.14277681297361,7,1.0,cycle_path,"LINESTRING (86426.8125 447145.5625, 86495.4375 447169.3125)",2200.0,19.444444444444443,4.166666666666667,2.6816285218100715,1.0,2200.0,2200.0,19.444444444444443,4.166666666666667,12.514266435113665,2.6816285218100715,12.514266435113665,99999,0.15,4,0,0,52.14277681297361,1.179194084973482
399,104402,6703,6617,52.14277681297361,7,1.0,cycle_path,"LINESTRING (86426.8125 447145.5625, 86495.4375 447169.3125)",2200.0,19.444444444444443,4.166666666666667,2.6816285218100715,1.0,2200.0,2200.0,19.444444444444443,4.166666666666667,12.514266435113665,2.6816285218100715,12.514266435113665,99999,0.15,4,0,0,52.14277681297361,1.179194084973482
400,104421,6703,6704,150.28799132646915,7,1.0,cycle_path,"LINESTRING (86495.4375 447169.3125, 86690.515625 447245.15625)",2200.0,19.444444444444443,4.166666666666667,7.729096696789843,1.0,2200.0,2200.0,19.444444444444443,4.166666666666667,36.069117918352596,7.729096696789843,36.069117918352596,99999,0.15,4,0,0,150.28799132646915,0.0
401,104422,6704,6703,150.28799132646915,7,1.0,cycle_path,"LINESTRING (86495.4375 447169.3125, 86690.515625 447245.15625)",2200.0,19.444444444444443,4.166666666666667,7.729096696789843,1.0,2200.0,2200.0,19.444444444444443,4.166666666666667,36.069117918352596,7.729096696789843,36.069117918352596,99999,0.15,4,0,0,150.28799132646915,0.0
402,104561,6708,6709,127.85843513600828,10,1.0,None,"LINESTRING (84274.15625 446226.875, 84107.6953125 446163.59375)",1200.0,9.722222222222221,4.166666666666667,13.15115332827514,1.0,1200.0,1200.0,9.722222222222221,4.166666666666667,30.686024432641986,13.15115332827514,30.686024432641986,99999,0.15,4,0,0,127.85843513600828,9.518858154362334
403,104562,6709,6708,127.85843513600828,10,1.0,None,"LINESTRING (84274.15625 446226.875, 84107.6953125 446163.59375)",1200.0,9.722222222222221,4.166666666666667,13.15115332827514,1.0,1200.0,1200.0,9.722222222222221,4.166666666666667,30.686024432641986,13.15115332827514,30.686024432641986,99999,0.15,4,0,0,127.85843513600828,9.518858154362334
404,104611,6708,6711,147.3650969606491,10,1.0,None,"LINESTRING (84274.15625 446226.875, 84205.265625 446420.21875)",1200.0,9.722222222222221,4.166666666666667,15.157552830238195,1.0,1200.0,1200.0,9.722222222222221,4.166666666666667,35.36762327055578,15.157552830238195,35.36762327055578,99999,0.15,4,0,0,147.3650969606491,19.148358607190232
405,104612,6711,6708,147.3650969606491,10,1.0,None,"LINESTRING (84274.15625 446226.875, 84205.265625 446420.21875)",1200.0,9.722222222222221,4.166666666666667,15.157552830238195,1.0,1200.0,1200.0,9.722222222222221,4.166666666666667,35.36762327055578,15.157552830238195,35.36762327055578,99999,0.15,4,0,0,147.3650969606491,19.148358607190232
406,104781,6714,6715,217.90803118369772,8,1.0,cycle_path,"LINESTRING (83662.1171875 446319.65625, 83370.7578125 446234.65625)",1800.0,13.88888888888889,4.166666666666667,15.689378245226235,1.0,1800.0,1800.0,13.88888888888889,4.166666666666667,52.297927484087445,15.689378245226235,52.297927484087445,99999,0.15,4,0,0,217.90803118369772,36.49286425694521
407,104782,6715,6714,217.90803118369772,8,1.0,cycle_path,"LINESTRING (83662.1171875 446319.65625, 83370.7578125 446234.65625)",1800.0,13.88888888888889,4.166666666666667,15.689378245226235,1.0,1800.0,1800.0,13.88888888888889,4.166666666666667,52.297927484087445,15.689378245226235,52.297927484087445,99999,0.15,4,0,0,217.90803118369772,36.49286425694521
408,104821,6552,6717,132.86219132855905,10,1.0,None,"LINESTRING (84046.25 446795.40625, 83899.1640625 446683.125)",1200.0,9.722222222222221,4.166666666666667,13.665825393794647,1.0,1200.0,1200.0,9.722222222222221,4.166666666666667,31.88692591885417,13.665825393794647,31.88692591885417,99999,0.15,4,0,0,132.86219132855905,3.6629172945289015
409,104822,6717,6552,132.86219132855905,10,1.0,None,"LINESTRING (84046.25 446795.40625, 83899.1640625 446683.125)",1200.0,9.722222222222221,4.166666666666667,13.665825393794647,1.0,1200.0,1200.0,9.722222222222221,4.166666666666667,31.88692591885417,13.665825393794647,31.88692591885417,99999,0.15,4,0,0,132.86219132855905,3.6629172945289015
410,104831,6712,6717,169.72207027687287,11,1.0,cycle_path,"LINESTRING (84013.25 446476.09375, 83899.1640625 446683.125)",1500.0,11.11111111111111,4.166666666666667,15.274986324918558,1.0,1500.0,1500.0,11.11111111111111,4.166666666666667,40.733296866449486,15.274986324918558,40.733296866449486,99999,0.15,4,0,0,169.72207027687287,32.65684730241599
411,104832,6717,6712,169.72207027687287,11,1.0,cycle_path,"LINESTRING (84013.25 446476.09375, 83899.1640625 446683.125)",1500.0,11.11111111111111,4.166666666666667,15.274986324918558,1.0,1500.0,1500.0,11.11111111111111,4.166666666666667,40.733296866449486,15.274986324918558,40.733296866449486,99999,0.15,4,0,0,169.72207027687287,32.65684730241599
412,104851,6717,6718,127.78986329378984,11,1.0,cycle_path,"LINESTRING (83899.1640625 446683.125, 83805.3046875 446834.34375)",1500.0,11.11111111111111,4.166666666666667,11.501087696441086,1.0,1500.0,1500.0,11.11111111111111,4.166666666666667,30.669567190509557,11.501087696441086,30.669567190509557,99999,0.15,4,0,0,127.78986329378984,0.0
413,104852,6718,6717,127.78986329378984,11,1.0,cycle_path,"LINESTRING (83899.1640625 446683.125, 83805.3046875 446834.34375)",1500.0,11.11111111111111,4.166666666666667,11.501087696441086,1.0,1500.0,1500.0,11.11111111111111,4.166666666666667,30.669567190509557,11.501087696441086,30.669567190509557,99999,0.15,4,0,0,127.78986329378984,0.0
414,104861,5011,6553,144.97518592035723,8,1.0,cycle_path,"LINESTRING (84238.5625 446650.46875, 84389.4375 446784.65625)",1800.0,13.88888888888889,4.166666666666667,10.438213386265721,1.0,1800.0,1800.0,13.88888888888889,4.166666666666667,34.794044620885735,10.438213386265721,34.794044620885735,99999,0.15,4,0,0,144.97518592035723,10.298296665597508
415,104862,6553,5011,144.97518592035723,8,1.0,cycle_path,"LINESTRING (84238.5625 446650.46875, 84389.4375 446784.65625)",1800.0,13.88888888888889,4.166666666666667,10.438213386265721,1.0,1800.0,1800.0,13.88888888888889,4.166666666666667,34.794044620885735,10.438213386265721,34.794044620885735,99999,0.15,4,0,0,144.97518592035723,10.298296665597508
416,104871,5011,6712,204.56134018130848,8,1.0,cycle_path,"LINESTRING (84238.5625 446650.46875, 84013.25 446476.09375)",1800.0,13.88888888888889,4.166666666666667,14.72841649305421,1.0,1800.0,1800.0,13.88888888888889,4.166666666666667,49.094721643514035,14.72841649305421,49.094721643514035,99999,0.15,4,0,0,204.56134018130848,26.06878465642108
417,104872,6712,5011,204.56134018130848,8,1.0,cycle_path,"LINESTRING (84238.5625 446650.46875, 84013.25 446476.09375)",1800.0,13.88888888888889,4.166666666666667,14.72841649305421,1.0,1800.0,1800.0,13.88888888888889,4.166666666666667,49.094721643514035,14.72841649305421,49.094721643514035,99999,0.15,4,0,0,204.56134018130848,26.06878465642108
418,104891,5011,6711,167.036930263242,10,1.0,None,"LINESTRING (84238.5625 446650.46875, 84231.2421875 446609.75, 84251.109375 446563.375, 84253.3203125 446480.59375, 84225.71875 446456.28125, 84205.265625 446420.21875)",1200.0,9.722222222222221,4.166666666666667,17.180941398504892,1.0,1200.0,1200.0,9.722222222222221,4.166666666666667,40.08886326317808,17.180941398504892,40.08886326317808,99999,0.15,4,0,0,167.036930263242,24.060491261870602
419,104892,6711,5011,167.036930263242,10,1.0,None,"LINESTRING (84238.5625 446650.46875, 84231.2421875 446609.75, 84251.109375 446563.375, 84253.3203125 446480.59375, 84225.71875 446456.28125, 84205.265625 446420.21875)",1200.0,9.722222222222221,4.166666666666667,17.180941398504892,1.0,1200.0,1200.0,9.722222222222221,4.166666666666667,40.08886326317808,17.180941398504892,40.08886326317808,99999,0.15,4,0,0,167.036930263242,24.060491261870602
420,104901,6527,6719,66.11538941724439,10,1.0,None,"LINESTRING (84168.3125 447027.0625, 84177.140625 446935.40625)",1200.0,9.722222222222221,4.166666666666667,6.800440054345137,1.0,1200.0,1200.0,9.722222222222221,4.166666666666667,15.867693460138652,6.800440054345137,15.867693460138652,99999,0.15,4,0,0,66.11538941724439,12.833424000165081
421,104902,6719,6527,66.11538941724439,10,1.0,None,"LINESTRING (84168.3125 447027.0625, 84177.140625 446935.40625)",1200.0,9.722222222222221,4.166666666666667,6.800440054345137,1.0,1200.0,1200.0,9.722222222222221,4.166666666666667,15.867693460138652,6.800440054345137,15.867693460138652,99999,0.15,4,0,0,66.11538941724439,12.833424000165081
422,104911,6552,6719,137.61169975911739,10,1.0,None,"LINESTRING (84046.25 446795.40625, 84092.2578125 446828.28125, 84081.3046875 446889.625, 84128.5703125 446924.40625, 84177.140625 446935.40625)",1200.0,9.722222222222221,4.166666666666667,14.154346260937789,1.0,1200.0,1200.0,9.722222222222221,4.166666666666667,33.02680794218817,14.154346260937789,33.02680794218817,99999,0.15,4,0,0,137.61169975911739,13.171115408400883
423,104912,6719,6552,137.61169975911739,10,1.0,None,"LINESTRING (84046.25 446795.40625, 84092.2578125 446828.28125, 84081.3046875 446889.625, 84128.5703125 446924.40625, 84177.140625 446935.40625)",1200.0,9.722222222222221,4.166666666666667,14.154346260937789,1.0,1200.0,1200.0,9.722222222222221,4.166666666666667,33.02680794218817,14.154346260937789,33.02680794218817,99999,0.15,4,0,0,137.61169975911739,13.171115408400883
424,104921,5011,6719,209.2863044774775,10,1.0,None,"LINESTRING (84238.5625 446650.46875, 84234.5625 446696.96875, 84205.8515625 446832.78125, 84177.140625 446935.40625)",1200.0,9.722222222222221,4.166666666666667,21.5265913176834,1.0,1200.0,1200.0,9.722222222222221,4.166666666666667,50.228713074594594,21.5265913176834,50.228713074594594,99999,0.15,4,0,0,209.2863044774775,14.158574888163155
425,104922,6719,5011,209.2863044774775,10,1.0,None,"LINESTRING (84238.5625 446650.46875, 84234.5625 446696.96875, 84205.8515625 446832.78125, 84177.140625 446935.40625)",1200.0,9.722222222222221,4.166666666666667,21.5265913176834,1.0,1200.0,1200.0,9.722222222222221,4.166666666666667,50.228713074594594,21.5265913176834,50.228713074594594,99999,0.15,4,0,0,209.2863044774775,14.158574888163155
426,105131,6726,6727,288.5057915986639,7,1.0,cycle_path,"LINESTRING (82405.8046875 448836.25, 82201.015625 449181.875)",2200.0,19.444444444444443,4.166666666666667,14.83744071078843,1.0,2200.0,2200.0,19.444444444444443,4.166666666666667,69.24138998367933,14.83744071078843,69.24138998367933,99999,0.15,4,0,0,288.5057915986639,0.0
427,105132,6727,6726,288.5057915986639,7,1.0,cycle_path,"LINESTRING (82405.8046875 448836.25, 82201.015625 449181.875)",2200.0,19.444444444444443,4.166666666666667,14.83744071078843,1.0,2200.0,2200.0,19.444444444444443,4.166666666666667,69.24138998367933,14.83744071078843,69.24138998367933,99999,0.15,4,0,0,288.5057915986639,0.0
428,105141,6491,6728,234.46388343102112,7,1.0,cycle_path,"LINESTRING (82739.1328125 448258.5, 82572.8671875 448539.5)",2200.0,19.444444444444443,4.166666666666667,12.058142576452516,1.0,2200.0,2200.0,19.444444444444443,4.166666666666667,56.27133202344506,12.058142576452516,56.27133202344506,99999,0.15,4,0,0,234.46388343102112,0.0
429,105142,6728,6491,234.46388343102112,7,1.0,cycle_path,"LINESTRING (82739.1328125 448258.5, 82572.8671875 448539.5)",2200.0,19.444444444444443,4.166666666666667,12.058142576452516,1.0,2200.0,2200.0,19.444444444444443,4.166666666666667,56.27133202344506,12.058142576452516,56.27133202344506,99999,0.15,4,0,0,234.46388343102112,0.0
430,105151,6726,6728,244.5518735832999,7,1.0,cycle_path,"LINESTRING (82405.8046875 448836.25, 82572.8671875 448539.5)",2200.0,19.444444444444443,4.166666666666667,12.576953498569711,1.0,2200.0,2200.0,19.444444444444443,4.166666666666667,58.69244965999197,12.576953498569711,58.69244965999197,99999,0.15,4,0,0,244.5518735832999,0.0
431,105152,6728,6726,244.5518735832999,7,1.0,cycle_path,"LINESTRING (82405.8046875 448836.25, 82572.8671875 448539.5)",2200.0,19.444444444444443,4.166666666666667,12.576953498569711,1.0,2200.0,2200.0,19.444444444444443,4.166666666666667,58.69244965999197,12.576953498569711,58.69244965999197,99999,0.15,4,0,0,244.5518735832999,0.0
432,105401,6737,6738,93.92243342605467,10,1.0,None,"LINESTRING (83135.609375 447345.03125, 83252.3828125 447403.96875)",1200.0,9.722222222222221,4.166666666666667,9.660593152394195,1.0,1200.0,1200.0,9.722222222222221,4.166666666666667,22.54138402225312,9.660593152394195,22.54138402225312,99999,0.15,4,0,0,93.92243342605467,28.31169072008129
433,105402,6738,6737,93.92243342605467,10,1.0,None,"LINESTRING (83135.609375 447345.03125, 83252.3828125 447403.96875)",1200.0,9.722222222222221,4.166666666666667,9.660593152394195,1.0,1200.0,1200.0,9.722222222222221,4.166666666666667,22.54138402225312,9.660593152394195,22.54138402225312,99999,0.15,4,0,0,93.92243342605467,28.31169072008129
434,105431,6737,6739,59.08825470485994,10,1.0,None,"LINESTRING (83135.609375 447345.03125, 83102.4765625 447326.1875, 83057.765625 447318.34375)",1200.0,9.722222222222221,4.166666666666667,6.077649055357023,1.0,1200.0,1200.0,9.722222222222221,4.166666666666667,14.181181129166385,6.077649055357023,14.181181129166385,99999,0.15,4,0,0,59.08825470485994,34.91696046075211
435,105432,6739,6737,59.08825470485994,10,1.0,None,"LINESTRING (83135.609375 447345.03125, 83102.4765625 447326.1875, 83057.765625 447318.34375)",1200.0,9.722222222222221,4.166666666666667,6.077649055357023,1.0,1200.0,1200.0,9.722222222222221,4.166666666666667,14.181181129166385,6.077649055357023,14.181181129166385,99999,0.15,4,0,0,59.08825470485994,34.91696046075211
436,105461,6739,6740,145.10948147694816,10,1.0,None,"LINESTRING (83057.765625 447318.34375, 82989.875 447426.46875, 82959.8984375 447495.15625)",1200.0,9.722222222222221,4.166666666666667,14.925546666200384,1.0,1200.0,1200.0,9.722222222222221,4.166666666666667,34.82627555446756,14.925546666200384,34.82627555446756,99999,0.15,4,0,0,145.10948147694816,13.776424455460349
437,105462,6740,6739,145.10948147694816,10,1.0,None,"LINESTRING (83057.765625 447318.34375, 82989.875 447426.46875, 82959.8984375 447495.15625)",1200.0,9.722222222222221,4.166666666666667,14.925546666200384,1.0,1200.0,1200.0,9.722222222222221,4.166666666666667,34.82627555446756,14.925546666200384,34.82627555446756,99999,0.15,4,0,0,145.10948147694816,13.776424455460349
438,105601,6491,6746,30.37774290015612,10,1.0,None,"LINESTRING (82739.1328125 448258.5, 82734.625 448216.4375)",1200.0,9.722222222222221,4.166666666666667,3.1245678411589157,1.0,1200.0,1200.0,9.722222222222221,4.166666666666667,7.290658296037469,3.1245678411589157,7.290658296037469,99999,0.15,4,0,0,30.37774290015612,0.0
439,105602,6746,6491,30.37774290015612,10,1.0,None,"LINESTRING (82739.1328125 448258.5, 82734.625 448216.4375)",1200.0,9.722222222222221,4.166666666666667,3.1245678411589157,1.0,1200.0,1200.0,9.722222222222221,4.166666666666667,7.290658296037469,3.1245678411589157,7.290658296037469,99999,0.15,4,0,0,30.37774290015612,0.0
440,105771,6495,6751,172.5318296269166,8,1.0,cycle_path,"LINESTRING (83511.3203125 447870.96875, 83274.6171875 447912.21875)",1800.0,13.88888888888889,4.166666666666667,12.422291733137994,1.0,1800.0,1800.0,13.88888888888889,4.166666666666667,41.40763911045998,12.422291733137994,41.40763911045998,99999,0.15,4,0,0,172.5318296269166,6.494435425970553
441,105772,6751,6495,172.5318296269166,8,1.0,cycle_path,"LINESTRING (83511.3203125 447870.96875, 83274.6171875 447912.21875)",1800.0,13.88888888888889,4.166666666666667,12.422291733137994,1.0,1800.0,1800.0,13.88888888888889,4.166666666666667,41.40763911045998,12.422291733137994,41.40763911045998,99999,0.15,4,0,0,172.5318296269166,6.494435425970553
442,105791,4886,6752,70.75701827343019,10,1.0,None,"LINESTRING (83417.3515625 447792.96875, 83319.1015625 447785.4375)",1200.0,9.722222222222221,4.166666666666667,7.277864736695677,1.0,1200.0,1200.0,9.722222222222221,4.166666666666667,16.981684385623243,7.277864736695677,16.981684385623243,99999,0.15,4,0,0,70.75701827343019,44.64474234641159
443,105792,6752,4886,70.75701827343019,10,1.0,None,"LINESTRING (83417.3515625 447792.96875, 83319.1015625 447785.4375)",1200.0,9.722222222222221,4.166666666666667,7.277864736695677,1.0,1200.0,1200.0,9.722222222222221,4.166666666666667,16.981684385623243,7.277864736695677,16.981684385623243,99999,0.15,4,0,0,70.75701827343019,44.64474234641159
444,105841,6752,6753,23.484966002672287,10,1.0,None,"LINESTRING (83319.1015625 447785.4375, 83292.4140625 447804.34375)",1200.0,9.722222222222221,4.166666666666667,2.415596503132007,1.0,1200.0,1200.0,9.722222222222221,4.166666666666667,5.636391840641348,2.415596503132007,5.636391840641348,99999,0.15,4,0,0,23.484966002672287,0.0
445,105842,6753,6752,23.484966002672287,10,1.0,None,"LINESTRING (83319.1015625 447785.4375, 83292.4140625 447804.34375)",1200.0,9.722222222222221,4.166666666666667,2.415596503132007,1.0,1200.0,1200.0,9.722222222222221,4.166666666666667,5.636391840641348,2.415596503132007,5.636391840641348,99999,0.15,4,0,0,23.484966002672287,0.0
446,105921,6743,6757,80.93056485315925,10,1.0,None,"LINESTRING (82776.3984375 447778.75, 82679.6484375 447720.9375)",1200.0,9.722222222222221,4.166666666666667,8.324286670610666,1.0,1200.0,1200.0,9.722222222222221,4.166666666666667,19.42333556475822,8.324286670610666,19.42333556475822,99999,0.15,4,0,0,80.93056485315925,26.631958748150236
447,105922,6757,6743,80.93056485315925,10,1.0,None,"LINESTRING (82776.3984375 447778.75, 82679.6484375 447720.9375)",1200.0,9.722222222222221,4.166666666666667,8.324286670610666,1.0,1200.0,1200.0,9.722222222222221,4.166666666666667,19.42333556475822,8.324286670610666,19.42333556475822,99999,0.15,4,0,0,80.93056485315925,26.631958748150236
448,105931,6745,6757,20.47486993981562,10,1.0,None,"LINESTRING (82652.9453125 447710.9375, 82679.6484375 447720.9375)",1200.0,9.722222222222221,4.166666666666667,2.1059866223810353,1.0,1200.0,1200.0,9.722222222222221,4.166666666666667,4.913968785555748,2.1059866223810353,4.913968785555748,99999,0.15,4,0,0,20.47486993981562,9.396461602073458
449,105932,6757,6745,20.47486993981562,10,1.0,None,"LINESTRING (82652.9453125 447710.9375, 82679.6484375 447720.9375)",1200.0,9.722222222222221,4.166666666666667,2.1059866223810353,1.0,1200.0,1200.0,9.722222222222221,4.166666666666667,4.913968785555748,2.1059866223810353,4.913968785555748,99999,0.15,4,0,0,20.47486993981562,9.396461602073458
450,105951,6491,6758,216.44911679549628,6,2.0,None,"LINESTRING (82739.1328125 448258.5, 82831.515625 448123.09375, 82925.578125 448021.65625)",4000.0,22.22222222222222,4.166666666666667,9.740210255797333,2.0,2000.0,4000.0,22.22222222222222,4.166666666666667,51.94778803091911,9.740210255797333,51.94778803091911,99999,0.15,4,0,0,216.44911679549628,13.924469166080769
451,105952,6758,6491,216.44911679549628,6,2.0,None,"LINESTRING (82739.1328125 448258.5, 82831.515625 448123.09375, 82925.578125 448021.65625)",4000.0,22.22222222222222,4.166666666666667,9.740210255797333,2.0,2000.0,4000.0,22.22222222222222,4.166666666666667,51.94778803091911,9.740210255797333,51.94778803091911,99999,0.15,4,0,0,216.44911679549628,13.924469166080769
452,105971,6749,6758,123.46406697421475,6,2.0,None,"LINESTRING (83017.3359375 447876.25, 82979.890625 447947.09375, 82925.578125 448021.65625)",4000.0,22.22222222222222,4.166666666666667,5.555883013839663,2.0,2000.0,4000.0,22.22222222222222,4.166666666666667,29.631376073811538,5.555883013839663,29.631376073811538,99999,0.15,4,0,0,123.46406697421475,79.89622815040032
453,105972,6758,6749,123.46406697421475,6,2.0,None,"LINESTRING (83017.3359375 447876.25, 82979.890625 447947.09375, 82925.578125 448021.65625)",4000.0,22.22222222222222,4.166666666666667,5.555883013839663,2.0,2000.0,4000.0,22.22222222222222,4.166666666666667,29.631376073811538,5.555883013839663,29.631376073811538,99999,0.15,4,0,0,123.46406697421475,79.89622815040032
454,106001,6749,6759,279.78285872916024,6,2.0,None,"LINESTRING (83017.3359375 447876.25, 83057.53125 447791.8125, 83099.75 447679.4375, 83159.0078125 447513.28125)",4000.0,22.22222222222222,4.166666666666667,12.59022864281221,2.0,2000.0,4000.0,22.22222222222222,4.166666666666667,67.14788609499846,12.59022864281221,67.14788609499846,99999,0.15,4,0,0,279.78285872916024,69.78101151592173
455,106002,6759,6749,279.78285872916024,6,2.0,None,"LINESTRING (83017.3359375 447876.25, 83057.53125 447791.8125, 83099.75 447679.4375, 83159.0078125 447513.28125)",4000.0,22.22222222222222,4.166666666666667,12.59022864281221,2.0,2000.0,4000.0,22.22222222222222,4.166666666666667,67.14788609499846,12.59022864281221,67.14788609499846,99999,0.15,4,0,0,279.78285872916024,69.78101151592173
456,106031,6745,6760,239.80973958665888,10,1.0,None,"LINESTRING (82652.9453125 447710.9375, 82837.8359375 447432.8125)",1200.0,9.722222222222221,4.166666666666667,24.6661446431992,1.0,1200.0,1200.0,9.722222222222221,4.166666666666667,57.55433750079813,24.6661446431992,57.55433750079813,99999,0.15,4,0,0,239.80973958665888,19.70657647606046
457,106032,6760,6745,239.80973958665888,10,1.0,None,"LINESTRING (82652.9453125 447710.9375, 82837.8359375 447432.8125)",1200.0,9.722222222222221,4.166666666666667,24.6661446431992,1.0,1200.0,1200.0,9.722222222222221,4.166666666666667,57.55433750079813,24.6661446431992,57.55433750079813,99999,0.15,4,0,0,239.80973958665888,19.70657647606046
458,106061,6738,6761,130.94908160873982,10,1.0,None,"LINESTRING (83252.3828125 447403.96875, 83303.375 447425.6875, 83398.2421875 447513.4375)",1200.0,9.722222222222221,4.166666666666667,13.469048394041812,1.0,1200.0,1200.0,9.722222222222221,4.166666666666667,31.427779586097554,13.469048394041812,31.427779586097554,99999,0.15,4,0,0,130.94908160873982,8.037890043498637
459,106062,6761,6738,130.94908160873982,10,1.0,None,"LINESTRING (83252.3828125 447403.96875, 83303.375 447425.6875, 83398.2421875 447513.4375)",1200.0,9.722222222222221,4.166666666666667,13.469048394041812,1.0,1200.0,1200.0,9.722222222222221,4.166666666666667,31.427779586097554,13.469048394041812,31.427779586097554,99999,0.15,4,0,0,130.94908160873982,8.037890043498637
460,106081,4886,6762,187.94419670321702,10,1.0,None,"LINESTRING (83417.3515625 447792.96875, 83527.0859375 447555.34375)",1200.0,9.722222222222221,4.166666666666667,19.331403089473753,1.0,1200.0,1200.0,9.722222222222221,4.166666666666667,45.10660720877208,19.331403089473753,45.10660720877208,99999,0.15,4,0,0,187.94419670321702,24.879572646586773
461,106082,6762,4886,187.94419670321702,10,1.0,None,"LINESTRING (83417.3515625 447792.96875, 83527.0859375 447555.34375)",1200.0,9.722222222222221,4.166666666666667,19.331403089473753,1.0,1200.0,1200.0,9.722222222222221,4.166666666666667,45.10660720877208,19.331403089473753,45.10660720877208,99999,0.15,4,0,0,187.94419670321702,24.879572646586773
462,106091,6761,6762,97.2868863203642,10,1.0,None,"LINESTRING (83398.2421875 447513.4375, 83456.71875 447543.46875, 83527.0859375 447555.34375)",1200.0,9.722222222222221,4.166666666666667,10.006651164380319,1.0,1200.0,1200.0,9.722222222222221,4.166666666666667,23.348852716887407,10.006651164380319,23.348852716887407,99999,0.15,4,0,0,97.2868863203642,26.37278146805013
463,106092,6762,6761,97.2868863203642,10,1.0,None,"LINESTRING (83398.2421875 447513.4375, 83456.71875 447543.46875, 83527.0859375 447555.34375)",1200.0,9.722222222222221,4.166666666666667,10.006651164380319,1.0,1200.0,1200.0,9.722222222222221,4.166666666666667,23.348852716887407,10.006651164380319,23.348852716887407,99999,0.15,4,0,0,97.2868863203642,26.37278146805013
464,106111,6752,6763,149.56404768401742,10,1.0,None,"LINESTRING (83319.1015625 447785.4375, 83371.3671875 447583.8125)",1200.0,9.722222222222221,4.166666666666667,15.383730618927508,1.0,1200.0,1200.0,9.722222222222221,4.166666666666667,35.89537144416418,15.383730618927508,35.89537144416418,99999,0.15,4,0,0,149.56404768401742,6.133578123745272
465,106112,6763,6752,149.56404768401742,10,1.0,None,"LINESTRING (83319.1015625 447785.4375, 83371.3671875 447583.8125)",1200.0,9.722222222222221,4.166666666666667,15.383730618927508,1.0,1200.0,1200.0,9.722222222222221,4.166666666666667,35.89537144416418,15.383730618927508,35.89537144416418,99999,0.15,4,0,0,149.56404768401742,6.133578123745272
466,106121,6761,6763,54.09223974441288,10,1.0,None,"LINESTRING (83398.2421875 447513.4375, 83371.3671875 447583.8125)",1200.0,9.722222222222221,4.166666666666667,5.563773230853896,1.0,1200.0,1200.0,9.722222222222221,4.166666666666667,12.98213753865909,5.563773230853896,12.98213753865909,99999,0.15,4,0,0,54.09223974441288,0.0
467,106122,6763,6761,54.09223974441288,10,1.0,None,"LINESTRING (83398.2421875 447513.4375, 83371.3671875 447583.8125)",1200.0,9.722222222222221,4.166666666666667,5.563773230853896,1.0,1200.0,1200.0,9.722222222222221,4.166666666666667,12.98213753865909,5.563773230853896,12.98213753865909,99999,0.15,4,0,0,54.09223974441288,0.0
468,106131,6738,6764,98.3032793431193,10,1.0,None,"LINESTRING (83252.3828125 447403.96875, 83199.0625 447530.0625)",1200.0,9.722222222222221,4.166666666666667,10.111194446720843,1.0,1200.0,1200.0,9.722222222222221,4.166666666666667,23.59278704234863,10.111194446720843,23.59278704234863,99999,0.15,4,0,0,98.3032793431193,15.302028408332994
469,106132,6764,6738,98.3032793431193,10,1.0,None,"LINESTRING (83252.3828125 447403.96875, 83199.0625 447530.0625)",1200.0,9.722222222222221,4.166666666666667,10.111194446720843,1.0,1200.0,1200.0,9.722222222222221,4.166666666666667,23.59278704234863,10.111194446720843,23.59278704234863,99999,0.15,4,0,0,98.3032793431193,15.302028408332994
470,106151,6763,6764,129.60380275583708,10,1.0,None,"LINESTRING (83371.3671875 447583.8125, 83293.8984375 447557.6875, 83199.0625 447530.0625)",1200.0,9.722222222222221,4.166666666666667,13.3306768548861,1.0,1200.0,1200.0,9.722222222222221,4.166666666666667,31.104912661400896,13.3306768548861,31.104912661400896,99999,0.15,4,0,0,129.60380275583708,0.0
471,106152,6764,6763,129.60380275583708,10,1.0,None,"LINESTRING (83371.3671875 447583.8125, 83293.8984375 447557.6875, 83199.0625 447530.0625)",1200.0,9.722222222222221,4.166666666666667,13.3306768548861,1.0,1200.0,1200.0,9.722222222222221,4.166666666666667,31.104912661400896,13.3306768548861,31.104912661400896,99999,0.15,4,0,0,129.60380275583708,0.0
472,106161,4874,6765,216.01017020589774,10,1.0,None,"LINESTRING (83445.578125 447832.03125, 83533.4375 447657.625, 83557.9140625 447552.96875)",1200.0,9.722222222222221,4.166666666666667,22.21818893546377,1.0,1200.0,1200.0,9.722222222222221,4.166666666666667,51.84244084941545,22.21818893546377,51.84244084941545,99999,0.15,4,0,0,216.01017020589774,15.056879638186732
473,106162,6765,4874,216.01017020589774,10,1.0,None,"LINESTRING (83445.578125 447832.03125, 83533.4375 447657.625, 83557.9140625 447552.96875)",1200.0,9.722222222222221,4.166666666666667,22.21818893546377,1.0,1200.0,1200.0,9.722222222222221,4.166666666666667,51.84244084941545,22.21818893546377,51.84244084941545,99999,0.15,4,0,0,216.01017020589774,15.056879638186732
474,106191,6762,6765,22.201799187613187,10,1.0,None,"LINESTRING (83527.0859375 447555.34375, 83557.9140625 447552.96875)",1200.0,9.722222222222221,4.166666666666667,2.283613630725928,1.0,1200.0,1200.0,9.722222222222221,4.166666666666667,5.328431805027164,2.283613630725928,5.328431805027164,99999,0.15,4,0,0,22.201799187613187,0.0
475,106192,6765,6762,22.201799187613187,10,1.0,None,"LINESTRING (83527.0859375 447555.34375, 83557.9140625 447552.96875)",1200.0,9.722222222222221,4.166666666666667,2.283613630725928,1.0,1200.0,1200.0,9.722222222222221,4.166666666666667,5.328431805027164,2.283613630725928,5.328431805027164,99999,0.15,4,0,0,22.201799187613187,0.0
476,106211,6499,6766,115.24600714471237,11,1.0,cycle_path,"LINESTRING (83632.7734375 447687.15625, 83584.7890625 447534)",1500.0,11.11111111111111,4.166666666666667,10.372140643024114,1.0,1500.0,1500.0,11.11111111111111,4.166666666666667,27.659041714730964,10.372140643024114,27.659041714730964,99999,0.15,4,0,0,115.24600714471237,0.0
477,106212,6766,6499,115.24600714471237,11,1.0,cycle_path,"LINESTRING (83632.7734375 447687.15625, 83584.7890625 447534)",1500.0,11.11111111111111,4.166666666666667,10.372140643024114,1.0,1500.0,1500.0,11.11111111111111,4.166666666666667,27.659041714730964,10.372140643024114,27.659041714730964,99999,0.15,4,0,0,115.24600714471237,0.0
478,106231,6765,6766,23.620314027887726,10,1.0,None,"LINESTRING (83557.9140625 447552.96875, 83584.7890625 447534)",1200.0,9.722222222222221,4.166666666666667,2.4295180142970234,1.0,1200.0,1200.0,9.722222222222221,4.166666666666667,5.668875366693054,2.4295180142970234,5.668875366693054,99999,0.15,4,0,0,23.620314027887726,0.0
479,106232,6766,6765,23.620314027887726,10,1.0,None,"LINESTRING (83557.9140625 447552.96875, 83584.7890625 447534)",1200.0,9.722222222222221,4.166666666666667,2.4295180142970234,1.0,1200.0,1200.0,9.722222222222221,4.166666666666667,5.668875366693054,2.4295180142970234,5.668875366693054,99999,0.15,4,0,0,23.620314027887726,0.0
480,106271,6736,6768,26.39965830352834,10,1.0,None,"LINESTRING (82737.46875 447302.78125, 82718.6640625 447334.375)",1200.0,9.722222222222221,4.166666666666667,2.7153934255057726,1.0,1200.0,1200.0,9.722222222222221,4.166666666666667,6.3359179928468015,2.7153934255057726,6.3359179928468015,99999,0.15,4,0,0,26.39965830352834,67.19370777248102
481,106272,6768,6736,26.39965830352834,10,1.0,None,"LINESTRING (82737.46875 447302.78125, 82718.6640625 447334.375)",1200.0,9.722222222222221,4.166666666666667,2.7153934255057726,1.0,1200.0,1200.0,9.722222222222221,4.166666666666667,6.3359179928468015,2.7153934255057726,6.3359179928468015,99999,0.15,4,0,0,26.39965830352834,67.19370777248102
482,106281,6760,6768,110.98730432919425,10,1.0,None,"LINESTRING (82837.8359375 447432.8125, 82718.6640625 447334.375)",1200.0,9.722222222222221,4.166666666666667,11.415837016717123,1.0,1200.0,1200.0,9.722222222222221,4.166666666666667,26.636953039006617,11.415837016717123,26.636953039006617,99999,0.15,4,0,0,110.98730432919425,42.25925269728264
483,106282,6768,6760,110.98730432919425,10,1.0,None,"LINESTRING (82837.8359375 447432.8125, 82718.6640625 447334.375)",1200.0,9.722222222222221,4.166666666666667,11.415837016717123,1.0,1200.0,1200.0,9.722222222222221,4.166666666666667,26.636953039006617,11.415837016717123,26.636953039006617,99999,0.15,4,0,0,110.98730432919425,42.25925269728264
484,106301,6739,6769,86.25413732405814,10,1.0,None,"LINESTRING (83057.765625 447318.34375, 82966.3671875 447308.5, 82940.515625 447292.21875)",1200.0,9.722222222222221,4.166666666666667,8.871854124760267,1.0,1200.0,1200.0,9.722222222222221,4.166666666666667,20.700992957773952,8.871854124760267,20.700992957773952,99999,0.15,4,0,0,86.25413732405814,0.8434021670691932
485,106302,6769,6739,86.25413732405814,10,1.0,None,"LINESTRING (83057.765625 447318.34375, 82966.3671875 447308.5, 82940.515625 447292.21875)",1200.0,9.722222222222221,4.166666666666667,8.871854124760267,1.0,1200.0,1200.0,9.722222222222221,4.166666666666667,20.700992957773952,8.871854124760267,20.700992957773952,99999,0.15,4,0,0,86.25413732405814,0.8434021670691932
486,106311,6760,6769,125.00818111808037,10,1.0,None,"LINESTRING (82837.8359375 447432.8125, 82909.2109375 447323.5, 82940.515625 447292.21875)",1200.0,9.722222222222221,4.166666666666667,12.857984343573982,1.0,1200.0,1200.0,9.722222222222221,4.166666666666667,30.001963468339287,12.857984343573982,30.001963468339287,99999,0.15,4,0,0,125.00818111808037,37.83297745528192
487,106312,6769,6760,125.00818111808037,10,1.0,None,"LINESTRING (82837.8359375 447432.8125, 82909.2109375 447323.5, 82940.515625 447292.21875)",1200.0,9.722222222222221,4.166666666666667,12.857984343573982,1.0,1200.0,1200.0,9.722222222222221,4.166666666666667,30.001963468339287,12.857984343573982,30.001963468339287,99999,0.15,4,0,0,125.00818111808037,37.83297745528192
488,106431,6524,6774,109.86880723771753,10,1.0,None,"LINESTRING (83800.9453125 447221.625, 83781.7734375 447252.9375, 83763.6171875 447262.03125, 83710.140625 447344.78125)",1200.0,9.722222222222221,4.166666666666667,11.300791601593804,1.0,1200.0,1200.0,9.722222222222221,4.166666666666667,26.368513737052208,11.300791601593804,26.368513737052208,99999,0.15,4,0,0,109.86880723771753,0.0
489,106432,6774,6524,109.86880723771753,10,1.0,None,"LINESTRING (83800.9453125 447221.625, 83781.7734375 447252.9375, 83763.6171875 447262.03125, 83710.140625 447344.78125)",1200.0,9.722222222222221,4.166666666666667,11.300791601593804,1.0,1200.0,1200.0,9.722222222222221,4.166666666666667,26.368513737052208,11.300791601593804,26.368513737052208,99999,0.15,4,0,0,109.86880723771753,0.0
490,106441,6766,6774,162.97692273805222,10,1.0,None,"LINESTRING (83584.7890625 447534, 83602.171875 447520.3125, 83658.671875 447428.5, 83710.140625 447344.78125)",1200.0,9.722222222222221,4.166666666666667,16.763340624485373,1.0,1200.0,1200.0,9.722222222222221,4.166666666666667,39.11446145713253,16.763340624485373,39.11446145713253,99999,0.15,4,0,0,162.97692273805222,0.0
491,106442,6774,6766,162.97692273805222,10,1.0,None,"LINESTRING (83584.7890625 447534, 83602.171875 447520.3125, 83658.671875 447428.5, 83710.140625 447344.78125)",1200.0,9.722222222222221,4.166666666666667,16.763340624485373,1.0,1200.0,1200.0,9.722222222222221,4.166666666666667,39.11446145713253,16.763340624485373,39.11446145713253,99999,0.15,4,0,0,162.97692273805222,0.0
492,106611,5259,6781,61.561582652279064,10,1.0,None,"LINESTRING (83329.5546875 446817.875, 83389.6484375 446756.71875)",1200.0,9.722222222222221,4.166666666666667,6.332048501377276,1.0,1200.0,1200.0,9.722222222222221,4.166666666666667,14.774779836546974,6.332048501377276,14.774779836546974,99999,0.15,4,0,0,61.561582652279064,0.0
493,106612,6781,5259,61.561582652279064,10,1.0,None,"LINESTRING (83329.5546875 446817.875, 83389.6484375 446756.71875)",1200.0,9.722222222222221,4.166666666666667,6.332048501377276,1.0,1200.0,1200.0,9.722222222222221,4.166666666666667,14.774779836546974,6.332048501377276,14.774779836546974,99999,0.15,4,0,0,61.561582652279064,0.0
494,106631,6775,6781,119.73044081164791,10,1.0,None,"LINESTRING (83519.3203125 446861.5625, 83389.6484375 446756.71875)",1200.0,9.722222222222221,4.166666666666667,12.315131054912358,1.0,1200.0,1200.0,9.722222222222221,4.166666666666667,28.735305794795497,12.315131054912358,28.735305794795497,99999,0.15,4,0,0,119.73044081164791,13.237732098321029
495,106632,6781,6775,119.73044081164791,10,1.0,None,"LINESTRING (83519.3203125 446861.5625, 83389.6484375 446756.71875)",1200.0,9.722222222222221,4.166666666666667,12.315131054912358,1.0,1200.0,1200.0,9.722222222222221,4.166666666666667,28.735305794795497,12.315131054912358,28.735305794795497,99999,0.15,4,0,0,119.73044081164791,13.237732098321029
496,106711,6778,6784,235.64275657284438,10,1.0,None,"LINESTRING (83475.640625 446791.40625, 83217 446589.375)",1200.0,9.722222222222221,4.166666666666667,24.237540676063993,1.0,1200.0,1200.0,9.722222222222221,4.166666666666667,56.55426157748265,24.237540676063993,56.55426157748265,99999,0.15,4,0,0,235.64275657284438,46.65840422051841
497,106712,6784,6778,235.64275657284438,16,,cycle_path,"LINESTRING (83475.640625 446791.40625, 83217 446589.375)",,,4.166666666666667,,,,,,4.166666666666667,56.55426157748265,,56.55426157748265,99999,0.15,4,0,0,235.64275657284438,46.65840422051841
498,106731,6781,6785,168.09099523815965,10,1.0,None,"LINESTRING (83389.6484375 446756.71875, 83204.625 446613.28125)",1200.0,9.722222222222221,4.166666666666667,17.28935951021071,1.0,1200.0,1200.0,9.722222222222221,4.166666666666667,40.341838857158315,17.28935951021071,40.341838857158315,99999,0.15,4,0,0,168.09099523815965,7.2491891669415
499,106732,6785,6781,168.09099523815965,10,1.0,None,"LINESTRING (83389.6484375 446756.71875, 83204.625 446613.28125)",1200.0,9.722222222222221,4.166666666666667,17.28935951021071,1.0,1200.0,1200.0,9.722222222222221,4.166666666666667,40.341838857158315,17.28935951021071,40.341838857158315,99999,0.15,4,0,0,168.09099523815965,7.2491891669415
500,106741,6784,6785,19.3278632165433,10,1.0,None,"LINESTRING (83217 446589.375, 83204.625 446613.28125)",1200.0,9.722222222222221,4.166666666666667,1.988008787987311,1.0,1200.0,1200.0,9.722222222222221,4.166666666666667,4.638687171970392,1.988008787987311,4.638687171970392,99999,0.15,4,0,0,19.3278632165433,41.31206043386212
501,106742,6785,6784,19.3278632165433,10,1.0,None,"LINESTRING (83217 446589.375, 83204.625 446613.28125)",1200.0,9.722222222222221,4.166666666666667,1.988008787987311,1.0,1200.0,1200.0,9.722222222222221,4.166666666666667,4.638687171970392,1.988008787987311,4.638687171970392,99999,0.15,4,0,0,19.3278632165433,41.31206043386212
502,106772,6786,6784,243.61123986132813,8,1.0,cycle_path,"LINESTRING (83217 446589.375, 82919.1796875 446426.8125)",1800.0,13.88888888888889,4.166666666666667,17.540009270015624,1.0,1800.0,1800.0,13.88888888888889,4.166666666666667,58.46669756671875,17.540009270015624,58.46669756671875,99999,0.15,4,0,0,243.61123986132813,59.058222355015154
503,106801,6785,6787,244.6512653265096,8,1.0,cycle_path,"LINESTRING (83204.625 446613.28125, 82905.15625 446450.71875)",1800.0,13.88888888888889,4.166666666666667,17.61489110350869,1.0,1800.0,1800.0,13.88888888888889,4.166666666666667,58.716303678362294,17.61489110350869,58.716303678362294,99999,0.15,4,0,0,244.6512653265096,5.024546177060583
504,106811,6786,6787,19.89942365939637,10,1.0,None,"LINESTRING (82919.1796875 446426.8125, 82905.15625 446450.71875)",1200.0,9.722222222222221,4.166666666666667,2.046797862109341,1.0,1200.0,1200.0,9.722222222222221,4.166666666666667,4.775861678255128,2.046797862109341,4.775861678255128,99999,0.15,4,0,0,19.89942365939637,32.47123712429721
505,106812,6787,6786,19.89942365939637,10,1.0,None,"LINESTRING (82919.1796875 446426.8125, 82905.15625 446450.71875)",1200.0,9.722222222222221,4.166666666666667,2.046797862109341,1.0,1200.0,1200.0,9.722222222222221,4.166666666666667,4.775861678255128,2.046797862109341,4.775861678255128,99999,0.15,4,0,0,19.89942365939637,32.47123712429721
506,106841,6787,6788,195.8217995554559,8,1.0,cycle_path,"LINESTRING (82905.15625 446450.71875, 82665.0859375 446321.28125)",1800.0,13.88888888888889,4.166666666666667,14.099169567992824,1.0,1800.0,1800.0,13.88888888888889,4.166666666666667,46.99723189330941,14.099169567992824,46.99723189330941,99999,0.15,4,0,0,195.8217995554559,24.980960994334765
507,106882,6789,6786,269.2940177387654,8,1.0,cycle_path,"LINESTRING (82919.1796875 446426.8125, 82590.015625 446247)",1800.0,13.88888888888889,4.166666666666667,19.389169277191108,1.0,1800.0,1800.0,13.88888888888889,4.166666666666667,64.63056425730369,19.389169277191108,64.63056425730369,99999,0.15,4,0,0,269.2940177387654,23.166048848191927
508,106901,6788,6790,73.15676955040115,8,1.0,cycle_path,"LINESTRING (82665.0859375 446321.28125, 82575.15625 446273.375)",1800.0,13.88888888888889,4.166666666666667,5.267287407628883,1.0,1800.0,1800.0,13.88888888888889,4.166666666666667,17.557624692096276,5.267287407628883,17.557624692096276,99999,0.15,4,0,0,73.15676955040115,47.017466302797885
509,106911,6789,6790,21.73488649601509,10,1.0,None,"LINESTRING (82590.015625 446247, 82575.15625 446273.375)",1200.0,9.722222222222221,4.166666666666667,2.2355883253044095,1.0,1200.0,1200.0,9.722222222222221,4.166666666666667,5.2163727590436215,2.2355883253044095,5.2163727590436215,99999,0.15,4,0,0,21.73488649601509,26.535147334632303
510,106912,6790,6789,21.73488649601509,10,1.0,None,"LINESTRING (82590.015625 446247, 82575.15625 446273.375)",1200.0,9.722222222222221,4.166666666666667,2.2355883253044095,1.0,1200.0,1200.0,9.722222222222221,4.166666666666667,5.2163727590436215,2.2355883253044095,5.2163727590436215,99999,0.15,4,0,0,21.73488649601509,26.535147334632303
511,107011,5504,6794,187.1405434182354,10,1.0,None,"LINESTRING (82700.40625 445701.75, 82660.4765625 445813.25, 82628.2578125 445943.59375, 82649.40625 445957.375)",1200.0,9.722222222222221,4.166666666666667,19.248741608732786,1.0,1200.0,1200.0,9.722222222222221,4.166666666666667,44.913730420376496,19.248741608732786,44.913730420376496,99999,0.15,4,0,0,187.1405434182354,11.558013691768455
512,107012,6794,5504,187.1405434182354,10,1.0,None,"LINESTRING (82700.40625 445701.75, 82660.4765625 445813.25, 82628.2578125 445943.59375, 82649.40625 445957.375)",1200.0,9.722222222222221,4.166666666666667,19.248741608732786,1.0,1200.0,1200.0,9.722222222222221,4.166666666666667,44.913730420376496,19.248741608732786,44.913730420376496,99999,0.15,4,0,0,187.1405434182354,11.558013691768455
513,107051,5416,6795,261.82572626827397,7,1.0,cycle_path,"LINESTRING (82016.7734375 446055.84375, 82359.0078125 446181.8125)",2200.0,19.444444444444443,4.166666666666667,13.465323065225519,1.0,2200.0,2200.0,19.444444444444443,4.166666666666667,62.838174304385745,13.465323065225519,62.838174304385745,99999,0.15,4,0,0,261.82572626827397,2.6829166048301683
514,107052,6795,5416,261.82572626827397,7,1.0,cycle_path,"LINESTRING (82016.7734375 446055.84375, 82359.0078125 446181.8125)",2200.0,19.444444444444443,4.166666666666667,13.465323065225519,1.0,2200.0,2200.0,19.444444444444443,4.166666666666667,62.838174304385745,13.465323065225519,62.838174304385745,99999,0.15,4,0,0,261.82572626827397,2.6829166048301683
515,107091,6795,6796,54.60740795299994,8,1.0,cycle_path,"LINESTRING (82359.0078125 446181.8125, 82400.9609375 446198.21875, 82434.90625 446186.75)",1800.0,13.88888888888889,4.166666666666667,3.9317333726159958,1.0,1800.0,1800.0,13.88888888888889,4.166666666666667,13.105777908719984,3.9317333726159958,13.105777908719984,99999,0.15,4,0,0,54.60740795299994,8.928107000640265
516,107092,6796,6795,54.60740795299994,8,1.0,cycle_path,"LINESTRING (82359.0078125 446181.8125, 82400.9609375 446198.21875, 82434.90625 446186.75)",1800.0,13.88888888888889,4.166666666666667,3.9317333726159958,1.0,1800.0,1800.0,13.88888888888889,4.166666666666667,13.105777908719984,3.9317333726159958,13.105777908719984,99999,0.15,4,0,0,54.60740795299994,8.928107000640265
517,107131,6790,6798,80.51643488898642,8,1.0,cycle_path,"LINESTRING (82575.15625 446273.375, 82471.2109375 446231.28125)",1800.0,13.88888888888889,4.166666666666667,5.797183312007022,1.0,1800.0,1800.0,13.88888888888889,4.166666666666667,19.323944373356742,5.797183312007022,19.323944373356742,99999,0.15,4,0,0,80.51643488898642,46.03818232037376
518,107151,6797,6798,115.52096098331178,10,1.0,None,"LINESTRING (82434.90625 446388.03125, 82471.2109375 446231.28125)",1200.0,9.722222222222221,4.166666666666667,11.882155986854928,1.0,1200.0,1200.0,9.722222222222221,4.166666666666667,27.725030635994827,11.882155986854928,27.725030635994827,99999,0.15,4,0,0,115.52096098331178,5.665837151549822
519,107152,6798,6797,115.52096098331178,10,1.0,None,"LINESTRING (82434.90625 446388.03125, 82471.2109375 446231.28125)",1200.0,9.722222222222221,4.166666666666667,11.882155986854928,1.0,1200.0,1200.0,9.722222222222221,4.166666666666667,27.725030635994827,11.882155986854928,27.725030635994827,99999,0.15,4,0,0,115.52096098331178,5.665837151549822
520,107171,6788,6799,126.82396592597206,10,1.0,None,"LINESTRING (82665.0859375 446321.28125, 82564.4296875 446466.4375)",1200.0,9.722222222222221,4.166666666666667,13.044750780957127,1.0,1200.0,1200.0,9.722222222222221,4.166666666666667,30.43775182223329,13.044750780957127,30.43775182223329,99999,0.15,4,0,0,126.82396592597206,3.9173294487850905
521,107172,6799,6788,126.82396592597206,10,1.0,None,"LINESTRING (82665.0859375 446321.28125, 82564.4296875 446466.4375)",1200.0,9.722222222222221,4.166666666666667,13.044750780957127,1.0,1200.0,1200.0,9.722222222222221,4.166666666666667,30.43775182223329,13.044750780957127,30.43775182223329,99999,0.15,4,0,0,126.82396592597206,3.9173294487850905
522,107221,6799,6801,99.77521603194265,10,1.0,None,"LINESTRING (82564.4296875 446466.4375, 82621.1640625 446507.28125, 82682.40625 446539.875)",1200.0,9.722222222222221,4.166666666666667,10.262593648999816,1.0,1200.0,1200.0,9.722222222222221,4.166666666666667,23.946051847666233,10.262593648999816,23.946051847666233,99999,0.15,4,0,0,99.77521603194265,0.0
523,107222,6801,6799,99.77521603194265,10,1.0,None,"LINESTRING (82564.4296875 446466.4375, 82621.1640625 446507.28125, 82682.40625 446539.875)",1200.0,9.722222222222221,4.166666666666667,10.262593648999816,1.0,1200.0,1200.0,9.722222222222221,4.166666666666667,23.946051847666233,10.262593648999816,23.946051847666233,99999,0.15,4,0,0,99.77521603194265,0.0
524,107251,6795,6802,185.51976924202015,10,1.0,None,"LINESTRING (82359.0078125 446181.8125, 82345.7109375 446221.34375, 82397.9765625 446366.9375, 82427.484375 446430.96875)",1200.0,9.722222222222221,4.166666666666667,19.082033407750647,1.0,1200.0,1200.0,9.722222222222221,4.166666666666667,44.52474461808483,19.082033407750647,44.52474461808483,99999,0.15,4,0,0,185.51976924202015,0.0
525,107252,6802,6795,185.51976924202015,10,1.0,None,"LINESTRING (82359.0078125 446181.8125, 82345.7109375 446221.34375, 82397.9765625 446366.9375, 82427.484375 446430.96875)",1200.0,9.722222222222221,4.166666666666667,19.082033407750647,1.0,1200.0,1200.0,9.722222222222221,4.166666666666667,44.52474461808483,19.082033407750647,44.52474461808483,99999,0.15,4,0,0,185.51976924202015,0.0
526,107261,6797,6802,31.285276937354308,10,1.0,None,"LINESTRING (82434.90625 446388.03125, 82427.484375 446430.96875)",1200.0,9.722222222222221,4.166666666666667,3.217914199270729,1.0,1200.0,1200.0,9.722222222222221,4.166666666666667,7.508466464965033,3.217914199270729,7.508466464965033,99999,0.15,4,0,0,31.285276937354308,0.0
527,107262,6802,6797,31.285276937354308,10,1.0,None,"LINESTRING (82434.90625 446388.03125, 82427.484375 446430.96875)",1200.0,9.722222222222221,4.166666666666667,3.217914199270729,1.0,1200.0,1200.0,9.722222222222221,4.166666666666667,7.508466464965033,3.217914199270729,7.508466464965033,99999,0.15,4,0,0,31.285276937354308,0.0
528,107321,5013,6734,24.034092192184705,10,1.0,None,"LINESTRING (82288.890625 446919.34375, 82279.8125 446951.5625)",1200.0,9.722222222222221,4.166666666666667,2.4720780540532843,1.0,1200.0,1200.0,9.722222222222221,4.166666666666667,5.768182126124329,2.4720780540532843,5.768182126124329,99999,0.15,4,0,0,24.034092192184705,26.499422460918225
529,107322,6734,5013,24.034092192184705,10,1.0,None,"LINESTRING (82288.890625 446919.34375, 82279.8125 446951.5625)",1200.0,9.722222222222221,4.166666666666667,2.4720780540532843,1.0,1200.0,1200.0,9.722222222222221,4.166666666666667,5.768182126124329,2.4720780540532843,5.768182126124329,99999,0.15,4,0,0,24.034092192184705,26.499422460918225
530,107451,6794,6808,232.78023315197638,10,1.0,None,"LINESTRING (82649.40625 445957.375, 82962.328125 446042.25)",1200.0,9.722222222222221,4.166666666666667,23.943109695631858,1.0,1200.0,1200.0,9.722222222222221,4.166666666666667,55.867255956474324,23.943109695631858,55.867255956474324,99999,0.15,4,0,0,232.78023315197638,17.56319910812274
531,107452,6808,6794,232.78023315197638,10,1.0,None,"LINESTRING (82649.40625 445957.375, 82962.328125 446042.25)",1200.0,9.722222222222221,4.166666666666667,23.943109695631858,1.0,1200.0,1200.0,9.722222222222221,4.166666666666667,55.867255956474324,23.943109695631858,55.867255956474324,99999,0.15,4,0,0,232.78023315197638,17.56319910812274
532,107511,6806,6810,98.23875276090551,10,1.0,None,"LINESTRING (83063.8515625 445803.34375, 83100.390625 445810.75, 83126.5234375 445718.8125, 83141.8359375 445690.90625)",1200.0,9.722222222222221,4.166666666666667,10.104557426835996,1.0,1200.0,1200.0,9.722222222222221,4.166666666666667,23.577300662617322,10.104557426835996,23.577300662617322,99999,0.15,4,0,0,98.23875276090551,10.425132456838792
533,107512,6810,6806,98.23875276090551,10,1.0,None,"LINESTRING (83063.8515625 445803.34375, 83100.390625 445810.75, 83126.5234375 445718.8125, 83141.8359375 445690.90625)",1200.0,9.722222222222221,4.166666666666667,10.104557426835996,1.0,1200.0,1200.0,9.722222222222221,4.166666666666667,23.577300662617322,10.104557426835996,23.577300662617322,99999,0.15,4,0,0,98.23875276090551,10.425132456838792
534,107631,6810,6815,132.27381485996685,10,1.0,None,"LINESTRING (83141.8359375 445690.90625, 83131.0234375 445668.375, 83158.0546875 445562.0625, 83154.453125 445536.8125, 83168.65625 445508.625)",1200.0,9.722222222222221,4.166666666666667,13.605306671310878,1.0,1200.0,1200.0,9.722222222222221,4.166666666666667,31.74571556639204,13.605306671310878,31.74571556639204,99999,0.15,4,0,0,132.27381485996685,35.398265403129116
535,107632,6815,6810,132.27381485996685,10,1.0,None,"LINESTRING (83141.8359375 445690.90625, 83131.0234375 445668.375, 83158.0546875 445562.0625, 83154.453125 445536.8125, 83168.65625 445508.625)",1200.0,9.722222222222221,4.166666666666667,13.605306671310878,1.0,1200.0,1200.0,9.722222222222221,4.166666666666667,31.74571556639204,13.605306671310878,31.74571556639204,99999,0.15,4,0,0,132.27381485996685,35.398265403129116
536,107711,6816,6817,75.73579767214821,10,1.0,None,"LINESTRING (83395.6640625 445300.6875, 83290.2109375 445297.71875)",1200.0,9.722222222222221,4.166666666666667,7.789967760563816,1.0,1200.0,1200.0,9.722222222222221,4.166666666666667,18.17659144131557,7.789967760563816,18.17659144131557,99999,0.15,4,0,0,75.73579767214821,13.559907108493748
537,107712,6817,6816,75.73579767214821,10,1.0,None,"LINESTRING (83395.6640625 445300.6875, 83290.2109375 445297.71875)",1200.0,9.722222222222221,4.166666666666667,7.789967760563816,1.0,1200.0,1200.0,9.722222222222221,4.166666666666667,18.17659144131557,7.789967760563816,18.17659144131557,99999,0.15,4,0,0,75.73579767214821,13.559907108493748
538,107871,6816,6825,44.608563354443824,10,1.0,None,"LINESTRING (83395.6640625 445300.6875, 83457.671875 445304.6875)",1200.0,9.722222222222221,4.166666666666667,4.5883093735999365,1.0,1200.0,1200.0,9.722222222222221,4.166666666666667,10.706055205066518,4.5883093735999365,10.706055205066518,99999,0.15,4,0,0,44.608563354443824,22.797928483179124
539,107872,6825,6816,44.608563354443824,10,1.0,None,"LINESTRING (83395.6640625 445300.6875, 83457.671875 445304.6875)",1200.0,9.722222222222221,4.166666666666667,4.5883093735999365,1.0,1200.0,1200.0,9.722222222222221,4.166666666666667,10.706055205066518,4.5883093735999365,10.706055205066518,99999,0.15,4,0,0,44.608563354443824,22.797928483179124
540,107931,6816,6826,194.5063811131999,11,1.0,cycle_path,"LINESTRING (83395.6640625 445300.6875, 83395.6640625 445029.75)",1500.0,11.11111111111111,4.166666666666667,17.50557430018799,1.0,1500.0,1500.0,11.11111111111111,4.166666666666667,46.68153146716797,17.50557430018799,46.68153146716797,99999,0.15,4,0,0,194.5063811131999,17.933257307140636
541,107932,6826,6816,194.5063811131999,11,1.0,cycle_path,"LINESTRING (83395.6640625 445300.6875, 83395.6640625 445029.75)",1500.0,11.11111111111111,4.166666666666667,17.50557430018799,1.0,1500.0,1500.0,11.11111111111111,4.166666666666667,46.68153146716797,17.50557430018799,46.68153146716797,99999,0.15,4,0,0,194.5063811131999,17.933257307140636
542,107961,6826,6827,64.57801597546501,10,1.0,None,"LINESTRING (83395.6640625 445029.75, 83447.3984375 445018.21875, 83485.390625 445023.34375)",1200.0,9.722222222222221,4.166666666666667,6.6423102146192585,1.0,1200.0,1200.0,9.722222222222221,4.166666666666667,15.498723834111601,6.6423102146192585,15.498723834111601,99999,0.15,4,0,0,64.57801597546501,10.202518110506528
543,107962,6827,6826,64.57801597546501,10,1.0,None,"LINESTRING (83395.6640625 445029.75, 83447.3984375 445018.21875, 83485.390625 445023.34375)",1200.0,9.722222222222221,4.166666666666667,6.6423102146192585,1.0,1200.0,1200.0,9.722222222222221,4.166666666666667,15.498723834111601,6.6423102146192585,15.498723834111601,99999,0.15,4,0,0,64.57801597546501,10.202518110506528
544,108071,6826,6831,190.77666362412236,11,1.0,cycle_path,"LINESTRING (83395.6640625 445029.75, 83399.640625 444764.03125)",1500.0,11.11111111111111,4.166666666666667,17.169899726171014,1.0,1500.0,1500.0,11.11111111111111,4.166666666666667,45.786399269789364,17.169899726171014,45.786399269789364,99999,0.15,4,0,0,190.77666362412236,22.51415550327994
545,108072,6831,6826,190.77666362412236,11,1.0,cycle_path,"LINESTRING (83395.6640625 445029.75, 83399.640625 444764.03125)",1500.0,11.11111111111111,4.166666666666667,17.169899726171014,1.0,1500.0,1500.0,11.11111111111111,4.166666666666667,45.786399269789364,17.169899726171014,45.786399269789364,99999,0.15,4,0,0,190.77666362412236,22.51415550327994
546,108101,6831,6832,95.76795316301036,10,1.0,None,"LINESTRING (83399.640625 444764.03125, 83528.5234375 444798.46875)",1200.0,9.722222222222221,4.166666666666667,9.850418039623923,1.0,1200.0,1200.0,9.722222222222221,4.166666666666667,22.984308759122484,9.850418039623923,22.984308759122484,99999,0.15,4,0,0,95.76795316301036,35.05099822692665
547,108102,6832,6831,95.76795316301036,10,1.0,None,"LINESTRING (83399.640625 444764.03125, 83528.5234375 444798.46875)",1200.0,9.722222222222221,4.166666666666667,9.850418039623923,1.0,1200.0,1200.0,9.722222222222221,4.166666666666667,22.984308759122484,9.850418039623923,22.984308759122484,99999,0.15,4,0,0,95.76795316301036,35.05099822692665
548,108441,6709,6845,220.44310814868416,11,1.0,cycle_path,"LINESTRING (84107.6953125 446163.59375, 84130.3046875 445972.0625, 84139.3203125 445900, 84123.0859375 445856.9375)",1500.0,11.11111111111111,4.166666666666667,19.839879733381576,1.0,1500.0,1500.0,11.11111111111111,4.166666666666667,52.906345955684195,19.839879733381576,52.906345955684195,99999,0.15,4,0,0,220.44310814868416,22.997372369465488
549,108442,6845,6709,220.44310814868416,11,1.0,cycle_path,"LINESTRING (84107.6953125 446163.59375, 84130.3046875 445972.0625, 84139.3203125 445900, 84123.0859375 445856.9375)",1500.0,11.11111111111111,4.166666666666667,19.839879733381576,1.0,1500.0,1500.0,11.11111111111111,4.166666666666667,52.906345955684195,19.839879733381576,52.906345955684195,99999,0.15,4,0,0,220.44310814868416,22.997372369465488
550,108451,6842,6845,233.36439888499245,11,1.0,cycle_path,"LINESTRING (83803.1953125 445799.28125, 84043.7890625 445872.25, 84084.3515625 445875.6875, 84123.0859375 445856.9375)",1500.0,11.11111111111111,4.166666666666667,21.00279589964932,1.0,1500.0,1500.0,11.11111111111111,4.166666666666667,56.007455732398185,21.00279589964932,56.007455732398185,99999,0.15,4,0,0,233.36439888499245,17.08723156092632
551,108452,6845,6842,233.36439888499245,11,1.0,cycle_path,"LINESTRING (83803.1953125 445799.28125, 84043.7890625 445872.25, 84084.3515625 445875.6875, 84123.0859375 445856.9375)",1500.0,11.11111111111111,4.166666666666667,21.00279589964932,1.0,1500.0,1500.0,11.11111111111111,4.166666666666667,56.007455732398185,21.00279589964932,56.007455732398185,99999,0.15,4,0,0,233.36439888499245,17.08723156092632
552,108481,5559,6846,80.44074822768106,11,1.0,cycle_path,"LINESTRING (84189.1875 445477.96875, 84161.8359375 445586.625)",1500.0,11.11111111111111,4.166666666666667,7.2396673404912955,1.0,1500.0,1500.0,11.11111111111111,4.166666666666667,19.305779574643452,7.2396673404912955,19.305779574643452,99999,0.15,4,0,0,80.44074822768106,59.872669001629845
553,108482,6846,5559,80.44074822768106,11,1.0,cycle_path,"LINESTRING (84189.1875 445477.96875, 84161.8359375 445586.625)",1500.0,11.11111111111111,4.166666666666667,7.2396673404912955,1.0,1500.0,1500.0,11.11111111111111,4.166666666666667,19.305779574643452,7.2396673404912955,19.305779574643452,99999,0.15,4,0,0,80.44074822768106,59.872669001629845
554,108501,6845,6846,196.05172459443364,11,1.0,cycle_path,"LINESTRING (84123.0859375 445856.9375, 84112.2734375 445803.78125, 84161.8359375 445586.625)",1500.0,11.11111111111111,4.166666666666667,17.64465521349903,1.0,1500.0,1500.0,11.11111111111111,4.166666666666667,47.05241390266407,17.64465521349903,47.05241390266407,99999,0.15,4,0,0,196.05172459443364,45.18386668551209
555,108502,6846,6845,196.05172459443364,11,1.0,cycle_path,"LINESTRING (84123.0859375 445856.9375, 84112.2734375 445803.78125, 84161.8359375 445586.625)",1500.0,11.11111111111111,4.166666666666667,17.64465521349903,1.0,1500.0,1500.0,11.11111111111111,4.166666666666667,47.05241390266407,17.64465521349903,47.05241390266407,99999,0.15,4,0,0,196.05172459443364,45.18386668551209
556,108521,6842,6847,218.90335800612067,10,1.0,None,"LINESTRING (83803.1953125 445799.28125, 83851.375 445578.15625, 83881.59375 445504.625)",1200.0,9.722222222222221,4.166666666666667,22.515773966343843,1.0,1200.0,1200.0,9.722222222222221,4.166666666666667,52.536805921468954,22.515773966343843,52.536805921468954,99999,0.15,4,0,0,218.90335800612067,15.504904886926854
557,108522,6847,6842,218.90335800612067,10,1.0,None,"LINESTRING (83803.1953125 445799.28125, 83851.375 445578.15625, 83881.59375 445504.625)",1200.0,9.722222222222221,4.166666666666667,22.515773966343843,1.0,1200.0,1200.0,9.722222222222221,4.166666666666667,52.536805921468954,22.515773966343843,52.536805921468954,99999,0.15,4,0,0,218.90335800612067,15.504904886926854
558,108531,6846,6847,209.62945811344304,10,1.0,None,"LINESTRING (84161.8359375 445586.625, 83881.59375 445504.625)",1200.0,9.722222222222221,4.166666666666667,21.561887120239856,1.0,1200.0,1200.0,9.722222222222221,4.166666666666667,50.31106994722632,21.561887120239856,50.31106994722632,99999,0.15,4,0,0,209.62945811344304,55.91768692305219
559,108532,6847,6846,209.62945811344304,10,1.0,None,"LINESTRING (84161.8359375 445586.625, 83881.59375 445504.625)",1200.0,9.722222222222221,4.166666666666667,21.561887120239856,1.0,1200.0,1200.0,9.722222222222221,4.166666666666667,50.31106994722632,21.561887120239856,50.31106994722632,99999,0.15,4,0,0,209.62945811344304,55.91768692305219
560,108561,6847,6848,142.12435176173315,10,1.0,None,"LINESTRING (83881.59375 445504.625, 83941 445315.78125)",1200.0,9.722222222222221,4.166666666666667,14.618504752635411,1.0,1200.0,1200.0,9.722222222222221,4.166666666666667,34.109844422815954,14.618504752635411,34.109844422815954,99999,0.15,4,0,0,142.12435176173315,36.880548174523696
561,108562,6848,6847,142.12435176173315,10,1.0,None,"LINESTRING (83881.59375 445504.625, 83941 445315.78125)",1200.0,9.722222222222221,4.166666666666667,14.618504752635411,1.0,1200.0,1200.0,9.722222222222221,4.166666666666667,34.109844422815954,14.618504752635411,34.109844422815954,99999,0.15,4,0,0,142.12435176173315,36.880548174523696
562,108591,6848,6849,49.98123253431434,10,1.0,None,"LINESTRING (83941 445315.78125, 83962.6875 445249.625)",1200.0,9.722222222222221,4.166666666666667,5.1409267749580465,1.0,1200.0,1200.0,9.722222222222221,4.166666666666667,11.99549580823544,5.1409267749580465,11.99549580823544,99999,0.15,4,0,0,49.98123253431434,39.053893812364144
563,108592,6849,6848,49.98123253431434,10,1.0,None,"LINESTRING (83941 445315.78125, 83962.6875 445249.625)",1200.0,9.722222222222221,4.166666666666667,5.1409267749580465,1.0,1200.0,1200.0,9.722222222222221,4.166666666666667,11.99549580823544,5.1409267749580465,11.99549580823544,99999,0.15,4,0,0,49.98123253431434,39.053893812364144
564,108611,5559,6850,103.90172856758437,11,1.0,cycle_path,"LINESTRING (84189.1875 445477.96875, 84234.8203125 445340.625)",1500.0,11.11111111111111,4.166666666666667,9.351155571082593,1.0,1500.0,1500.0,11.11111111111111,4.166666666666667,24.936414856220246,9.351155571082593,24.936414856220246,99999,0.15,4,0,0,103.90172856758437,48.42532706775037
565,108612,6850,5559,103.90172856758437,11,1.0,cycle_path,"LINESTRING (84189.1875 445477.96875, 84234.8203125 445340.625)",1500.0,11.11111111111111,4.166666666666667,9.351155571082593,1.0,1500.0,1500.0,11.11111111111111,4.166666666666667,24.936414856220246,9.351155571082593,24.936414856220246,99999,0.15,4,0,0,103.90172856758437,48.42532706775037
566,108621,6678,6850,176.63751901949857,11,1.0,cycle_path,"LINESTRING (84306.59375 445105.28125, 84234.8203125 445340.625)",1500.0,11.11111111111111,4.166666666666667,15.897376711754871,1.0,1500.0,1500.0,11.11111111111111,4.166666666666667,42.39300456467965,15.897376711754871,42.39300456467965,99999,0.15,4,0,0,176.63751901949857,35.58635565864571
567,108622,6850,6678,176.63751901949857,11,1.0,cycle_path,"LINESTRING (84306.59375 445105.28125, 84234.8203125 445340.625)",1500.0,11.11111111111111,4.166666666666667,15.897376711754871,1.0,1500.0,1500.0,11.11111111111111,4.166666666666667,42.39300456467965,15.897376711754871,42.39300456467965,99999,0.15,4,0,0,176.63751901949857,35.58635565864571
568,108631,6849,6850,206.00096978784612,10,1.0,None,"LINESTRING (83962.6875 445249.625, 84234.8203125 445340.625)",1200.0,9.722222222222221,4.166666666666667,21.18867117817846,1.0,1200.0,1200.0,9.722222222222221,4.166666666666667,49.440232749083066,21.18867117817846,49.440232749083066,99999,0.15,4,0,0,206.00096978784612,28.533636278337386
569,108632,6850,6849,206.00096978784612,10,1.0,None,"LINESTRING (83962.6875 445249.625, 84234.8203125 445340.625)",1200.0,9.722222222222221,4.166666666666667,21.18867117817846,1.0,1200.0,1200.0,9.722222222222221,4.166666666666667,49.440232749083066,21.18867117817846,49.440232749083066,99999,0.15,4,0,0,206.00096978784612,28.533636278337386
570,108641,6709,6851,143.8359796151861,11,1.0,cycle_path,"LINESTRING (84107.6953125 446163.59375, 84087.046875 446283.9375, 84062.703125 446358.8125)",1500.0,11.11111111111111,4.166666666666667,12.94523816536675,1.0,1500.0,1500.0,11.11111111111111,4.166666666666667,34.52063510764466,12.94523816536675,34.52063510764466,99999,0.15,4,0,0,143.8359796151861,18.357037745044483
571,108642,6851,6709,143.8359796151861,11,1.0,cycle_path,"LINESTRING (84107.6953125 446163.59375, 84087.046875 446283.9375, 84062.703125 446358.8125)",1500.0,11.11111111111111,4.166666666666667,12.94523816536675,1.0,1500.0,1500.0,11.11111111111111,4.166666666666667,34.52063510764466,12.94523816536675,34.52063510764466,99999,0.15,4,0,0,143.8359796151861,18.357037745044483
572,108651,6711,6851,111.44857421212377,10,1.0,None,"LINESTRING (84205.265625 446420.21875, 84062.703125 446358.8125)",1200.0,9.722222222222221,4.166666666666667,11.463281918961304,1.0,1200.0,1200.0,9.722222222222221,4.166666666666667,26.747657810909704,11.463281918961304,26.747657810909704,99999,0.15,4,0,0,111.44857421212377,7.997740210528674
573,108652,6851,6711,111.44857421212377,10,1.0,None,"LINESTRING (84205.265625 446420.21875, 84062.703125 446358.8125)",1200.0,9.722222222222221,4.166666666666667,11.463281918961304,1.0,1200.0,1200.0,9.722222222222221,4.166666666666667,26.747657810909704,11.463281918961304,26.747657810909704,99999,0.15,4,0,0,111.44857421212377,7.997740210528674
574,108661,6712,6851,91.3856803894834,11,1.0,cycle_path,"LINESTRING (84013.25 446476.09375, 84062.703125 446358.8125)",1500.0,11.11111111111111,4.166666666666667,8.224711235053507,1.0,1500.0,1500.0,11.11111111111111,4.166666666666667,21.932563293476015,8.224711235053507,21.932563293476015,99999,0.15,4,0,0,91.3856803894834,17.951941734984633
575,108662,6851,6712,91.3856803894834,11,1.0,cycle_path,"LINESTRING (84013.25 446476.09375, 84062.703125 446358.8125)",1500.0,11.11111111111111,4.166666666666667,8.224711235053507,1.0,1500.0,1500.0,11.11111111111111,4.166666666666667,21.932563293476015,8.224711235053507,21.932563293476015,99999,0.15,4,0,0,91.3856803894834,17.951941734984633
576,108671,6540,6852,29.9043370080323,8,1.0,cycle_path,"LINESTRING (84533.9609375 446926.4375, 84566.421875 446952.53125)",1800.0,13.88888888888889,4.166666666666667,2.1531122645783256,1.0,1800.0,1800.0,13.88888888888889,4.166666666666667,7.177040881927751,2.1531122645783256,7.177040881927751,99999,0.15,4,0,0,29.9043370080323,50.63798617897084
577,108672,6852,6540,29.9043370080323,8,1.0,cycle_path,"LINESTRING (84533.9609375 446926.4375, 84566.421875 446952.53125)",1800.0,13.88888888888889,4.166666666666667,2.1531122645783256,1.0,1800.0,1800.0,13.88888888888889,4.166666666666667,7.177040881927751,2.1531122645783256,7.177040881927751,99999,0.15,4,0,0,29.9043370080323,50.63798617897084
578,108681,6541,6852,103.85751579106716,8,1.0,cycle_path,"LINESTRING (84672.75 447050.59375, 84615.796875 446984.90625, 84566.421875 446952.53125)",1800.0,13.88888888888889,4.166666666666667,7.477741136956835,1.0,1800.0,1800.0,13.88888888888889,4.166666666666667,24.925803789856115,7.477741136956835,24.925803789856115,99999,0.15,4,0,0,103.85751579106716,25.1985954697852
579,108682,6852,6541,103.85751579106716,8,1.0,cycle_path,"LINESTRING (84672.75 447050.59375, 84615.796875 446984.90625, 84566.421875 446952.53125)",1800.0,13.88888888888889,4.166666666666667,7.477741136956835,1.0,1800.0,1800.0,13.88888888888889,4.166666666666667,24.925803789856115,7.477741136956835,24.925803789856115,99999,0.15,4,0,0,103.85751579106716,25.1985954697852
580,108691,6558,6852,30.777244360560893,10,1.0,None,"LINESTRING (84558.8359375 446994.71875, 84566.421875 446952.53125)",1200.0,9.722222222222221,4.166666666666667,3.1656594199434065,1.0,1200.0,1200.0,9.722222222222221,4.166666666666667,7.386538646534614,3.1656594199434065,7.386538646534614,99999,0.15,4,0,0,30.777244360560893,18.114817648365864
581,108692,6852,6558,30.777244360560893,10,1.0,None,"LINESTRING (84558.8359375 446994.71875, 84566.421875 446952.53125)",1200.0,9.722222222222221,4.166666666666667,3.1656594199434065,1.0,1200.0,1200.0,9.722222222222221,4.166666666666667,7.386538646534614,3.1656594199434065,7.386538646534614,99999,0.15,4,0,0,30.777244360560893,18.114817648365864
582,108711,6708,6853,247.04437293005083,10,1.0,None,"LINESTRING (84274.15625 446226.875, 84360.09375 445893.6875)",1200.0,9.722222222222221,4.166666666666667,25.410278358519516,1.0,1200.0,1200.0,9.722222222222221,4.166666666666667,59.290649503212194,25.410278358519516,59.290649503212194,99999,0.15,4,0,0,247.04437293005083,23.38764888953822
583,108712,6853,6708,247.04437293005083,10,1.0,None,"LINESTRING (84274.15625 446226.875, 84360.09375 445893.6875)",1200.0,9.722222222222221,4.166666666666667,25.410278358519516,1.0,1200.0,1200.0,9.722222222222221,4.166666666666667,59.290649503212194,25.410278358519516,59.290649503212194,99999,0.15,4,0,0,247.04437293005083,23.38764888953822
584,108721,6845,6853,172.19288802869627,10,1.0,None,"LINESTRING (84123.0859375 445856.9375, 84201.5 445838.71875, 84360.09375 445893.6875)",1200.0,9.722222222222221,4.166666666666667,17.711268482951617,1.0,1200.0,1200.0,9.722222222222221,4.166666666666667,41.3262931268871,17.711268482951617,41.3262931268871,99999,0.15,4,0,0,172.19288802869627,7.755602298427432
585,108722,6853,6845,172.19288802869627,10,1.0,None,"LINESTRING (84123.0859375 445856.9375, 84201.5 445838.71875, 84360.09375 445893.6875)",1200.0,9.722222222222221,4.166666666666667,17.711268482951617,1.0,1200.0,1200.0,9.722222222222221,4.166666666666667,41.3262931268871,17.711268482951617,41.3262931268871,99999,0.15,4,0,0,172.19288802869627,7.755602298427432
586,108771,6815,6855,193.1442147286146,10,1.0,None,"LINESTRING (83168.65625 445508.625, 83038.21875 445462.96875, 83014.7890625 445461.15625, 82955.3203125 445444.0625, 82909.3671875 445436.875)",1200.0,9.722222222222221,4.166666666666667,19.86626208637179,1.0,1200.0,1200.0,9.722222222222221,4.166666666666667,46.3546115348675,19.86626208637179,46.3546115348675,99999,0.15,4,0,0,193.1442147286146,41.91608450166699
587,108772,6855,6815,193.1442147286146,10,1.0,None,"LINESTRING (83168.65625 445508.625, 83038.21875 445462.96875, 83014.7890625 445461.15625, 82955.3203125 445444.0625, 82909.3671875 445436.875)",1200.0,9.722222222222221,4.166666666666667,19.86626208637179,1.0,1200.0,1200.0,9.722222222222221,4.166666666666667,46.3546115348675,19.86626208637179,46.3546115348675,99999,0.15,4,0,0,193.1442147286146,41.91608450166699
588,108791,6817,6856,241.89333498126138,10,1.0,None,"LINESTRING (83290.2109375 445297.71875, 83100.3984375 445281.84375, 82958.0234375 445241.3125)",1200.0,9.722222222222221,4.166666666666667,24.880457312358313,1.0,1200.0,1200.0,9.722222222222221,4.166666666666667,58.054400395502725,24.880457312358313,58.054400395502725,99999,0.15,4,0,0,241.89333498126138,48.894004618868415
589,108792,6856,6817,241.89333498126138,10,1.0,None,"LINESTRING (83290.2109375 445297.71875, 83100.3984375 445281.84375, 82958.0234375 445241.3125)",1200.0,9.722222222222221,4.166666666666667,24.880457312358313,1.0,1200.0,1200.0,9.722222222222221,4.166666666666667,58.054400395502725,24.880457312358313,58.054400395502725,99999,0.15,4,0,0,241.89333498126138,48.894004618868415
590,108821,6687,6857,178.74445106449573,10,1.0,None,"LINESTRING (84474.0625 445174.59375, 84440.65625 445290.96875, 84430.6953125 445354.03125, 84394.171875 445410.40625)",1200.0,9.722222222222221,4.166666666666667,18.38514353806242,1.0,1200.0,1200.0,9.722222222222221,4.166666666666667,42.898668255478974,18.38514353806242,42.898668255478974,99999,0.15,4,0,0,178.74445106449573,25.388583834036115
591,108822,6857,6687,178.74445106449573,10,1.0,None,"LINESTRING (84474.0625 445174.59375, 84440.65625 445290.96875, 84430.6953125 445354.03125, 84394.171875 445410.40625)",1200.0,9.722222222222221,4.166666666666667,18.38514353806242,1.0,1200.0,1200.0,9.722222222222221,4.166666666666667,42.898668255478974,18.38514353806242,42.898668255478974,99999,0.15,4,0,0,178.74445106449573,25.388583834036115
592,109061,6863,6866,195.06584473887702,10,1.0,None,"LINESTRING (83990.3828125 444626.4375, 83980.1796875 444595.8125, 83986.984375 444543.90625, 84024.40625 444356.84375)",1200.0,9.722222222222221,4.166666666666667,20.063915458855924,1.0,1200.0,1200.0,9.722222222222221,4.166666666666667,46.81580273733048,20.063915458855924,46.81580273733048,99999,0.15,4,0,0,195.06584473887702,41.28153644304187
593,109062,6866,6863,195.06584473887702,10,1.0,None,"LINESTRING (83990.3828125 444626.4375, 83980.1796875 444595.8125, 83986.984375 444543.90625, 84024.40625 444356.84375)",1200.0,9.722222222222221,4.166666666666667,20.063915458855924,1.0,1200.0,1200.0,9.722222222222221,4.166666666666667,46.81580273733048,20.063915458855924,46.81580273733048,99999,0.15,4,0,0,195.06584473887702,41.28153644304187
594,109601,5019,6866,38.70373124450309,10,1.0,None,"LINESTRING (83970.734375 444361.96875, 83992.890625 444366.875, 84024.40625 444356.84375)",1200.0,9.722222222222221,4.166666666666667,3.980955213720318,1.0,1200.0,1200.0,9.722222222222221,4.166666666666667,9.288895498680741,3.980955213720318,9.288895498680741,99999,0.15,4,0,0,38.70373124450309,100.0
595,109602,6866,5019,38.70373124450309,10,1.0,None,"LINESTRING (83970.734375 444361.96875, 83992.890625 444366.875, 84024.40625 444356.84375)",1200.0,9.722222222222221,4.166666666666667,3.980955213720318,1.0,1200.0,1200.0,9.722222222222221,4.166666666666667,9.288895498680741,3.980955213720318,9.288895498680741,99999,0.15,4,0,0,38.70373124450309,100.0
596,109702,6885,6882,337.2446391159967,3,3.0,None,"LINESTRING (86678.2421875 444799.125, 86784.828125 444341.59375)",7000.0,27.77777777777778,4.166666666666667,12.14080700817588,3.0,2333.3333333333335,7000.0,27.77777777777778,4.166666666666667,80.9387133878392,12.14080700817588,80.9387133878392,99999,0.15,4,0,0,337.2446391159967,76.05382219211569
597,109711,6884,6885,433.03190198911966,3,3.0,None,"LINESTRING (86916.1171875 443752.8125, 86784.828125 444341.59375)",7000.0,27.77777777777778,4.166666666666667,15.589148471608308,3.0,2333.3333333333335,7000.0,27.77777777777778,4.166666666666667,103.92765647738871,15.589148471608308,103.92765647738871,99999,0.15,4,0,0,433.03190198911966,100.0
598,109721,6881,6886,339.377985674714,3,3.0,None,"LINESTRING (86657.4453125 444796.53125, 86760.125 444335.0625)",7000.0,27.77777777777778,4.166666666666667,12.217607484289704,3.0,2333.3333333333335,7000.0,27.77777777777778,4.166666666666667,81.45071656193136,12.217607484289704,81.45071656193136,99999,0.15,4,0,0,339.377985674714,92.32039327714322
599,109732,6886,6883,428.8715491445105,3,3.0,None,"LINESTRING (86894.015625 443752.8125, 86760.125 444335.0625)",7000.0,27.77777777777778,4.166666666666667,15.439375769202377,3.0,2333.3333333333335,7000.0,27.77777777777778,4.166666666666667,102.9291717946825,15.439375769202377,102.9291717946825,99999,0.15,4,0,0,428.8715491445105,100.0
600,109831,5857,6891,89.43965264457331,10,1.0,None,"LINESTRING (83558.4296875 444251.75, 83547.4140625 444313.65625, 83526.1640625 444372.09375)",1200.0,9.722222222222221,4.166666666666667,9.199507129156114,1.0,1200.0,1200.0,9.722222222222221,4.166666666666667,21.465516634697593,9.199507129156114,21.465516634697593,99999,0.15,4,0,0,89.43965264457331,12.214200162444458
601,109832,6891,5857,89.43965264457331,10,1.0,None,"LINESTRING (83558.4296875 444251.75, 83547.4140625 444313.65625, 83526.1640625 444372.09375)",1200.0,9.722222222222221,4.166666666666667,9.199507129156114,1.0,1200.0,1200.0,9.722222222222221,4.166666666666667,21.465516634697593,9.199507129156114,21.465516634697593,99999,0.15,4,0,0,89.43965264457331,12.214200162444458
602,110011,6895,6896,103.54092333314485,10,1.0,None,"LINESTRING (83624.2890625 443857.40625, 83486.390625 443815.09375)",1200.0,9.722222222222221,4.166666666666667,10.649923542837756,1.0,1200.0,1200.0,9.722222222222221,4.166666666666667,24.849821599954762,10.649923542837756,24.849821599954762,99999,0.15,4,0,0,103.54092333314485,21.17832909423154
603,110012,6896,6895,103.54092333314485,10,1.0,None,"LINESTRING (83624.2890625 443857.40625, 83486.390625 443815.09375)",1200.0,9.722222222222221,4.166666666666667,10.649923542837756,1.0,1200.0,1200.0,9.722222222222221,4.166666666666667,24.849821599954762,10.649923542837756,24.849821599954762,99999,0.15,4,0,0,103.54092333314485,21.17832909423154
604,110041,6896,6897,191.63082240104862,10,1.0,None,"LINESTRING (83486.390625 443815.09375, 83405.71875 443793.875, 83379.3984375 443799.625, 83346.78125 443795.0625, 83344.4765625 443777.84375, 83307.8515625 443747.53125, 83287.8046875 443739.5625, 83235.2109375 443724.65625)",1200.0,9.722222222222221,4.166666666666667,19.71059887553643,1.0,1200.0,1200.0,9.722222222222221,4.166666666666667,45.99139737625166,19.71059887553643,45.99139737625166,99999,0.15,4,0,0,191.63082240104862,28.192622295372676
605,110042,6897,6896,191.63082240104862,10,1.0,None,"LINESTRING (83486.390625 443815.09375, 83405.71875 443793.875, 83379.3984375 443799.625, 83346.78125 443795.0625, 83344.4765625 443777.84375, 83307.8515625 443747.53125, 83287.8046875 443739.5625, 83235.2109375 443724.65625)",1200.0,9.722222222222221,4.166666666666667,19.71059887553643,1.0,1200.0,1200.0,9.722222222222221,4.166666666666667,45.99139737625166,19.71059887553643,45.99139737625166,99999,0.15,4,0,0,191.63082240104862,28.192622295372676
606,110071,6897,6898,153.35639501467423,10,1.0,None,"LINESTRING (83235.2109375 443724.65625, 83192.875 443934.0625)",1200.0,9.722222222222221,4.166666666666667,15.77380063008078,1.0,1200.0,1200.0,9.722222222222221,4.166666666666667,36.805534803521816,15.77380063008078,36.805534803521816,99999,0.15,4,0,0,153.35639501467423,81.42209604863024
607,110072,6898,6897,153.35639501467423,10,1.0,None,"LINESTRING (83235.2109375 443724.65625, 83192.875 443934.0625)",1200.0,9.722222222222221,4.166666666666667,15.77380063008078,1.0,1200.0,1200.0,9.722222222222221,4.166666666666667,36.805534803521816,15.77380063008078,36.805534803521816,99999,0.15,4,0,0,153.35639501467423,81.42209604863024
608,110181,6901,6902,152.24252639597114,10,1.0,None,"LINESTRING (83179.109375 444331.5625, 83382.5078125 444391.625)",1200.0,9.722222222222221,4.166666666666667,15.659231286442747,1.0,1200.0,1200.0,9.722222222222221,4.166666666666667,36.538206335033074,15.659231286442747,36.538206335033074,99999,0.15,4,0,0,152.24252639597114,0.0
609,110182,6902,6901,152.24252639597114,10,1.0,None,"LINESTRING (83179.109375 444331.5625, 83382.5078125 444391.625)",1200.0,9.722222222222221,4.166666666666667,15.659231286442747,1.0,1200.0,1200.0,9.722222222222221,4.166666666666667,36.538206335033074,15.659231286442747,36.538206335033074,99999,0.15,4,0,0,152.24252639597114,0.0
610,110331,6901,6908,116.65664577734168,10,1.0,None,"LINESTRING (83179.109375 444331.5625, 83021.90625 444290.375)",1200.0,9.722222222222221,4.166666666666667,11.998969279955146,1.0,1200.0,1200.0,9.722222222222221,4.166666666666667,27.997594986562,11.998969279955146,27.997594986562,99999,0.15,4,0,0,116.65664577734168,8.066122010428545
611,110332,6908,6901,116.65664577734168,10,1.0,None,"LINESTRING (83179.109375 444331.5625, 83021.90625 444290.375)",1200.0,9.722222222222221,4.166666666666667,11.998969279955146,1.0,1200.0,1200.0,9.722222222222221,4.166666666666667,27.997594986562,11.998969279955146,27.997594986562,99999,0.15,4,0,0,116.65664577734168,8.066122010428545
612,110561,6863,6889,89.35436212713056,10,1.0,None,"LINESTRING (83990.3828125 444626.4375, 83965.28125 444656.03125, 83936.734375 444657.21875, 83866.0859375 444633.03125)",1200.0,9.722222222222221,4.166666666666667,9.190734390219143,1.0,1200.0,1200.0,9.722222222222221,4.166666666666667,21.445046910511333,9.190734390219143,21.445046910511333,99999,0.15,4,0,0,89.35436212713056,45.33762830269938
613,110562,6889,6863,89.35436212713056,10,1.0,None,"LINESTRING (83990.3828125 444626.4375, 83965.28125 444656.03125, 83936.734375 444657.21875, 83866.0859375 444633.03125)",1200.0,9.722222222222221,4.166666666666667,9.190734390219143,1.0,1200.0,1200.0,9.722222222222221,4.166666666666667,21.445046910511333,9.190734390219143,21.445046910511333,99999,0.15,4,0,0,89.35436212713056,45.33762830269938
614,110672,6916,5984,411.18424325930647,2,2.0,None,"LINESTRING (82620.125 443651.125, 82365.6328125 444164.3125)",4800.0,27.77777777777778,4.166666666666667,14.802632757335033,2.0,2400.0,4800.0,27.77777777777778,4.166666666666667,98.68421838223355,14.802632757335033,98.68421838223355,99999,0.15,4,0,0,411.18424325930647,0.0
615,110701,6915,6917,325.1643288173175,2,2.0,None,"LINESTRING (82536.2421875 443881.0625, 82334.15625 444286.46875)",4800.0,27.77777777777778,4.166666666666667,11.70591583742343,2.0,2400.0,4800.0,27.77777777777778,4.166666666666667,78.03943891615619,11.70591583742343,78.03943891615619,99999,0.15,4,0,0,325.1643288173175,0.0
616,110731,6675,6919,107.38019306553626,6,2.0,None,"LINESTRING (84801.34375 445091, 84663.0546875 445034)",4000.0,22.22222222222222,4.166666666666667,4.832108687949132,2.0,2000.0,4000.0,22.22222222222222,4.166666666666667,25.7712463357287,4.832108687949132,25.7712463357287,99999,0.15,4,0,0,107.38019306553626,11.894569363998412
617,110921,6902,6922,98.56186899731175,11,1.0,cycle_path,"LINESTRING (83382.5078125 444391.625, 83374.2265625 444461.4375, 83376.59375 444495.75, 83387.234375 444528.84375)",1500.0,11.11111111111111,4.166666666666667,8.870568209758058,1.0,1500.0,1500.0,11.11111111111111,4.166666666666667,23.654848559354818,8.870568209758058,23.654848559354818,99999,0.15,4,0,0,98.56186899731175,19.623027932446035
618,110922,6922,6902,98.56186899731175,11,1.0,cycle_path,"LINESTRING (83382.5078125 444391.625, 83374.2265625 444461.4375, 83376.59375 444495.75, 83387.234375 444528.84375)",1500.0,11.11111111111111,4.166666666666667,8.870568209758058,1.0,1500.0,1500.0,11.11111111111111,4.166666666666667,23.654848559354818,8.870568209758058,23.654848559354818,99999,0.15,4,0,0,98.56186899731175,19.623027932446035
619,110931,6831,6922,169.0684513734633,11,1.0,cycle_path,"LINESTRING (83399.640625 444764.03125, 83410.890625 444697.96875, 83412.0703125 444661.34375, 83400.2421875 444603.375, 83387.234375 444528.84375)",1500.0,11.11111111111111,4.166666666666667,15.216160623611696,1.0,1500.0,1500.0,11.11111111111111,4.166666666666667,40.576428329631185,15.216160623611696,40.576428329631185,99999,0.15,4,0,0,169.0684513734633,42.56028738112022
620,110932,6922,6831,169.0684513734633,11,1.0,cycle_path,"LINESTRING (83399.640625 444764.03125, 83410.890625 444697.96875, 83412.0703125 444661.34375, 83400.2421875 444603.375, 83387.234375 444528.84375)",1500.0,11.11111111111111,4.166666666666667,15.216160623611696,1.0,1500.0,1500.0,11.11111111111111,4.166666666666667,40.576428329631185,15.216160623611696,40.576428329631185,99999,0.15,4,0,0,169.0684513734633,42.56028738112022
621,110941,6891,6902,104.07267415426566,10,1.0,None,"LINESTRING (83526.1640625 444372.09375, 83485.2421875 444397.5, 83438.8984375 444403.78125, 83403.796875 444396.375, 83382.5078125 444391.625)",1200.0,9.722222222222221,4.166666666666667,10.704617913010182,1.0,1200.0,1200.0,9.722222222222221,4.166666666666667,24.977441797023754,10.704617913010182,24.977441797023754,99999,0.15,4,0,0,104.07267415426566,12.401793680140138
622,110942,6902,6891,104.07267415426566,10,1.0,None,"LINESTRING (83526.1640625 444372.09375, 83485.2421875 444397.5, 83438.8984375 444403.78125, 83403.796875 444396.375, 83382.5078125 444391.625)",1200.0,9.722222222222221,4.166666666666667,10.704617913010182,1.0,1200.0,1200.0,9.722222222222221,4.166666666666667,24.977441797023754,10.704617913010182,24.977441797023754,99999,0.15,4,0,0,104.07267415426566,12.401793680140138
623,110961,6914,6926,184.9334423962546,6,2.0,None,"LINESTRING (82458.5078125 444299.5625, 82210.6640625 444229.25)",4000.0,22.22222222222222,4.166666666666667,8.322004907831458,2.0,2000.0,4000.0,22.22222222222222,4.166666666666667,44.384026175101106,8.322004907831458,44.384026175101106,99999,0.15,4,0,0,184.9334423962546,0.0
624,110962,6926,6914,184.9334423962546,6,2.0,None,"LINESTRING (82458.5078125 444299.5625, 82210.6640625 444229.25)",4000.0,22.22222222222222,4.166666666666667,8.322004907831458,2.0,2000.0,4000.0,22.22222222222222,4.166666666666667,44.384026175101106,8.322004907831458,44.384026175101106,99999,0.15,4,0,0,184.9334423962546,0.0
625,111131,5021,6914,195.98495884247532,5,1.0,None,"LINESTRING (82499.2265625 444029.59375, 82475.1796875 444227.03125, 82458.5078125 444299.5625)",2200.0,19.444444444444443,4.166666666666667,10.079226454755874,1.0,2200.0,2200.0,19.444444444444443,4.166666666666667,47.03639012219407,10.079226454755874,47.03639012219407,99999,0.15,4,0,0,195.98495884247532,0.0
626,111142,6915,5021,109.88004449117687,5,1.0,None,"LINESTRING (82499.2265625 444029.59375, 82536.2421875 443881.0625)",2200.0,19.444444444444443,4.166666666666667,5.650973716689097,1.0,2200.0,2200.0,19.444444444444443,4.166666666666667,26.37121067788245,5.650973716689097,26.37121067788245,99999,0.15,4,0,0,109.88004449117687,0.0
627,111252,6930,5023,431.76849226041,2,2.0,None,"LINESTRING (83087.1171875 442687.71875, 82935.8203125 443010.09375, 82826.421875 443229.84375)",4800.0,27.77777777777778,4.166666666666667,15.54366572137476,2.0,2400.0,4800.0,27.77777777777778,4.166666666666667,103.6244381424984,15.54366572137476,103.6244381424984,99999,0.15,4,0,0,431.76849226041,0.0
628,111271,5024,6931,422.2122970831312,2,2.0,None,"LINESTRING (83104.25 442710.375, 83014.875 442903.375, 82929.234375 443073.34375, 82851.4140625 443241.5)",4800.0,27.77777777777778,4.166666666666667,15.199642694992724,2.0,2400.0,4800.0,27.77777777777778,4.166666666666667,101.33095129995148,15.199642694992724,101.33095129995148,99999,0.15,4,0,0,422.2122970831312,0.0
629,111331,6917,6935,348.65573342153317,2,2.0,None,"LINESTRING (82334.15625 444286.46875, 82120.53125 444722.65625)",4800.0,27.77777777777778,4.166666666666667,12.551606403175194,2.0,2400.0,4800.0,27.77777777777778,4.166666666666667,83.67737602116796,12.551606403175194,83.67737602116796,99999,0.15,4,0,0,348.65573342153317,0.0
630,111372,6937,6934,257.14708922717585,2,2.0,None,"LINESTRING (82045.9609375 444814.59375, 81885.25 445134.71875)",4800.0,27.77777777777778,4.166666666666667,9.257295212178331,2.0,2400.0,4800.0,27.77777777777778,4.166666666666667,61.7153014145222,9.257295212178331,61.7153014145222,99999,0.15,4,0,0,257.14708922717585,0.0
631,111462,6940,6938,205.46853634467755,2,2.0,None,"LINESTRING (81725.09375 445448.375, 81587.2421875 445699.1875)",4800.0,27.77777777777778,4.166666666666667,7.396867308408392,2.0,2400.0,4800.0,27.77777777777778,4.166666666666667,49.31244872272261,7.396867308408392,49.31244872272261,99999,0.15,4,0,0,205.46853634467755,0.0
632,111491,6939,6941,246.37721719253133,2,2.0,None,"LINESTRING (81740.984375 445458.15625, 81580.5 445761.5)",4800.0,27.77777777777778,4.166666666666667,8.869579818931127,2.0,2400.0,4800.0,27.77777777777778,4.166666666666667,59.13053212620751,8.869579818931127,59.13053212620751,99999,0.15,4,0,0,246.37721719253133,0.0
633,111612,6947,6421,542.21445912786,2,2.0,None,"LINESTRING (82217.9921875 449822.96875, 82096.9375 449640.03125, 82006.84375 449483.5625, 81838.390625 449170.34375)",4800.0,27.77777777777778,4.166666666666667,19.51972052860296,2.0,2400.0,4800.0,27.77777777777778,4.166666666666667,130.1314701906864,19.51972052860296,130.1314701906864,99999,0.15,4,0,0,542.21445912786,0.0
634,111662,6948,6946,551.9482823638525,2,2.0,None,"LINESTRING (81834.125 449207.5625, 81971.3671875 449463.375, 82061.59375 449619.40625, 82223.2578125 449870.3125)",4800.0,27.77777777777778,4.166666666666667,19.87013816509869,2.0,2400.0,4800.0,27.77777777777778,4.166666666666667,132.4675877673246,19.87013816509869,132.4675877673246,99999,0.15,4,0,0,551.9482823638525,0.0
635,111691,6948,6949,261.96968151146257,5,1.0,None,"LINESTRING (82223.2578125 449870.3125, 82110.4921875 449752.75, 81953.359375 449624.9375)",2200.0,19.444444444444443,4.166666666666667,13.472726477732362,1.0,2200.0,2200.0,19.444444444444443,4.166666666666667,62.87272356275101,13.472726477732362,62.87272356275101,99999,0.15,4,0,0,261.96968151146257,0.0
636,111711,6727,6950,188.7659004999865,7,1.0,cycle_path,"LINESTRING (82201.015625 449181.875, 82072.6015625 449411.21875)",2200.0,19.444444444444443,4.166666666666667,9.707960597142163,1.0,2200.0,2200.0,19.444444444444443,4.166666666666667,45.30381611999675,9.707960597142163,45.30381611999675,99999,0.15,4,0,0,188.7659004999865,0.0
637,111712,6950,6727,188.7659004999865,7,1.0,cycle_path,"LINESTRING (82201.015625 449181.875, 82072.6015625 449411.21875)",2200.0,19.444444444444443,4.166666666666667,9.707960597142163,1.0,2200.0,2200.0,19.444444444444443,4.166666666666667,45.30381611999675,9.707960597142163,45.30381611999675,99999,0.15,4,0,0,188.7659004999865,0.0
638,111721,6947,6950,241.27881587705147,5,1.0,None,"LINESTRING (81838.390625 449170.34375, 82072.6015625 449411.21875)",2200.0,19.444444444444443,4.166666666666667,12.408624816534077,1.0,2200.0,2200.0,19.444444444444443,4.166666666666667,57.90691581049235,12.408624816534077,57.90691581049235,99999,0.15,4,0,0,241.27881587705147,0.0
639,111731,6949,6950,175.7604341596101,7,1.0,cycle_path,"LINESTRING (81953.359375 449624.9375, 82072.6015625 449411.21875)",2200.0,19.444444444444443,4.166666666666667,9.039108042494234,1.0,2200.0,2200.0,19.444444444444443,4.166666666666667,42.18250419830642,9.039108042494234,42.18250419830642,99999,0.15,4,0,0,175.7604341596101,0.0
640,111732,6950,6949,175.7604341596101,7,1.0,cycle_path,"LINESTRING (81953.359375 449624.9375, 82072.6015625 449411.21875)",2200.0,19.444444444444443,4.166666666666667,9.039108042494234,1.0,2200.0,2200.0,19.444444444444443,4.166666666666667,42.18250419830642,9.039108042494234,42.18250419830642,99999,0.15,4,0,0,175.7604341596101,0.0
641,111811,5416,6954,187.89190328069552,7,1.0,cycle_path,"LINESTRING (82016.7734375 446055.84375, 81777.8984375 445948.9375)",2200.0,19.444444444444443,4.166666666666667,9.663012168721485,1.0,2200.0,2200.0,19.444444444444443,4.166666666666667,45.094056787366924,9.663012168721485,45.094056787366924,99999,0.15,4,0,0,187.89190328069552,0.0
642,111812,6954,5416,187.89190328069552,7,1.0,cycle_path,"LINESTRING (82016.7734375 446055.84375, 81777.8984375 445948.9375)",2200.0,19.444444444444443,4.166666666666667,9.663012168721485,1.0,2200.0,2200.0,19.444444444444443,4.166666666666667,45.094056787366924,9.663012168721485,45.094056787366924,99999,0.15,4,0,0,187.89190328069552,0.0
643,111851,6953,6955,207.32194161307123,7,1.0,cycle_path,"LINESTRING (81423.8359375 445789.5625, 81712.2421875 445804.15625)",2200.0,19.444444444444443,4.166666666666667,10.66227128295795,1.0,2200.0,2200.0,19.444444444444443,4.166666666666667,49.75726598713709,10.66227128295795,49.75726598713709,99999,0.15,4,0,0,207.32194161307123,0.0
644,111852,6955,6953,207.32194161307123,7,1.0,cycle_path,"LINESTRING (81423.8359375 445789.5625, 81712.2421875 445804.15625)",2200.0,19.444444444444443,4.166666666666667,10.66227128295795,1.0,2200.0,2200.0,19.444444444444443,4.166666666666667,49.75726598713709,10.66227128295795,49.75726598713709,99999,0.15,4,0,0,207.32194161307123,0.0
645,111861,6954,6955,114.13304456843234,7,1.0,cycle_path,"LINESTRING (81777.8984375 445948.9375, 81796.7421875 445922.03125, 81819.84375 445810.1875, 81779.6015625 445807.96875, 81712.2421875 445804.15625)",2200.0,19.444444444444443,4.166666666666667,5.869699434947949,1.0,2200.0,2200.0,19.444444444444443,4.166666666666667,27.39193069642376,5.869699434947949,27.39193069642376,99999,0.15,4,0,0,114.13304456843234,0.0
646,111862,6955,6954,114.13304456843234,7,1.0,cycle_path,"LINESTRING (81777.8984375 445948.9375, 81796.7421875 445922.03125, 81819.84375 445810.1875, 81779.6015625 445807.96875, 81712.2421875 445804.15625)",2200.0,19.444444444444443,4.166666666666667,5.869699434947949,1.0,2200.0,2200.0,19.444444444444443,4.166666666666667,27.39193069642376,5.869699434947949,27.39193069642376,99999,0.15,4,0,0,114.13304456843234,0.0
647,111891,6953,6956,185.4996564338271,5,1.0,None,"LINESTRING (81423.8359375 445789.5625, 81456.7734375 445659.65625, 81488.0859375 445579.125, 81509.375 445545.75)",2200.0,19.444444444444443,4.166666666666667,9.539982330882538,1.0,2200.0,2200.0,19.444444444444443,4.166666666666667,44.519917544118506,9.539982330882538,44.519917544118506,99999,0.15,4,0,0,185.4996564338271,0.0
648,111892,6956,6953,185.4996564338271,5,1.0,None,"LINESTRING (81423.8359375 445789.5625, 81456.7734375 445659.65625, 81488.0859375 445579.125, 81509.375 445545.75)",2200.0,19.444444444444443,4.166666666666667,9.539982330882538,1.0,2200.0,2200.0,19.444444444444443,4.166666666666667,44.519917544118506,9.539982330882538,44.519917544118506,99999,0.15,4,0,0,185.4996564338271,0.0
649,111901,6956,6957,44.34220401957326,5,1.0,None,"LINESTRING (81509.375 445545.75, 81558.1640625 445583.625)",2200.0,19.444444444444443,4.166666666666667,2.2804562067209107,1.0,2200.0,2200.0,19.444444444444443,4.166666666666667,10.642128964697582,2.2804562067209107,10.642128964697582,99999,0.15,4,0,0,44.34220401957326,0.0
650,111902,6957,6956,44.34220401957326,5,1.0,None,"LINESTRING (81509.375 445545.75, 81558.1640625 445583.625)",2200.0,19.444444444444443,4.166666666666667,2.2804562067209107,1.0,2200.0,2200.0,19.444444444444443,4.166666666666667,10.642128964697582,2.2804562067209107,10.642128964697582,99999,0.15,4,0,0,44.34220401957326,0.0
651,111911,6940,6957,85.55138721439782,5,1.0,None,"LINESTRING (81587.2421875 445699.1875, 81595.4375 445661.875, 81593.203125 445630.5625, 81580.5390625 445608.21875, 81558.1640625 445583.625)",2200.0,19.444444444444443,4.166666666666667,4.399785628169031,1.0,2200.0,2200.0,19.444444444444443,4.166666666666667,20.532332931455475,4.399785628169031,20.532332931455475,99999,0.15,4,0,0,85.55138721439782,0.0
652,111922,6957,6938,154.24056844475928,5,1.0,None,"LINESTRING (81725.09375 445448.375, 81633.46875 445546.34375, 81592.4609375 445579.875, 81558.1640625 445583.625)",2200.0,19.444444444444443,4.166666666666667,7.932372091444764,1.0,2200.0,2200.0,19.444444444444443,4.166666666666667,37.017736426742225,7.932372091444764,37.017736426742225,99999,0.15,4,0,0,154.24056844475928,0.0
653,111931,6955,6958,62.3513957606929,5,1.0,None,"LINESTRING (81712.2421875 445804.15625, 81715.65625 445717.375)",2200.0,19.444444444444443,4.166666666666667,3.206643210549921,1.0,2200.0,2200.0,19.444444444444443,4.166666666666667,14.964334982566296,3.206643210549921,14.964334982566296,99999,0.15,4,0,0,62.3513957606929,0.0
654,111932,6958,6955,62.3513957606929,5,1.0,None,"LINESTRING (81712.2421875 445804.15625, 81715.65625 445717.375)",2200.0,19.444444444444443,4.166666666666667,3.206643210549921,1.0,2200.0,2200.0,19.444444444444443,4.166666666666667,14.964334982566296,3.206643210549921,14.964334982566296,99999,0.15,4,0,0,62.3513957606929,0.0
655,111942,6958,6941,102.07322603362365,5,1.0,None,"LINESTRING (81580.5 445761.5, 81632.5078125 445689.5, 81657.671875 445674.375, 81686.203125 445680.25, 81702.9765625 445694.5, 81715.65625 445717.375)",2200.0,19.444444444444443,4.166666666666667,5.2494801960149315,1.0,2200.0,2200.0,19.444444444444443,4.166666666666667,24.497574248069675,5.2494801960149315,24.497574248069675,99999,0.15,4,0,0,102.07322603362365,0.0
656,111951,6939,6958,186.98521451300903,5,1.0,None,"LINESTRING (81740.984375 445458.15625, 81724.796875 445544.375, 81723.1171875 445616.5, 81715.65625 445717.375)",2200.0,19.444444444444443,4.166666666666667,9.616382460669037,1.0,2200.0,2200.0,19.444444444444443,4.166666666666667,44.87645148312216,9.616382460669037,44.87645148312216,99999,0.15,4,0,0,186.98521451300903,0.0
657,111972,6959,6952,334.0730980696147,2,2.0,None,"LINESTRING (81574.1484375 448565.78125, 81468.1875 448315.3125, 81396.203125 448135.9375)",4800.0,27.77777777777778,4.166666666666667,12.026631530506128,2.0,2400.0,4800.0,27.77777777777778,4.166666666666667,80.17754353670752,12.026631530506128,80.17754353670752,99999,0.15,4,0,0,334.0730980696147,0.0
658,111982,6960,6944,413.10101810002936,2,2.0,None,"LINESTRING (81198.8046875 447695.78125, 81290.9140625 447941.5, 81415.3828125 448228.75)",4800.0,27.77777777777778,4.166666666666667,14.871636651601056,2.0,2400.0,4800.0,27.77777777777778,4.166666666666667,99.14424434400703,14.871636651601056,99.14424434400703,99999,0.15,4,0,0,413.10101810002936,0.0
659,112041,6926,6963,136.54660155196416,5,1.0,None,"LINESTRING (82210.6640625 444229.25, 82247.6328125 444042.65625)",2200.0,19.444444444444443,4.166666666666667,7.022396651243872,1.0,2200.0,2200.0,19.444444444444443,4.166666666666667,32.771184372471396,7.022396651243872,32.771184372471396,99999,0.15,4,0,0,136.54660155196416,0.0
660,112042,6963,6926,136.54660155196416,5,1.0,None,"LINESTRING (82210.6640625 444229.25, 82247.6328125 444042.65625)",2200.0,19.444444444444443,4.166666666666667,7.022396651243872,1.0,2200.0,2200.0,19.444444444444443,4.166666666666667,32.771184372471396,7.022396651243872,32.771184372471396,99999,0.15,4,0,0,136.54660155196416,0.0
661,112051,6916,6963,121.6595877619851,5,1.0,None,"LINESTRING (82365.6328125 444164.3125, 82389.4765625 444079.34375, 82386.5 444044.65625, 82363.6875 444008.90625, 82321.0390625 443995.03125, 82281.3515625 444005.9375, 82247.6328125 444042.65625)",2200.0,19.444444444444443,4.166666666666667,6.256778799187805,1.0,2200.0,2200.0,19.444444444444443,4.166666666666667,29.19830106287642,6.256778799187805,29.19830106287642,99999,0.15,4,0,0,121.6595877619851,0.0
662,112062,6963,5984,387.917264752612,5,1.0,None,"LINESTRING (82620.125 443651.125, 82483.71875 443848.21875, 82434.1171875 443893.84375, 82333.9296875 443956.375, 82267.4609375 444001, 82254.5703125 444019.84375, 82247.6328125 444042.65625)",2200.0,19.444444444444443,4.166666666666667,19.95003075870576,1.0,2200.0,2200.0,19.444444444444443,4.166666666666667,93.10014354062687,19.95003075870576,93.10014354062687,99999,0.15,4,0,0,387.917264752612,0.0
663,112321,6832,6967,174.21684182028545,10,1.0,None,"LINESTRING (83528.5234375 444798.46875, 83537.765625 444753.3125, 83706.171875 444800.53125, 83702.0625 444828.25, 83766.7578125 444844.71875)",1200.0,9.722222222222221,4.166666666666667,17.919446587229363,1.0,1200.0,1200.0,9.722222222222221,4.166666666666667,41.812042036868505,17.919446587229363,41.812042036868505,99999,0.15,4,0,0,174.21684182028545,0.2309269922938847
664,112322,6967,6832,174.21684182028545,10,1.0,None,"LINESTRING (83528.5234375 444798.46875, 83537.765625 444753.3125, 83706.171875 444800.53125, 83702.0625 444828.25, 83766.7578125 444844.71875)",1200.0,9.722222222222221,4.166666666666667,17.919446587229363,1.0,1200.0,1200.0,9.722222222222221,4.166666666666667,41.812042036868505,17.919446587229363,41.812042036868505,99999,0.15,4,0,0,174.21684182028545,0.2309269922938847
665,112401,6827,6832,164.37731576393566,10,1.0,None,"LINESTRING (83485.390625 445023.34375, 83493.609375 444984.3125, 83499.765625 444919.65625, 83523.390625 444827.21875, 83528.5234375 444798.46875)",1200.0,9.722222222222221,4.166666666666667,16.907381050004812,1.0,1200.0,1200.0,9.722222222222221,4.166666666666667,39.450555783344555,16.907381050004812,39.450555783344555,99999,0.15,4,0,0,164.37731576393566,19.917388792164232
666,112402,6832,6827,164.37731576393566,10,1.0,None,"LINESTRING (83485.390625 445023.34375, 83493.609375 444984.3125, 83499.765625 444919.65625, 83523.390625 444827.21875, 83528.5234375 444798.46875)",1200.0,9.722222222222221,4.166666666666667,16.907381050004812,1.0,1200.0,1200.0,9.722222222222221,4.166666666666667,39.450555783344555,16.907381050004812,39.450555783344555,99999,0.15,4,0,0,164.37731576393566,19.917388792164232
667,112411,6827,6829,193.89288826186146,10,1.0,None,"LINESTRING (83485.390625 445023.34375, 83504.90625 445034.65625, 83498.7421875 445071.625, 83733.8984375 445129.125)",1200.0,9.722222222222221,4.166666666666667,19.943268506934324,1.0,1200.0,1200.0,9.722222222222221,4.166666666666667,46.534293182846746,19.943268506934324,46.534293182846746,99999,0.15,4,0,0,193.89288826186146,1.9750438029145418
668,112412,6829,6827,193.89288826186146,10,1.0,None,"LINESTRING (83485.390625 445023.34375, 83504.90625 445034.65625, 83498.7421875 445071.625, 83733.8984375 445129.125)",1200.0,9.722222222222221,4.166666666666667,19.943268506934324,1.0,1200.0,1200.0,9.722222222222221,4.166666666666667,46.534293182846746,19.943268506934324,46.534293182846746,99999,0.15,4,0,0,193.89288826186146,1.9750438029145418
669,112431,6358,6825,135.39704536235664,10,1.0,None,"LINESTRING (83583.453125 445164.15625, 83570.625 445225.65625, 83479.1328125 445202.5625, 83457.671875 445304.6875)",1200.0,9.722222222222221,4.166666666666667,13.92655323727097,1.0,1200.0,1200.0,9.722222222222221,4.166666666666667,32.49529088696559,13.92655323727097,32.49529088696559,99999,0.15,4,0,0,135.39704536235664,41.532031371220384
670,112432,6825,6358,135.39704536235664,10,1.0,None,"LINESTRING (83583.453125 445164.15625, 83570.625 445225.65625, 83479.1328125 445202.5625, 83457.671875 445304.6875)",1200.0,9.722222222222221,4.166666666666667,13.92655323727097,1.0,1200.0,1200.0,9.722222222222221,4.166666666666667,32.49529088696559,13.92655323727097,32.49529088696559,99999,0.15,4,0,0,135.39704536235664,41.532031371220384
671,112441,6358,6821,124.73755078240559,10,1.0,None,"LINESTRING (83583.453125 445164.15625, 83657.9140625 445181.5, 83742.7421875 445211.34375, 83729.5625 445258.1875)",1200.0,9.722222222222221,4.166666666666667,12.830148080476004,1.0,1200.0,1200.0,9.722222222222221,4.166666666666667,29.93701218777734,12.830148080476004,29.93701218777734,99999,0.15,4,0,0,124.73755078240559,29.080947089841352
672,112442,6821,6358,124.73755078240559,10,1.0,None,"LINESTRING (83583.453125 445164.15625, 83657.9140625 445181.5, 83742.7421875 445211.34375, 83729.5625 445258.1875)",1200.0,9.722222222222221,4.166666666666667,12.830148080476004,1.0,1200.0,1200.0,9.722222222222221,4.166666666666667,29.93701218777734,12.830148080476004,29.93701218777734,99999,0.15,4,0,0,124.73755078240559,29.080947089841352
673,112461,6821,6825,198.02685582631088,10,1.0,None,"LINESTRING (83729.5625 445258.1875, 83710.5234375 445369.5, 83558.296875 445332.40625, 83457.671875 445304.6875)",1200.0,9.722222222222221,4.166666666666667,20.36847659927769,1.0,1200.0,1200.0,9.722222222222221,4.166666666666667,47.52644539831461,20.36847659927769,47.52644539831461,99999,0.15,4,0,0,198.02685582631088,22.83668928681868
674,112462,6825,6821,198.02685582631088,10,1.0,None,"LINESTRING (83729.5625 445258.1875, 83710.5234375 445369.5, 83558.296875 445332.40625, 83457.671875 445304.6875)",1200.0,9.722222222222221,4.166666666666667,20.36847659927769,1.0,1200.0,1200.0,9.722222222222221,4.166666666666667,47.52644539831461,20.36847659927769,47.52644539831461,99999,0.15,4,0,0,198.02685582631088,22.83668928681868
675,112501,6749,6751,186.54330856420643,8,1.0,cycle_path,"LINESTRING (83017.3359375 447876.25, 83086.1328125 447888.53125, 83129.7265625 447893.3125, 83274.6171875 447912.21875)",1800.0,13.88888888888889,4.166666666666667,13.431118216622862,1.0,1800.0,1800.0,13.88888888888889,4.166666666666667,44.77039405540954,13.431118216622862,44.77039405540954,99999,0.15,4,0,0,186.54330856420643,95.22706120586724
676,112502,6751,6749,186.54330856420643,8,1.0,cycle_path,"LINESTRING (83017.3359375 447876.25, 83086.1328125 447888.53125, 83129.7265625 447893.3125, 83274.6171875 447912.21875)",1800.0,13.88888888888889,4.166666666666667,13.431118216622862,1.0,1800.0,1800.0,13.88888888888889,4.166666666666667,44.77039405540954,13.431118216622862,44.77039405540954,99999,0.15,4,0,0,186.54330856420643,95.22706120586724
677,112511,6712,6714,275.9950189613504,8,1.0,cycle_path,"LINESTRING (84013.25 446476.09375, 83933.34375 446418.75, 83841.59375 446375.71875, 83758.90625 446346.25, 83662.1171875 446319.65625)",1800.0,13.88888888888889,4.166666666666667,19.87164136521723,1.0,1800.0,1800.0,13.88888888888889,4.166666666666667,66.2388045507241,19.87164136521723,66.2388045507241,99999,0.15,4,0,0,275.9950189613504,47.41554155432181
678,112512,6714,6712,275.9950189613504,8,1.0,cycle_path,"LINESTRING (84013.25 446476.09375, 83933.34375 446418.75, 83841.59375 446375.71875, 83758.90625 446346.25, 83662.1171875 446319.65625)",1800.0,13.88888888888889,4.166666666666667,19.87164136521723,1.0,1800.0,1800.0,13.88888888888889,4.166666666666667,66.2388045507241,19.87164136521723,66.2388045507241,99999,0.15,4,0,0,275.9950189613504,47.41554155432181
679,112572,6798,6796,41.25056608161497,8,1.0,cycle_path,"LINESTRING (82434.90625 446186.75, 82447.0859375 446212.75, 82471.2109375 446231.28125)",1800.0,13.88888888888889,4.166666666666667,2.9700407578762777,1.0,1800.0,1800.0,13.88888888888889,4.166666666666667,9.900135859587593,2.9700407578762777,9.900135859587593,99999,0.15,4,0,0,41.25056608161497,30.46652531002102
680,112641,6920,6971,182.98315651276633,9,2.0,cycle_path,"LINESTRING (84368.4453125 444927.15625, 84159.2265625 444781.5625)",3400.0,13.88888888888889,4.166666666666667,13.174787268919175,2.0,1700.0,3400.0,13.88888888888889,4.166666666666667,43.91595756306391,13.174787268919175,43.91595756306391,99999,0.15,4,0,0,182.98315651276633,12.712756732739003
681,112662,6973,6674,129.75676175902808,6,2.0,None,"LINESTRING (84833.03125 445077.6875, 84665.1875 445010.625)",4000.0,22.22222222222222,4.166666666666667,5.839054279156263,2.0,2000.0,4000.0,22.22222222222222,4.166666666666667,31.141622822166738,5.839054279156263,31.141622822166738,99999,0.15,4,0,0,129.75676175902808,10.176890928188355
682,112692,6976,6975,177.31920580795682,9,2.0,cycle_path,"LINESTRING (84387.1875 444872.625, 84166.65625 444761.375)",3400.0,13.88888888888889,4.166666666666667,12.76698281817289,2.0,1700.0,3400.0,13.88888888888889,4.166666666666667,42.55660939390963,12.76698281817289,42.55660939390963,99999,0.15,4,0,0,177.31920580795682,9.748087585763116
683,112781,6971,6977,137.70011642752047,9,2.0,cycle_path,"LINESTRING (84159.2265625 444781.5625, 84084.234375 444742.1875, 83985.5859375 444700.0625)",3400.0,13.88888888888889,4.166666666666667,9.914408382781474,2.0,1700.0,3400.0,13.88888888888889,4.166666666666667,33.04802794260491,9.914408382781474,33.04802794260491,99999,0.15,4,0,0,137.70011642752047,6.9911426113878825
684,112792,6977,6976,137.23582368741364,9,2.0,cycle_path,"LINESTRING (84166.65625 444761.375, 84087.75 444726.0625, 83985.5859375 444700.0625)",3400.0,13.88888888888889,4.166666666666667,9.880979305493781,2.0,1700.0,3400.0,13.88888888888889,4.166666666666667,32.93659768497927,9.880979305493781,32.93659768497927,99999,0.15,4,0,0,137.23582368741364,6.9520035754966685
685,112801,6921,6977,53.567725267599215,9,2.0,cycle_path,"LINESTRING (83914.7421875 444676.625, 83985.5859375 444700.0625)",3400.0,13.88888888888889,4.166666666666667,3.8568762192671433,2.0,1700.0,3400.0,13.88888888888889,4.166666666666667,12.85625406422381,3.8568762192671433,12.85625406422381,99999,0.15,4,0,0,53.567725267599215,16.023331324247795
686,112802,6977,6921,53.567725267599215,9,2.0,cycle_path,"LINESTRING (83914.7421875 444676.625, 83985.5859375 444700.0625)",3400.0,13.88888888888889,4.166666666666667,3.8568762192671433,2.0,1700.0,3400.0,13.88888888888889,4.166666666666667,12.85625406422381,3.8568762192671433,12.85625406422381,99999,0.15,4,0,0,53.567725267599215,16.023331324247795
687,112822,6598,1,399.4326879896669,12,,None,"LINESTRING (83514.3828125 450414.25, 84070.4296875 450423.96875)",9999.0,27.77777777777778,4.166666666666667,14.379576767628008,,,,27.77777777777778,4.166666666666667,95.86384511752004,14.379576767628008,95.86384511752004,99999,0.15,4,0,0,399.4326879896669,0.0
688,112831,1,6978,382.7629827649967,12,,None,"LINESTRING (83514.3828125 450414.25, 84047.296875 450417.28125)",9999.0,27.77777777777778,4.166666666666667,13.77946737953988,,,,27.77777777777778,4.166666666666667,91.8631158635992,13.77946737953988,91.8631158635992,99999,0.15,4,0,0,382.7629827649967,0.0
689,112851,1,6979,98.25557765977558,12,,None,"LINESTRING (83514.3828125 450414.25, 83518.1796875 450277.5)",9999.0,4.166666666666667,4.166666666666667,23.58133863834614,,,,4.166666666666667,4.166666666666667,23.58133863834614,23.58133863834614,23.58133863834614,99999,0.15,4,0,0,98.25557765977558,20.806835786551815
690,112852,6979,1,98.25557765977558,12,,None,"LINESTRING (83514.3828125 450414.25, 83518.1796875 450277.5)",9999.0,4.166666666666667,4.166666666666667,23.58133863834614,,,,4.166666666666667,4.166666666666667,23.58133863834614,23.58133863834614,23.58133863834614,99999,0.15,4,0,0,98.25557765977558,20.806835786551815
691,112861,1,6961,608.8502692892948,12,,None,"LINESTRING (83514.3828125 450414.25, 82666.6796875 450417.03125)",9999.0,27.77777777777778,4.166666666666667,21.918609694414613,,,,27.77777777777778,4.166666666666667,146.12406462943076,21.918609694414613,146.12406462943076,99999,0.15,4,0,0,608.8502692892948,3.104988128869036
692,112872,6962,1,588.0549454424691,12,,None,"LINESTRING (83514.3828125 450414.25, 82695.640625 450409.78125)",9999.0,27.77777777777778,4.166666666666667,21.16997803592889,,,,27.77777777777778,4.166666666666667,141.13318690619258,21.16997803592889,141.13318690619258,99999,0.15,4,0,0,588.0549454424691,3.207988621812448
693,112881,2,6704,562.4318238007645,12,,None,"LINESTRING (87433.9296875 447491.84375, 86690.515625 447245.15625)",9999.0,19.444444444444443,4.166666666666667,28.92506522403932,,,,19.444444444444443,4.166666666666667,134.98363771218348,28.92506522403932,134.98363771218348,99999,0.15,4,0,0,562.4318238007645,0.0
694,112882,6704,2,562.4318238007645,12,,None,"LINESTRING (87433.9296875 447491.84375, 86690.515625 447245.15625)",9999.0,19.444444444444443,4.166666666666667,28.92506522403932,,,,19.444444444444443,4.166666666666667,134.98363771218348,28.92506522403932,134.98363771218348,99999,0.15,4,0,0,562.4318238007645,0.0
695,112892,6888,3,496.6161950647913,12,,None,"LINESTRING (86444.2109375 442695.53125, 87136.09375 442700.5)",9999.0,27.77777777777778,4.166666666666667,17.878183022332486,,,,27.77777777777778,4.166666666666667,119.18788681554992,17.878183022332486,119.18788681554992,99999,0.15,4,0,0,496.6161950647913,83.82321931994348
696,112901,3,6887,515.8978225731449,12,,None,"LINESTRING (86444.2109375 442695.53125, 87162.7734375 442678.46875)",9999.0,27.77777777777778,4.166666666666667,18.572321612633218,,,,27.77777777777778,4.166666666666667,123.81547741755477,18.572321612633218,123.81547741755477,99999,0.15,4,0,0,515.8978225731449,84.26808675447762
697,112931,3,6980,735.6114276166768,12,,None,"LINESTRING (86444.2109375 442695.53125, 85419.5078125 442714.53125)",9999.0,4.166666666666667,4.166666666666667,176.54674262800242,,,,4.166666666666667,4.166666666666667,176.54674262800242,176.54674262800242,176.54674262800242,99999,0.15,4,0,0,735.6114276166768,10.462789420510193
698,112932,6980,3,735.6114276166768,12,,None,"LINESTRING (86444.2109375 442695.53125, 85419.5078125 442714.53125)",9999.0,4.166666666666667,4.166666666666667,176.54674262800242,,,,4.166666666666667,4.166666666666667,176.54674262800242,176.54674262800242,176.54674262800242,99999,0.15,4,0,0,735.6114276166768,10.462789420510193
699,112941,4,6980,816.6114841694748,12,,None,"LINESTRING (84281.9296875 442695.53125, 85419.5078125 442714.53125)",9999.0,4.166666666666667,4.166666666666667,195.98675620067394,,,,4.166666666666667,4.166666666666667,195.98675620067394,195.98675620067394,195.98675620067394,99999,0.15,4,0,0,816.6114841694748,58.9153156145343
700,112942,6980,4,816.6114841694748,12,,None,"LINESTRING (84281.9296875 442695.53125, 85419.5078125 442714.53125)",9999.0,4.166666666666667,4.166666666666667,195.98675620067394,,,,4.166666666666667,4.166666666666667,195.98675620067394,195.98675620067394,195.98675620067394,99999,0.15,4,0,0,816.6114841694748,58.9153156145343
701,112952,5023,4,857.5905214771776,12,,None,"LINESTRING (84281.9296875 442695.53125, 83087.1171875 442687.71875)",9999.0,27.77777777777778,4.166666666666667,30.873258773178392,,,,27.77777777777778,4.166666666666667,205.82172515452262,30.873258773178392,205.82172515452262,99999,0.15,4,0,0,857.5905214771776,2.6511553019721186
702,112961,4,5024,845.3431923315222,12,,None,"LINESTRING (84281.9296875 442695.53125, 83104.25 442710.375)",9999.0,27.77777777777778,4.166666666666667,30.4323549239348,,,,27.77777777777778,4.166666666666667,202.88236615956532,30.4323549239348,202.88236615956532,99999,0.15,4,0,0,845.3431923315222,2.986969815869698
703,112971,6953,6981,227.15142283802348,7,1.0,cycle_path,"LINESTRING (81423.8359375 445789.5625, 81114.03125 445725.3125)",2200.0,19.444444444444443,4.166666666666667,11.682073174526924,1.0,2200.0,2200.0,19.444444444444443,4.166666666666667,54.51634148112563,11.682073174526924,54.51634148112563,99999,0.15,4,0,0,227.15142283802348,0.0
704,112972,6981,6953,227.15142283802348,7,1.0,cycle_path,"LINESTRING (81423.8359375 445789.5625, 81114.03125 445725.3125)",2200.0,19.444444444444443,4.166666666666667,11.682073174526924,1.0,2200.0,2200.0,19.444444444444443,4.166666666666667,54.51634148112563,11.682073174526924,54.51634148112563,99999,0.15,4,0,0,227.15142283802348,0.0
705,112981,5,6981,453.66884248563207,12,,None,"LINESTRING (81413.6640625 445168.9375, 81114.03125 445725.3125)",9999.0,4.166666666666667,4.166666666666667,108.8805221965517,,,,4.166666666666667,4.166666666666667,108.8805221965517,108.8805221965517,108.8805221965517,99999,0.15,4,0,0,453.66884248563207,0.0
706,112982,6981,5,453.66884248563207,12,,None,"LINESTRING (81413.6640625 445168.9375, 81114.03125 445725.3125)",9999.0,4.166666666666667,4.166666666666667,108.8805221965517,,,,4.166666666666667,4.166666666666667,108.8805221965517,108.8805221965517,108.8805221965517,99999,0.15,4,0,0,453.66884248563207,0.0
707,113001,5025,6945,383.3105906579833,2,2.0,None,"LINESTRING (81112.59375 447069.125, 81113.53125 447192.6875, 81123.6953125 447336.46875, 81150.3359375 447480.125, 81186.5546875 447597.8125)",4800.0,27.77777777777778,4.166666666666667,13.799181263687398,2.0,2400.0,4800.0,27.77777777777778,4.166666666666667,91.99454175791598,13.799181263687398,91.99454175791598,99999,0.15,4,0,0,383.3105906579833,0.0
708,113021,6982,6983,202.96173173949998,6,2.0,None,"LINESTRING (81391.9140625 447788.9375, 81142.609375 447922.125)",4000.0,22.22222222222222,4.166666666666667,9.133277928277499,2.0,2000.0,4000.0,22.22222222222222,4.166666666666667,48.710815617479994,9.133277928277499,48.710815617479994,99999,0.15,4,0,0,202.96173173949998,0.0
709,113022,6983,6982,202.96173173949998,6,2.0,None,"LINESTRING (81391.9140625 447788.9375, 81142.609375 447922.125)",4000.0,22.22222222222222,4.166666666666667,9.133277928277499,2.0,2000.0,4000.0,22.22222222222222,4.166666666666667,48.710815617479994,9.133277928277499,48.710815617479994,99999,0.15,4,0,0,202.96173173949998,0.0
710,113031,6983,6984,246.2491316351094,6,2.0,None,"LINESTRING (81142.609375 447922.125, 80849.96875 448100.90625)",4000.0,22.22222222222222,4.166666666666667,11.081210923579922,2.0,2000.0,4000.0,22.22222222222222,4.166666666666667,59.09979159242625,11.081210923579922,59.09979159242625,99999,0.15,4,0,0,246.2491316351094,0.0
711,113032,6984,6983,246.2491316351094,6,2.0,None,"LINESTRING (81142.609375 447922.125, 80849.96875 448100.90625)",4000.0,22.22222222222222,4.166666666666667,11.081210923579922,2.0,2000.0,4000.0,22.22222222222222,4.166666666666667,59.09979159242625,11.081210923579922,59.09979159242625,99999,0.15,4,0,0,246.2491316351094,0.0
712,113062,6944,5026,270.0665657880836,2,2.0,None,"LINESTRING (81101.625 447332.4375, 81127.5078125 447481.625, 81153.7265625 447574.78125, 81198.8046875 447695.78125)",4800.0,27.77777777777778,4.166666666666667,9.72239636837101,2.0,2400.0,4800.0,27.77777777777778,4.166666666666667,64.81597578914005,9.72239636837101,64.81597578914005,99999,0.15,4,0,0,270.0665657880836,0.0
713,113081,6945,6985,131.05116887172494,2,2.0,None,"LINESTRING (81186.5546875 447597.8125, 81252.234375 447768.09375)",4800.0,27.77777777777778,4.166666666666667,4.717842079382097,2.0,2400.0,4800.0,27.77777777777778,4.166666666666667,31.452280529213983,4.717842079382097,31.452280529213983,99999,0.15,4,0,0,131.05116887172494,0.0
714,113101,5025,6986,516.1640753119308,5,1.0,None,"LINESTRING (81112.59375 447069.125, 81153.140625 447198.8125, 81218.5 447346.40625, 81313.3828125 447580.4375, 81374.5234375 447738.5625)",2200.0,19.444444444444443,4.166666666666667,26.545581016042156,1.0,2200.0,2200.0,19.444444444444443,4.166666666666667,123.87937807486338,26.545581016042156,123.87937807486338,99999,0.15,4,0,0,516.1640753119308,0.0
715,113111,6982,6986,38.267034778070666,5,1.0,None,"LINESTRING (81391.9140625 447788.9375, 81374.5234375 447738.5625)",2200.0,19.444444444444443,4.166666666666667,1.9680189314436345,1.0,2200.0,2200.0,19.444444444444443,4.166666666666667,9.18408834673696,1.9680189314436345,9.18408834673696,99999,0.15,4,0,0,38.267034778070666,0.0
716,113112,6986,6982,38.267034778070666,5,1.0,None,"LINESTRING (81391.9140625 447788.9375, 81374.5234375 447738.5625)",2200.0,19.444444444444443,4.166666666666667,1.9680189314436345,1.0,2200.0,2200.0,19.444444444444443,4.166666666666667,9.18408834673696,1.9680189314436345,9.18408834673696,99999,0.15,4,0,0,38.267034778070666,0.0
717,113122,6986,6985,90.33473535534822,5,1.0,None,"LINESTRING (81252.234375 447768.09375, 81251.546875 447711.21875, 81270.28125 447671.09375, 81304.3671875 447662.5625, 81337.578125 447683.90625, 81374.5234375 447738.5625)",2200.0,19.444444444444443,4.166666666666667,4.6457863897036225,1.0,2200.0,2200.0,19.444444444444443,4.166666666666667,21.68033648528357,4.6457863897036225,21.68033648528357,99999,0.15,4,0,0,90.33473535534822,0.0
718,113131,6960,6983,294.6957941444284,5,1.0,None,"LINESTRING (81415.3828125 448228.75, 81336.140625 448130.59375, 81278.2890625 448089.21875, 81195.3125 448023.0625, 81171.734375 447973.28125, 81142.609375 447922.125)",2200.0,19.444444444444443,4.166666666666667,15.15578369885632,1.0,2200.0,2200.0,19.444444444444443,4.166666666666667,70.72699059466281,15.15578369885632,70.72699059466281,99999,0.15,4,0,0,294.6957941444284,0.0
719,113141,6,6984,89.35525393541364,12,,None,"LINESTRING (80740.953125 448160.90625, 80849.96875 448100.90625)",9999.0,22.22222222222222,4.166666666666667,4.020986427093614,,,,22.22222222222222,4.166666666666667,21.44526094449927,4.020986427093614,21.44526094449927,99999,0.15,4,0,0,89.35525393541364,0.0
720,113142,6984,6,89.35525393541364,12,,None,"LINESTRING (80740.953125 448160.90625, 80849.96875 448100.90625)",9999.0,22.22222222222222,4.166666666666667,4.020986427093614,,,,22.22222222222222,4.166666666666667,21.44526094449927,4.020986427093614,21.44526094449927,99999,0.15,4,0,0,89.35525393541364,0.0
721,113161,6919,6920,224.9770843592799,9,2.0,cycle_path,"LINESTRING (84663.0546875 445034, 84368.4453125 444927.15625)",3400.0,13.88888888888889,4.166666666666667,16.198350073868152,2.0,1700.0,3400.0,13.88888888888889,4.166666666666667,53.99450024622717,16.198350073868152,53.99450024622717,99999,0.15,4,0,0,224.9770843592799,4.198235183334281
722,113172,6975,6973,222.80998685569955,9,2.0,cycle_path,"LINESTRING (84665.1875 445010.625, 84387.1875 444872.625)",3400.0,13.88888888888889,4.166666666666667,16.042319053610367,2.0,1700.0,3400.0,13.88888888888889,4.166666666666667,53.474396845367885,16.042319053610367,53.474396845367885,99999,0.15,4,0,0,222.80998685569955,18.52873287162497
723,113181,6678,6920,135.36484758566093,11,1.0,cycle_path,"LINESTRING (84306.59375 445105.28125, 84368.4453125 444927.15625)",1500.0,11.11111111111111,4.166666666666667,12.182836282709484,1.0,1500.0,1500.0,11.11111111111111,4.166666666666667,32.48756342055862,12.182836282709484,32.48756342055862,99999,0.15,4,0,0,135.36484758566093,29.934587230021968
724,113182,6920,6678,135.36484758566093,11,1.0,cycle_path,"LINESTRING (84306.59375 445105.28125, 84368.4453125 444927.15625)",1500.0,11.11111111111111,4.166666666666667,12.182836282709484,1.0,1500.0,1500.0,11.11111111111111,4.166666666666667,32.48756342055862,12.182836282709484,32.48756342055862,99999,0.15,4,0,0,135.36484758566093,29.934587230021968
725,113191,6920,6975,41.39500237687475,9,2.0,cycle_path,"LINESTRING (84368.4453125 444927.15625, 84387.1875 444872.625)",3400.0,13.88888888888889,4.166666666666667,2.980440171134982,2.0,1700.0,3400.0,13.88888888888889,4.166666666666667,9.934800570449939,2.980440171134982,9.934800570449939,99999,0.15,4,0,0,41.39500237687475,41.504150233869794
726,113192,6975,6920,41.39500237687475,9,2.0,cycle_path,"LINESTRING (84368.4453125 444927.15625, 84387.1875 444872.625)",3400.0,13.88888888888889,4.166666666666667,2.980440171134982,2.0,1700.0,3400.0,13.88888888888889,4.166666666666667,9.934800570449939,2.980440171134982,9.934800570449939,99999,0.15,4,0,0,41.39500237687475,41.504150233869794
727,113201,6690,6975,104.65032302202076,11,1.0,cycle_path,"LINESTRING (84531.8203125 444854.40625, 84429.40625 444843.1875, 84398.0703125 444850.75, 84387.1875 444872.625)",1500.0,11.11111111111111,4.166666666666667,9.418529071981869,1.0,1500.0,1500.0,11.11111111111111,4.166666666666667,25.11607752528498,9.418529071981869,25.11607752528498,99999,0.15,4,0,0,104.65032302202076,22.791870096451746
728,113202,6975,6690,104.65032302202076,11,1.0,cycle_path,"LINESTRING (84531.8203125 444854.40625, 84429.40625 444843.1875, 84398.0703125 444850.75, 84387.1875 444872.625)",1500.0,11.11111111111111,4.166666666666667,9.418529071981869,1.0,1500.0,1500.0,11.11111111111111,4.166666666666667,25.11607752528498,9.418529071981869,25.11607752528498,99999,0.15,4,0,0,104.65032302202076,22.791870096451746
729,113211,6821,6848,157.32373411670204,10,1.0,None,"LINESTRING (83729.5625 445258.1875, 83941 445315.78125)",1200.0,9.722222222222221,4.166666666666667,16.181869794860784,1.0,1200.0,1200.0,9.722222222222221,4.166666666666667,37.75769618800849,16.181869794860784,37.75769618800849,99999,0.15,4,0,0,157.32373411670204,50.662770446910145
730,113212,6848,6821,157.32373411670204,10,1.0,None,"LINESTRING (83729.5625 445258.1875, 83941 445315.78125)",1200.0,9.722222222222221,4.166666666666667,16.181869794860784,1.0,1200.0,1200.0,9.722222222222221,4.166666666666667,37.75769618800849,16.181869794860784,37.75769618800849,99999,0.15,4,0,0,157.32373411670204,50.662770446910145
731,113221,8,6464,144.09576000186425,12,,None,"LINESTRING (84100.1796875 449364.65625, 83957.9296875 449506.15625)",9999.0,4.166666666666667,4.166666666666667,34.58298240044742,,,,4.166666666666667,4.166666666666667,34.58298240044742,34.58298240044742,34.58298240044742,99999,0.15,4,0,0,144.09576000186425,0.0
732,113222,6464,8,144.09576000186425,12,,None,"LINESTRING (84100.1796875 449364.65625, 83957.9296875 449506.15625)",9999.0,4.166666666666667,4.166666666666667,34.58298240044742,,,,4.166666666666667,4.166666666666667,34.58298240044742,34.58298240044742,34.58298240044742,99999,0.15,4,0,0,144.09576000186425,0.0
733,113231,6483,6987,75.23123079336949,8,1.0,cycle_path,"LINESTRING (84820.3046875 448244.375, 84878.390625 448157.1875)",1800.0,13.88888888888889,4.166666666666667,5.416648617122603,1.0,1800.0,1800.0,13.88888888888889,4.166666666666667,18.055495390408677,5.416648617122603,18.055495390408677,99999,0.15,4,0,0,75.23123079336949,4.021592390988403
734,113232,6987,6483,75.23123079336949,8,1.0,cycle_path,"LINESTRING (84820.3046875 448244.375, 84878.390625 448157.1875)",1800.0,13.88888888888889,4.166666666666667,5.416648617122603,1.0,1800.0,1800.0,13.88888888888889,4.166666666666667,18.055495390408677,5.416648617122603,18.055495390408677,99999,0.15,4,0,0,75.23123079336949,4.021592390988403
735,113241,6577,6987,109.35971017085589,8,1.0,cycle_path,"LINESTRING (84952.2421875 448024, 84878.390625 448157.1875)",1800.0,13.88888888888889,4.166666666666667,7.873899132301624,1.0,1800.0,1800.0,13.88888888888889,4.166666666666667,26.246330441005412,7.873899132301624,26.246330441005412,99999,0.15,4,0,0,109.35971017085589,15.764342498486938
736,113242,6987,6577,109.35971017085589,8,1.0,cycle_path,"LINESTRING (84952.2421875 448024, 84878.390625 448157.1875)",1800.0,13.88888888888889,4.166666666666667,7.873899132301624,1.0,1800.0,1800.0,13.88888888888889,4.166666666666667,26.246330441005412,7.873899132301624,26.246330441005412,99999,0.15,4,0,0,109.35971017085589,15.764342498486938
737,113251,9,6987,132.0732458589128,12,,None,"LINESTRING (85027.171875 448265.3125, 84878.390625 448157.1875)",9999.0,4.166666666666667,4.166666666666667,31.69757900613907,,,,4.166666666666667,4.166666666666667,31.69757900613907,31.69757900613907,31.69757900613907,99999,0.15,4,0,0,132.0732458589128,0.0
738,113252,6987,9,132.0732458589128,12,,None,"LINESTRING (85027.171875 448265.3125, 84878.390625 448157.1875)",9999.0,4.166666666666667,4.166666666666667,31.69757900613907,,,,4.166666666666667,4.166666666666667,31.69757900613907,31.69757900613907,31.69757900613907,99999,0.15,4,0,0,132.0732458589128,0.0
739,113261,10,6503,61.4630053070331,12,,None,"LINESTRING (84290.7265625 447866.0625, 84255 447943.84375)",9999.0,4.166666666666667,4.166666666666667,14.751121273687943,,,,4.166666666666667,4.166666666666667,14.751121273687943,14.751121273687943,14.751121273687943,99999,0.15,4,0,0,61.4630053070331,38.20177019343368
740,113262,6503,10,61.4630053070331,12,,None,"LINESTRING (84290.7265625 447866.0625, 84255 447943.84375)",9999.0,4.166666666666667,4.166666666666667,14.751121273687943,,,,4.166666666666667,4.166666666666667,14.751121273687943,14.751121273687943,14.751121273687943,99999,0.15,4,0,0,61.4630053070331,38.20177019343368
741,113271,5027,6561,112.96143029783582,10,1.0,None,"LINESTRING (84673.296875 447548.75, 84721.96875 447478.875, 84761.796875 447418.6875)",1200.0,9.722222222222221,4.166666666666667,11.618889973491685,1.0,1200.0,1200.0,9.722222222222221,4.166666666666667,27.110743271480594,11.618889973491685,27.110743271480594,99999,0.15,4,0,0,112.96143029783582,3.0429935540723263
742,113272,6561,5027,112.96143029783582,10,1.0,None,"LINESTRING (84673.296875 447548.75, 84721.96875 447478.875, 84761.796875 447418.6875)",1200.0,9.722222222222221,4.166666666666667,11.618889973491685,1.0,1200.0,1200.0,9.722222222222221,4.166666666666667,27.110743271480594,11.618889973491685,27.110743271480594,99999,0.15,4,0,0,112.96143029783582,3.0429935540723263
743,113281,5027,6566,64.56239671043808,10,1.0,None,"LINESTRING (84673.296875 447548.75, 84620.203125 447621.3125)",1200.0,9.722222222222221,4.166666666666667,6.64070366164506,1.0,1200.0,1200.0,9.722222222222221,4.166666666666667,15.494975210505139,6.64070366164506,15.494975210505139,99999,0.15,4,0,0,64.56239671043808,7.715158867416835
744,113282,6566,5027,64.56239671043808,10,1.0,None,"LINESTRING (84673.296875 447548.75, 84620.203125 447621.3125)",1200.0,9.722222222222221,4.166666666666667,6.64070366164506,1.0,1200.0,1200.0,9.722222222222221,4.166666666666667,15.494975210505139,6.64070366164506,15.494975210505139,99999,0.15,4,0,0,64.56239671043808,7.715158867416835
745,113291,11,5027,81.8805027775397,12,,None,"LINESTRING (84582.0625 447480.34375, 84673.296875 447548.75)",9999.0,4.166666666666667,4.166666666666667,19.65132066660953,,,,4.166666666666667,4.166666666666667,19.65132066660953,19.65132066660953,19.65132066660953,99999,0.15,4,0,0,81.8805027775397,0.0
746,113292,5027,11,81.8805027775397,12,,None,"LINESTRING (84582.0625 447480.34375, 84673.296875 447548.75)",9999.0,4.166666666666667,4.166666666666667,19.65132066660953,,,,4.166666666666667,4.166666666666667,19.65132066660953,19.65132066660953,19.65132066660953,99999,0.15,4,0,0,81.8805027775397,0.0
747,113301,12,6774,71.03987241108008,12,,None,"LINESTRING (83649.6796875 447266.46875, 83710.140625 447344.78125)",9999.0,4.166666666666667,4.166666666666667,17.049569378659218,,,,4.166666666666667,4.166666666666667,17.049569378659218,17.049569378659218,17.049569378659218,99999,0.15,4,0,0,71.03987241108008,0.0
748,113302,6774,12,71.03987241108008,12,,None,"LINESTRING (83649.6796875 447266.46875, 83710.140625 447344.78125)",9999.0,4.166666666666667,4.166666666666667,17.049569378659218,,,,4.166666666666667,4.166666666666667,17.049569378659218,17.049569378659218,17.049569378659218,99999,0.15,4,0,0,71.03987241108008,0.0
749,113311,13,6736,220.4561073367027,12,,None,"LINESTRING (82895.6875 447039.65625, 82737.46875 447302.78125)",9999.0,4.166666666666667,4.166666666666667,52.909465760808644,,,,4.166666666666667,4.166666666666667,52.909465760808644,52.909465760808644,52.909465760808644,99999,0.15,4,0,0,220.4561073367027,100.0
750,113312,6736,13,220.4561073367027,12,,None,"LINESTRING (82895.6875 447039.65625, 82737.46875 447302.78125)",9999.0,4.166666666666667,4.166666666666667,52.909465760808644,,,,4.166666666666667,4.166666666666667,52.909465760808644,52.909465760808644,52.909465760808644,99999,0.15,4,0,0,220.4561073367027,100.0
751,113321,6615,6988,127.61124262976853,8,1.0,cycle_path,"LINESTRING (85734.4609375 447055.53125, 85558.21875 447078.4375)",1800.0,13.88888888888889,4.166666666666667,9.188009469343333,1.0,1800.0,1800.0,13.88888888888889,4.166666666666667,30.626698231144445,9.188009469343333,30.626698231144445,99999,0.15,4,0,0,127.61124262976853,6.585163410325354
752,113322,6988,6615,127.61124262976853,8,1.0,cycle_path,"LINESTRING (85734.4609375 447055.53125, 85558.21875 447078.4375)",1800.0,13.88888888888889,4.166666666666667,9.188009469343333,1.0,1800.0,1800.0,13.88888888888889,4.166666666666667,30.626698231144445,9.188009469343333,30.626698231144445,99999,0.15,4,0,0,127.61124262976853,6.585163410325354
753,113371,17,6680,93.86077925251405,12,,None,"LINESTRING (84720.3515625 446023.125, 84841.2734375 446072.8125)",9999.0,4.166666666666667,4.166666666666667,22.52658702060337,,,,4.166666666666667,4.166666666666667,22.52658702060337,22.52658702060337,22.52658702060337,99999,0.15,4,0,0,93.86077925251405,1.7300118225127532
754,113372,6680,17,93.86077925251405,12,,None,"LINESTRING (84720.3515625 446023.125, 84841.2734375 446072.8125)",9999.0,4.166666666666667,4.166666666666667,22.52658702060337,,,,4.166666666666667,4.166666666666667,22.52658702060337,22.52658702060337,22.52658702060337,99999,0.15,4,0,0,93.86077925251405,1.7300118225127532
755,113381,18,6654,122.09692558829839,12,,None,"LINESTRING (85631.5234375 446012.84375, 85787.328125 446081)",9999.0,4.166666666666667,4.166666666666667,29.303262141191613,,,,4.166666666666667,4.166666666666667,29.303262141191613,29.303262141191613,29.303262141191613,99999,0.15,4,0,0,122.09692558829839,14.312018141345606
756,113382,6654,18,122.09692558829839,12,,None,"LINESTRING (85631.5234375 446012.84375, 85787.328125 446081)",9999.0,4.166666666666667,4.166666666666667,29.303262141191613,,,,4.166666666666667,4.166666666666667,29.303262141191613,29.303262141191613,29.303262141191613,99999,0.15,4,0,0,122.09692558829839,14.312018141345606
757,113391,19,6898,103.76696392042032,12,,None,"LINESTRING (83076.39417873915 443848.4507972683, 83192.875 443934.0625)",9999.0,4.166666666666667,4.166666666666667,24.904071340900877,,,,4.166666666666667,4.166666666666667,24.904071340900877,24.904071340900877,24.904071340900877,99999,0.15,4,0,0,103.76696392042032,23.4562681637544
758,113392,6898,19,103.76696392042032,12,,None,"LINESTRING (83076.39417873915 443848.4507972683, 83192.875 443934.0625)",9999.0,4.166666666666667,4.166666666666667,24.904071340900877,,,,4.166666666666667,4.166666666666667,24.904071340900877,24.904071340900877,24.904071340900877,99999,0.15,4,0,0,103.76696392042032,23.4562681637544
759,113461,19,6896,295.2747959624178,12,,None,"LINESTRING (83076.39417873915 443848.4507972683, 83486.390625 443815.09375)",9999.0,4.166666666666667,4.166666666666667,70.86595103098027,,,,4.166666666666667,4.166666666666667,70.86595103098027,70.86595103098027,70.86595103098027,99999,0.15,4,0,0,295.2747959624178,38.155645274780134
760,113462,6896,19,295.2747959624178,12,,None,"LINESTRING (83076.39417873915 443848.4507972683, 83486.390625 443815.09375)",9999.0,4.166666666666667,4.166666666666667,70.86595103098027,,,,4.166666666666667,4.166666666666667,70.86595103098027,70.86595103098027,70.86595103098027,99999,0.15,4,0,0,295.2747959624178,38.155645274780134
761,113471,20,6874,129.17350124761433,12,,None,"LINESTRING (84616.3984375 444239.90625, 84624.8203125 444060.15625)",9999.0,4.166666666666667,4.166666666666667,31.001640299427436,,,,4.166666666666667,4.166666666666667,31.001640299427436,31.001640299427436,31.001640299427436,99999,0.15,4,0,0,129.17350124761433,28.90533969206068
762,113472,6874,20,129.17350124761433,12,,None,"LINESTRING (84616.3984375 444239.90625, 84624.8203125 444060.15625)",9999.0,4.166666666666667,4.166666666666667,31.001640299427436,,,,4.166666666666667,4.166666666666667,31.001640299427436,31.001640299427436,31.001640299427436,99999,0.15,4,0,0,129.17350124761433,28.90533969206068
763,113481,5660,6856,187.22919154070425,10,1.0,None,"LINESTRING (83065.296875 445003.59375, 83035.3359375 445146.75, 82980.625 445134, 82958.0234375 445241.3125)",1200.0,9.722222222222221,4.166666666666667,19.257859701329583,1.0,1200.0,1200.0,9.722222222222221,4.166666666666667,44.935005969769016,19.257859701329583,44.935005969769016,99999,0.15,4,0,0,187.22919154070425,39.0282969084749
764,113482,6856,5660,187.22919154070425,10,1.0,None,"LINESTRING (83065.296875 445003.59375, 83035.3359375 445146.75, 82980.625 445134, 82958.0234375 445241.3125)",1200.0,9.722222222222221,4.166666666666667,19.257859701329583,1.0,1200.0,1200.0,9.722222222222221,4.166666666666667,44.935005969769016,19.257859701329583,44.935005969769016,99999,0.15,4,0,0,187.22919154070425,39.0282969084749
765,113491,21,6684,274.0019786601522,12,,None,"LINESTRING (85360.65625 444415.75, 85472.3203125 444050.75)",9999.0,4.166666666666667,4.166666666666667,65.76047487843653,,,,4.166666666666667,4.166666666666667,65.76047487843653,65.76047487843653,65.76047487843653,99999,0.15,4,0,0,274.0019786601522,84.28332510054311
766,113492,6684,21,274.0019786601522,12,,None,"LINESTRING (85360.65625 444415.75, 85472.3203125 444050.75)",9999.0,4.166666666666667,4.166666666666667,65.76047487843653,,,,4.166666666666667,4.166666666666667,65.76047487843653,65.76047487843653,65.76047487843653,99999,0.15,4,0,0,274.0019786601522,84.28332510054311
767,113511,6990,6991,203.2379817786301,10,1.0,None,"LINESTRING (85644.4296875 444371.34375, 85743.859375 444418.21875, 85763.5859375 444375.5, 85917.9140625 444444.5625)",1200.0,9.722222222222221,4.166666666666667,20.904478125801955,1.0,1200.0,1200.0,9.722222222222221,4.166666666666667,48.777115626871215,20.904478125801955,48.777115626871215,99999,0.15,4,0,0,203.2379817786301,39.05209149622893
768,113512,6991,6990,203.2379817786301,10,1.0,None,"LINESTRING (85644.4296875 444371.34375, 85743.859375 444418.21875, 85763.5859375 444375.5, 85917.9140625 444444.5625)",1200.0,9.722222222222221,4.166666666666667,20.904478125801955,1.0,1200.0,1200.0,9.722222222222221,4.166666666666667,48.777115626871215,20.904478125801955,48.777115626871215,99999,0.15,4,0,0,203.2379817786301,39.05209149622893
769,113531,22,6991,120.29163379744826,12,,None,"LINESTRING (86073.453125 444506.90625, 85917.9140625 444444.5625)",9999.0,4.166666666666667,4.166666666666667,28.869992111387578,,,,4.166666666666667,4.166666666666667,28.869992111387578,28.869992111387578,28.869992111387578,99999,0.15,4,0,0,120.29163379744826,10.21267248567222
770,113532,6991,22,120.29163379744826,12,,None,"LINESTRING (86073.453125 444506.90625, 85917.9140625 444444.5625)",9999.0,4.166666666666667,4.166666666666667,28.869992111387578,,,,4.166666666666667,4.166666666666667,28.869992111387578,28.869992111387578,28.869992111387578,99999,0.15,4,0,0,120.29163379744826,10.21267248567222
771,113541,22,6992,129.18225154689108,12,,None,"LINESTRING (86073.453125 444506.90625, 86241.7109375 444570.71875)",9999.0,4.166666666666667,4.166666666666667,31.00374037125386,,,,4.166666666666667,4.166666666666667,31.00374037125386,31.00374037125386,31.00374037125386,99999,0.15,4,0,0,129.18225154689108,84.2098532041427
772,113542,6992,22,129.18225154689108,12,,None,"LINESTRING (86073.453125 444506.90625, 86241.7109375 444570.71875)",9999.0,4.166666666666667,4.166666666666667,31.00374037125386,,,,4.166666666666667,4.166666666666667,31.00374037125386,31.00374037125386,31.00374037125386,99999,0.15,4,0,0,129.18225154689108,84.2098532041427
773,113571,13,5016,197.27890773403266,12,,None,"LINESTRING (82895.6875 447039.65625, 83143.6953125 446921.40625)",9999.0,4.166666666666667,4.166666666666667,47.346937856167834,,,,4.166666666666667,4.166666666666667,47.346937856167834,47.346937856167834,47.346937856167834,99999,0.15,4,0,0,197.27890773403266,32.23250669539838
774,113572,5016,13,197.27890773403266,12,,None,"LINESTRING (82895.6875 447039.65625, 83143.6953125 446921.40625)",9999.0,4.166666666666667,4.166666666666667,47.346937856167834,,,,4.166666666666667,4.166666666666667,47.346937856167834,47.346937856167834,47.346937856167834,99999,0.15,4,0,0,197.27890773403266,32.23250669539838
775,113581,7,6993,148.8550935629339,12,,None,"LINESTRING (81754.234375 450006.8125, 81847.0625 449821.5)",9999.0,19.444444444444443,4.166666666666667,7.65540481180803,,,,19.444444444444443,4.166666666666667,35.72522245510413,7.65540481180803,35.72522245510413,99999,0.15,4,0,0,148.8550935629339,0.0
776,113582,6993,7,148.8550935629339,12,,None,"LINESTRING (81754.234375 450006.8125, 81847.0625 449821.5)",9999.0,19.444444444444443,4.166666666666667,7.65540481180803,,,,19.444444444444443,4.166666666666667,35.72522245510413,7.65540481180803,35.72522245510413,99999,0.15,4,0,0,148.8550935629339,0.0
777,113591,6949,6993,160.48774590907297,7,1.0,cycle_path,"LINESTRING (81953.359375 449624.9375, 81847.0625 449821.5)",2200.0,19.444444444444443,4.166666666666667,8.253655503895182,1.0,2200.0,2200.0,19.444444444444443,4.166666666666667,38.51705901817751,8.253655503895182,38.51705901817751,99999,0.15,4,0,0,160.48774590907297,0.0
778,113592,6993,6949,160.48774590907297,7,1.0,cycle_path,"LINESTRING (81953.359375 449624.9375, 81847.0625 449821.5)",2200.0,19.444444444444443,4.166666666666667,8.253655503895182,1.0,2200.0,2200.0,19.444444444444443,4.166666666666667,38.51705901817751,8.253655503895182,38.51705901817751,99999,0.15,4,0,0,160.48774590907297,0.0
779,113661,6537,6996,18.914264531221104,8,1.0,cycle_path,"LINESTRING (84336.9921875 447102, 84326.34375 447126.09375)",1800.0,13.88888888888889,4.166666666666667,1.3618270462479194,1.0,1800.0,1800.0,13.88888888888889,4.166666666666667,4.539423487493065,1.3618270462479194,4.539423487493065,99999,0.15,4,0,0,18.914264531221104,25.998708852142794
780,113662,6996,6537,18.914264531221104,8,1.0,cycle_path,"LINESTRING (84336.9921875 447102, 84326.34375 447126.09375)",1800.0,13.88888888888889,4.166666666666667,1.3618270462479194,1.0,1800.0,1800.0,13.88888888888889,4.166666666666667,4.539423487493065,1.3618270462479194,4.539423487493065,99999,0.15,4,0,0,18.914264531221104,25.998708852142794
781,113671,6538,6996,78.26304268292945,8,1.0,cycle_path,"LINESTRING (84278.25 447223.90625, 84326.34375 447126.09375)",1800.0,13.88888888888889,4.166666666666667,5.63493907317092,1.0,1800.0,1800.0,13.88888888888889,4.166666666666667,18.783130243903067,5.63493907317092,18.783130243903067,99999,0.15,4,0,0,78.26304268292945,10.595387568925222
782,113672,6996,6538,78.26304268292945,8,1.0,cycle_path,"LINESTRING (84278.25 447223.90625, 84326.34375 447126.09375)",1800.0,13.88888888888889,4.166666666666667,5.63493907317092,1.0,1800.0,1800.0,13.88888888888889,4.166666666666667,18.783130243903067,5.63493907317092,18.783130243903067,99999,0.15,4,0,0,78.26304268292945,10.595387568925222
783,113891,5012,6477,179.4144982853849,8,1.0,cycle_path,"LINESTRING (83948.96875 447829.8125, 83855.5390625 448005.84375, 83857.3984375 448062.28125)",1800.0,13.88888888888889,4.166666666666667,12.917843876547712,1.0,1800.0,1800.0,13.88888888888889,4.166666666666667,43.05947958849237,12.917843876547712,43.05947958849237,99999,0.15,4,0,0,179.4144982853849,15.380362642481412
784,113892,6477,5012,179.4144982853849,8,1.0,cycle_path,"LINESTRING (83948.96875 447829.8125, 83855.5390625 448005.84375, 83857.3984375 448062.28125)",1800.0,13.88888888888889,4.166666666666667,12.917843876547712,1.0,1800.0,1800.0,13.88888888888889,4.166666666666667,43.05947958849237,12.917843876547712,43.05947958849237,99999,0.15,4,0,0,179.4144982853849,15.380362642481412
785,113901,5012,6510,165.32624533864183,8,1.0,cycle_path,"LINESTRING (83948.96875 447829.8125, 84061.6484375 447629.03125)",1800.0,13.88888888888889,4.166666666666667,11.903489664382212,1.0,1800.0,1800.0,13.88888888888889,4.166666666666667,39.67829888127404,11.903489664382212,39.67829888127404,99999,0.15,4,0,0,165.32624533864183,4.576875700589576
786,113902,6510,5012,165.32624533864183,8,1.0,cycle_path,"LINESTRING (83948.96875 447829.8125, 84061.6484375 447629.03125)",1800.0,13.88888888888889,4.166666666666667,11.903489664382212,1.0,1800.0,1800.0,13.88888888888889,4.166666666666667,39.67829888127404,11.903489664382212,39.67829888127404,99999,0.15,4,0,0,165.32624533864183,4.576875700589576
787,114072,7014,6460,115.53292769584766,4,4.0,None,"LINESTRING (84395.3828125 449648.78125, 84308.53125 449784.1875)",9600.0,27.77777777777778,4.166666666666667,4.159185397050516,4.0,2400.0,9600.0,27.77777777777778,4.166666666666667,27.727902647003436,4.159185397050516,27.727902647003436,99999,0.15,4,0,0,115.53292769584766,0.0
788,114091,6459,7015,112.57719937824284,4,4.0,None,"LINESTRING (84369.3046875 449733.65625, 84284.71875 449865.625)",9600.0,27.77777777777778,4.166666666666667,4.052779177616742,4.0,2400.0,9600.0,27.77777777777778,4.166666666666667,27.01852785077828,4.052779177616742,27.01852785077828,99999,0.15,4,0,0,112.57719937824284,0.0
789,114111,6463,7016,113.93321468349154,4,4.0,None,"LINESTRING (84603.8984375 449324.21875, 84689.65625 449190.75)",9600.0,27.77777777777778,4.166666666666667,4.101595728605695,4.0,2400.0,9600.0,27.77777777777778,4.166666666666667,27.34397152403797,4.101595728605695,27.34397152403797,99999,0.15,4,0,0,113.93321468349154,18.12474757866109
790,114122,7016,6603,231.6754219755484,3,3.0,None,"LINESTRING (84864.0390625 448919.34375, 84689.65625 449190.75)",7000.0,27.77777777777778,4.166666666666667,8.340315191119743,3.0,2333.3333333333335,7000.0,27.77777777777778,4.166666666666667,55.60210127413161,8.340315191119743,55.60210127413161,99999,0.15,4,0,0,231.6754219755484,2.0145768062495004
791,114132,7017,6462,126.23925570431047,4,4.0,None,"LINESTRING (84701.84375 449205.1875, 84794.5078125 449055.8125)",9600.0,27.77777777777778,4.166666666666667,4.544613205355176,4.0,2400.0,9600.0,27.77777777777778,4.166666666666667,30.29742136903451,4.544613205355176,30.29742136903451,99999,0.15,4,0,0,126.23925570431047,2.741502770484515
792,114141,6604,7017,312.04378350766297,3,3.0,None,"LINESTRING (85027.234375 448688.875, 84794.5078125 449055.8125)",7000.0,27.77777777777778,4.166666666666667,11.233576206275867,3.0,2333.3333333333335,7000.0,27.77777777777778,4.166666666666667,74.89050804183911,11.233576206275867,74.89050804183911,99999,0.15,4,0,0,312.04378350766297,13.163646748316754
793,114152,7018,6602,103.53996247287837,4,4.0,None,"LINESTRING (85483.921875 447939.78125, 85404.453125 448060.09375)",9600.0,27.77777777777778,4.166666666666667,3.7274386490236213,4.0,2400.0,9600.0,27.77777777777778,4.166666666666667,24.849590993490807,3.7274386490236213,24.849590993490807,99999,0.15,4,0,0,103.53996247287837,100.0
794,114161,6606,7018,178.16958452911837,3,3.0,None,"LINESTRING (85272.265625 448270.0625, 85404.453125 448060.09375)",7000.0,27.77777777777778,4.166666666666667,6.414105043048261,3.0,2333.3333333333335,7000.0,27.77777777777778,4.166666666666667,42.7607002869884,6.414105043048261,42.7607002869884,99999,0.15,4,0,0,178.16958452911837,100.0
795,114171,6601,7019,102.57464084821278,4,4.0,None,"LINESTRING (85498.890625 447949, 85419.40625 448067.6875)",9600.0,27.77777777777778,4.166666666666667,3.69268707053566,4.0,2400.0,9600.0,27.77777777777778,4.166666666666667,24.617913803571067,3.69268707053566,24.617913803571067,99999,0.15,4,0,0,102.57464084821278,100.0
796,114182,7019,6607,290.36358568445434,3,3.0,None,"LINESTRING (85204.234375 448410.03125, 85419.40625 448067.6875)",7000.0,27.77777777777778,4.166666666666667,10.453089084640355,3.0,2333.3333333333335,7000.0,27.77777777777778,4.166666666666667,69.68726056426904,10.453089084640355,69.68726056426904,99999,0.15,4,0,0,290.36358568445434,100.0
797,114192,7020,5008,266.46234606695674,3,3.0,None,"LINESTRING (86165.1328125 446833.96875, 86102.609375 446946.59375, 86040.390625 447052.59375, 85978.4296875 447154.6875)",7000.0,27.77777777777778,4.166666666666667,9.592644458410442,3.0,2333.3333333333335,7000.0,27.77777777777778,4.166666666666667,63.95096305606961,9.592644458410442,63.95096305606961,99999,0.15,4,0,0,266.46234606695674,42.95877281097624
798,114201,6611,7020,94.7349073376836,4,4.0,None,"LINESTRING (85909.046875 447266.90625, 85978.4296875 447154.6875)",9600.0,27.77777777777778,4.166666666666667,3.410456664156609,4.0,2400.0,9600.0,27.77777777777778,4.166666666666667,22.73637776104406,3.410456664156609,22.73637776104406,99999,0.15,4,0,0,94.7349073376836,49.02730307153492
799,114211,5009,7021,187.44932276150053,3,3.0,None,"LINESTRING (86185.4765625 446848.28125, 86147.5390625 446914.3125, 86098 447001.90625, 86054.578125 447074.15625)",7000.0,27.77777777777778,4.166666666666667,6.7481756194140186,3.0,2333.3333333333335,7000.0,27.77777777777778,4.166666666666667,44.987837462760126,6.7481756194140186,44.987837462760126,99999,0.15,4,0,0,187.44932276150053,26.123202770213656
800,114222,7021,6610,99.34352773431563,4,4.0,None,"LINESTRING (85981.53125 447191.65625, 86054.578125 447074.15625)",9600.0,27.77777777777778,4.166666666666667,3.5763669984353625,4.0,2400.0,9600.0,27.77777777777778,4.166666666666667,23.84244665623575,3.5763669984353625,23.84244665623575,99999,0.15,4,0,0,99.34352773431563,100.0
801,114231,5008,7022,235.59321712483015,3,3.0,None,"LINESTRING (86165.1328125 446833.96875, 86199.2578125 446748.90625, 86235.1484375 446627.09375, 86260.4609375 446520)",7000.0,27.77777777777778,4.166666666666667,8.481355816493885,3.0,2333.3333333333335,7000.0,27.77777777777778,4.166666666666667,56.54237210995923,8.481355816493885,56.54237210995923,99999,0.15,4,0,0,235.59321712483015,1.0263502319784483
802,114242,7022,6642,117.25126434290425,4,4.0,None,"LINESTRING (86296.0703125 446360.625, 86260.4609375 446520)",9600.0,27.77777777777778,4.166666666666667,4.221045516344553,4.0,2400.0,9600.0,27.77777777777778,4.166666666666667,28.140303442297018,4.221045516344553,28.140303442297018,99999,0.15,4,0,0,117.25126434290425,0.45416759906247883
803,114252,7023,5009,241.74923456815208,3,3.0,None,"LINESTRING (86185.4765625 446848.28125, 86213.7734375 446780.34375, 86243.4921875 446685.5625, 86266.125 446596.40625, 86281.6875 446525.625)",7000.0,27.77777777777778,4.166666666666667,8.702972444453474,3.0,2333.3333333333335,7000.0,27.77777777777778,4.166666666666667,58.019816296356495,8.702972444453474,58.019816296356495,99999,0.15,4,0,0,241.74923456815208,44.183045108894156
804,114261,6641,7023,114.01195063160529,4,4.0,None,"LINESTRING (86319.90625 446371.5, 86281.6875 446525.625)",9600.0,27.77777777777778,4.166666666666667,4.104430222737791,4.0,2400.0,9600.0,27.77777777777778,4.166666666666667,27.362868151585268,4.104430222737791,27.362868151585268,99999,0.15,4,0,0,114.01195063160529,3.593866384690108
805,114271,6648,7024,122.27815866403665,4,4.0,None,"LINESTRING (86566.453125 445200.75, 86601.6171875 445034.09375)",9600.0,27.77777777777778,4.166666666666667,4.40201371190532,4.0,2400.0,9600.0,27.77777777777778,4.166666666666667,29.346758079368794,4.40201371190532,29.346758079368794,99999,0.15,4,0,0,122.27815866403665,98.2578225240965
806,114282,7024,6881,175.19117170106617,3,3.0,None,"LINESTRING (86657.4453125 444796.53125, 86601.6171875 445034.09375)",7000.0,27.77777777777778,4.166666666666667,6.3068821812383815,3.0,2333.3333333333335,7000.0,27.77777777777778,4.166666666666667,42.04588120825588,6.3068821812383815,42.04588120825588,99999,0.15,4,0,0,175.19117170106617,99.99999999997483
807,114292,7025,6647,117.09445162319261,4,4.0,None,"LINESTRING (86562.359375 445318.8125, 86595.4140625 445159.09375)",9600.0,27.77777777777778,4.166666666666667,4.215400258434934,4.0,2400.0,9600.0,27.77777777777778,4.166666666666667,28.102668389566226,4.215400258434934,28.102668389566226,99999,0.15,4,0,0,117.09445162319261,5.79023010746014
808,114301,6882,7025,265.17439823253494,3,3.0,None,"LINESTRING (86678.2421875 444799.125, 86595.4140625 445159.09375)",7000.0,27.77777777777778,4.166666666666667,9.546278336371257,3.0,2333.3333333333335,7000.0,27.77777777777778,4.166666666666667,63.64185557580838,9.546278336371257,63.64185557580838,99999,0.15,4,0,0,265.17439823253494,32.42208149923776
809,114312,7026,6948,94.67411184493919,3,3.0,None,"LINESTRING (82223.2578125 449870.3125, 82300.8984375 449976.84375)",7000.0,27.77777777777778,4.166666666666667,3.4082680264178107,3.0,2333.3333333333335,7000.0,27.77777777777778,4.166666666666667,22.721786842785406,3.4082680264178107,22.721786842785406,99999,0.15,4,0,0,94.67411184493919,0.0
810,114321,6961,7026,411.0559513898899,2,2.0,None,"LINESTRING (82666.6796875 450417.03125, 82483.7890625 450205.84375, 82382.46875 450079.53125, 82300.8984375 449976.84375)",4800.0,27.77777777777778,4.166666666666667,14.798014250036037,2.0,2400.0,4800.0,27.77777777777778,4.166666666666667,98.65342833357357,14.798014250036037,98.65342833357357,99999,0.15,4,0,0,411.0559513898899,0.0
811,114331,6421,7027,108.4670476809901,3,3.0,None,"LINESTRING (82217.9921875 449822.96875, 82310.1015625 449942.65625)",7000.0,27.77777777777778,4.166666666666667,3.9048137165156436,3.0,2333.3333333333335,7000.0,27.77777777777778,4.166666666666667,26.032091443437622,3.9048137165156436,26.032091443437622,99999,0.15,4,0,0,108.4670476809901,0.0
812,114342,7027,6962,435.00685205064207,2,2.0,None,"LINESTRING (82695.640625 450409.78125, 82540.8671875 450233.75, 82436.421875 450108.4375, 82310.1015625 449942.65625)",4800.0,27.77777777777778,4.166666666666667,15.660246673823114,2.0,2400.0,4800.0,27.77777777777778,4.166666666666667,104.40164449215409,15.660246673823114,104.40164449215409,99999,0.15,4,0,0,435.00685205064207,0.0
813,114352,7028,6947,116.17518077505866,3,3.0,None,"LINESTRING (81838.390625 449170.34375, 81773.2890625 449022.25)",7000.0,27.77777777777778,4.166666666666667,4.182306507902112,3.0,2333.3333333333335,7000.0,27.77777777777778,4.166666666666667,27.88204338601408,4.182306507902112,27.88204338601408,99999,0.15,4,0,0,116.17518077505866,0.0
814,114361,6952,7028,357.638069969735,2,2.0,None,"LINESTRING (81574.1484375 448565.78125, 81773.2890625 449022.25)",4800.0,27.77777777777778,4.166666666666667,12.874970518910459,2.0,2400.0,4800.0,27.77777777777778,4.166666666666667,85.8331367927364,12.874970518910459,85.8331367927364,99999,0.15,4,0,0,357.638069969735,0.0
815,114371,6946,7029,125.517339585521,3,3.0,None,"LINESTRING (81834.125 449207.5625, 81760.3984375 449049.09375)",7000.0,27.77777777777778,4.166666666666667,4.518624225078756,3.0,2333.3333333333335,7000.0,27.77777777777778,4.166666666666667,30.124161500525037,4.518624225078756,30.124161500525037,99999,0.15,4,0,0,125.517339585521,0.0
816,114382,7029,6951,366.5156724400732,2,2.0,None,"LINESTRING (81558.9453125 448580.15625, 81760.3984375 449049.09375)",4800.0,27.77777777777778,4.166666666666667,13.194564207842635,2.0,2400.0,4800.0,27.77777777777778,4.166666666666667,87.96376138561756,13.194564207842635,87.96376138561756,99999,0.15,4,0,0,366.5156724400732,0.0
817,114391,6951,7030,153.6305011155303,2,2.0,None,"LINESTRING (81558.9453125 448580.15625, 81479.9296875 448381.34375)",4800.0,27.77777777777778,4.166666666666667,5.530698040159091,2.0,2400.0,4800.0,27.77777777777778,4.166666666666667,36.87132026772727,5.530698040159091,36.87132026772727,99999,0.15,4,0,0,153.6305011155303,0.0
818,114402,7030,6960,118.97648626869974,3,3.0,None,"LINESTRING (81415.3828125 448228.75, 81479.9296875 448381.34375)",7000.0,27.77777777777778,4.166666666666667,4.283153505673191,3.0,2333.3333333333335,7000.0,27.77777777777778,4.166666666666667,28.554356704487937,4.283153505673191,28.554356704487937,99999,0.15,4,0,0,118.97648626869974,0.0
819,114412,7031,6959,158.86245008434196,2,2.0,None,"LINESTRING (81396.203125 448135.9375, 81313.484375 447930.75)",4800.0,27.77777777777778,4.166666666666667,5.71904820303631,2.0,2400.0,4800.0,27.77777777777778,4.166666666666667,38.12698802024207,5.71904820303631,38.12698802024207,99999,0.15,4,0,0,158.86245008434196,0.0
820,114421,6985,7031,124.8039547202506,3,3.0,None,"LINESTRING (81252.234375 447768.09375, 81313.484375 447930.75)",7000.0,27.77777777777778,4.166666666666667,4.492942369929022,3.0,2333.3333333333335,7000.0,27.77777777777778,4.166666666666667,29.95294913286014,4.492942369929022,29.95294913286014,99999,0.15,4,0,0,124.8039547202506,0.0
821,114431,5026,7032,99.08442278807286,3,3.0,None,"LINESTRING (81101.625 447332.4375, 81091.1015625 447194.84375)",7000.0,27.77777777777778,4.166666666666667,3.567039220370623,3.0,2333.3333333333335,7000.0,27.77777777777778,4.166666666666667,23.780261469137486,3.567039220370623,23.780261469137486,99999,0.15,4,0,0,99.08442278807286,0.0
822,114442,7032,6942,469.2811492640692,2,2.0,None,"LINESTRING (81185.6484375 446548.125, 81144.0234375 446673.0625, 81126.6015625 446757.21875, 81109.1796875 446857.40625, 81100.4765625 446932.84375, 81088.859375 447067.875, 81091.1015625 447194.84375)",4800.0,27.77777777777778,4.166666666666667,16.89412137350649,2.0,2400.0,4800.0,27.77777777777778,4.166666666666667,112.6274758233766,16.89412137350649,112.6274758233766,99999,0.15,4,0,0,469.2811492640692,0.0
823,114452,7033,5025,95.01201278936857,3,3.0,None,"LINESTRING (81112.59375 447069.125, 81124.25 446937.3125)",7000.0,27.77777777777778,4.166666666666667,3.4204324604172682,3.0,2333.3333333333335,7000.0,27.77777777777778,4.166666666666667,22.802883069448455,3.4204324604172682,22.802883069448455,99999,0.15,4,0,0,95.01201278936857,0.0
824,114461,6943,7033,185.95146706673262,2,2.0,None,"LINESTRING (81170.0390625 446682.40625, 81150.1796875 446761.9375, 81134.59375 446861.46875, 81124.25 446937.3125)",4800.0,27.77777777777778,4.166666666666667,6.6942528144023745,2.0,2400.0,4800.0,27.77777777777778,4.166666666666667,44.628352096015824,6.6942528144023745,44.628352096015824,99999,0.15,4,0,0,185.95146706673262,0.0
825,114472,7034,6940,122.96053499306001,3,3.0,None,"LINESTRING (81587.2421875 445699.1875, 81507.8359375 445850.9375)",7000.0,27.77777777777778,4.166666666666667,4.42657925975016,3.0,2333.3333333333335,7000.0,27.77777777777778,4.166666666666667,29.5105283983344,4.42657925975016,29.5105283983344,99999,0.15,4,0,0,122.96053499306001,0.0
826,114481,6942,7034,551.4171883896721,2,2.0,None,"LINESTRING (81185.6484375 446548.125, 81270.296875 446330.125, 81507.8359375 445850.9375)",4800.0,27.77777777777778,4.166666666666667,19.851018782028195,2.0,2400.0,4800.0,27.77777777777778,4.166666666666667,132.3401252135213,19.851018782028195,132.3401252135213,99999,0.15,4,0,0,551.4171883896721,0.0
827,114491,6941,7035,117.20939980154195,3,3.0,None,"LINESTRING (81580.5 445761.5, 81509.4765625 445908.5)",7000.0,27.77777777777778,4.166666666666667,4.21953839285551,3.0,2333.3333333333335,7000.0,27.77777777777778,4.166666666666667,28.130255952370067,4.21953839285551,28.130255952370067,99999,0.15,4,0,0,117.20939980154195,0.0
828,114502,7035,6943,606.7338512839392,2,2.0,None,"LINESTRING (81170.0390625 446682.40625, 81210.28125 446548.25, 81292.2265625 446340.5, 81373.0234375 446176.59375, 81509.4765625 445908.5)",4800.0,27.77777777777778,4.166666666666667,21.842418646221812,2.0,2400.0,4800.0,27.77777777777778,4.166666666666667,145.6161243081454,21.842418646221812,145.6161243081454,99999,0.15,4,0,0,606.7338512839392,0.0
829,114512,7036,6937,144.43093779216628,2,2.0,None,"LINESTRING (81885.25 445134.71875, 81794.453125 445314.25)",4800.0,27.77777777777778,4.166666666666667,5.199513760517986,2.0,2400.0,4800.0,27.77777777777778,4.166666666666667,34.66342507011991,5.199513760517986,34.66342507011991,99999,0.15,4,0,0,144.43093779216628,0.0
830,114521,6938,7036,108.40255629608771,3,3.0,None,"LINESTRING (81725.09375 445448.375, 81794.453125 445314.25)",7000.0,27.77777777777778,4.166666666666667,3.9024920266591576,3.0,2333.3333333333335,7000.0,27.77777777777778,4.166666666666667,26.01661351106105,3.9024920266591576,26.01661351106105,99999,0.15,4,0,0,108.40255629608771,0.0
831,114531,6936,7037,181.826358994688,2,2.0,None,"LINESTRING (81927.8359375 445090.3125, 81811.7265625 445315.40625)",4800.0,27.77777777777778,4.166666666666667,6.545748923808768,2.0,2400.0,4800.0,27.77777777777778,4.166666666666667,43.63832615872512,6.545748923808768,43.63832615872512,99999,0.15,4,0,0,181.826358994688,0.0
832,114542,7037,6939,114.37553562017565,3,3.0,None,"LINESTRING (81740.984375 445458.15625, 81811.7265625 445315.40625)",7000.0,27.77777777777778,4.166666666666667,4.117519282326324,3.0,2333.3333333333335,7000.0,27.77777777777778,4.166666666666667,27.450128548842155,4.117519282326324,27.450128548842155,99999,0.15,4,0,0,114.37553562017565,0.0
833,114552,7038,6916,124.2633775135384,3,3.0,None,"LINESTRING (82365.6328125 444164.3125, 82289.3125 444319.6875)",7000.0,27.77777777777778,4.166666666666667,4.473481590487382,3.0,2333.3333333333335,7000.0,27.77777777777778,4.166666666666667,29.823210603249215,4.473481590487382,29.823210603249215,99999,0.15,4,0,0,124.2633775135384,0.0
834,114571,6935,7039,118.71047223992437,3,3.0,None,"LINESTRING (82120.53125 444722.65625, 82042.6484375 444868.53125)",7000.0,27.77777777777778,4.166666666666667,4.273577000637277,3.0,2333.3333333333335,7000.0,27.77777777777778,4.166666666666667,28.49051333758185,4.273577000637277,28.49051333758185,99999,0.15,4,0,0,118.71047223992437,0.0
835,114582,7039,6936,179.28281367772806,2,2.0,None,"LINESTRING (81927.8359375 445090.3125, 82042.6484375 444868.53125)",4800.0,27.77777777777778,4.166666666666667,6.45418129239821,2.0,2400.0,4800.0,27.77777777777778,4.166666666666667,43.02787528265473,6.45418129239821,43.02787528265473,99999,0.15,4,0,0,179.28281367772806,0.0
836,114591,5984,7040,124.61747568239937,3,3.0,None,"LINESTRING (82620.125 443651.125, 82693.765625 443493.90625)",7000.0,27.77777777777778,4.166666666666667,4.4862291245663775,3.0,2333.3333333333335,7000.0,27.77777777777778,4.166666666666667,29.908194163775846,4.4862291245663775,29.908194163775846,99999,0.15,4,0,0,124.61747568239937,0.0
837,114602,7040,6930,212.11344898445822,2,2.0,None,"LINESTRING (82826.421875 443229.84375, 82693.765625 443493.90625)",4800.0,27.77777777777778,4.166666666666667,7.636084163440495,2.0,2400.0,4800.0,27.77777777777778,4.166666666666667,50.90722775626997,7.636084163440495,50.90722775626997,99999,0.15,4,0,0,212.11344898445822,0.0
838,114612,7041,6915,118.21902180389013,3,3.0,None,"LINESTRING (82536.2421875 443881.0625, 82611.2421875 443734.4375)",7000.0,27.77777777777778,4.166666666666667,4.2558847849400445,3.0,2333.3333333333335,7000.0,27.77777777777778,4.166666666666667,28.372565232933628,4.2558847849400445,28.372565232933628,99999,0.15,4,0,0,118.21902180389013,0.0
839,114621,6931,7041,393.59036213191666,2,2.0,None,"LINESTRING (82851.4140625 443241.5, 82758.109375 443422.25, 82611.2421875 443734.4375)",4800.0,27.77777777777778,4.166666666666667,14.169253036749,2.0,2400.0,4800.0,27.77777777777778,4.166666666666667,94.46168691166,14.169253036749,94.46168691166,99999,0.15,4,0,0,393.59036213191666,0.0
840,114632,6978,5014,237.6122930003976,3,3.0,None,"LINESTRING (84132.5625 450097.625, 84077.4140625 450258.84375, 84047.296875 450417.28125)",7000.0,27.77777777777778,4.166666666666667,8.554042548014314,3.0,2333.3333333333335,7000.0,27.77777777777778,4.166666666666667,57.02695032009542,8.554042548014314,57.02695032009542,99999,0.15,4,0,0,237.6122930003976,0.0
841,114641,5014,7014,258.1625679548656,3,3.0,None,"LINESTRING (84132.5625 450097.625, 84178.296875 449996.5, 84237.8359375 449894.9375, 84308.53125 449784.1875)",7000.0,27.77777777777778,4.166666666666667,9.293852446375162,3.0,2333.3333333333335,7000.0,27.77777777777778,4.166666666666667,61.959016309167744,9.293852446375162,61.959016309167744,99999,0.15,4,0,0,258.1625679548656,0.0
842,114651,5015,6598,236.1789148211052,3,3.0,None,"LINESTRING (84157.75 450106.9375, 84101.625 450266.375, 84070.4296875 450423.96875)",7000.0,27.77777777777778,4.166666666666667,8.502440933559786,3.0,2333.3333333333335,7000.0,27.77777777777778,4.166666666666667,56.68293955706524,8.502440933559786,56.68293955706524,99999,0.15,4,0,0,236.1789148211052,0.0
843,114662,7015,5015,195.83883281528267,3,3.0,None,"LINESTRING (84157.75 450106.9375, 84210.84375 449990.1875, 84284.71875 449865.625)",7000.0,27.77777777777778,4.166666666666667,7.050197981350176,3.0,2333.3333333333335,7000.0,27.77777777777778,4.166666666666667,47.00131987566784,7.050197981350176,47.00131987566784,99999,0.15,4,0,0,195.83883281528267,0.0
844,114671,6602,7042,291.7130298043302,3,3.0,None,"LINESTRING (85483.921875 447939.78125, 85700.0703125 447595.8125)",7000.0,27.77777777777778,4.166666666666667,10.501669072955886,3.0,2333.3333333333335,7000.0,27.77777777777778,4.166666666666667,70.01112715303924,10.501669072955886,70.01112715303924,99999,0.15,4,0,0,291.7130298043302,44.94186432527733
845,114682,7042,6611,279.8104336553781,3,3.0,None,"LINESTRING (85909.046875 447266.90625, 85700.0703125 447595.8125)",7000.0,27.77777777777778,4.166666666666667,10.073175611593612,3.0,2333.3333333333335,7000.0,27.77777777777778,4.166666666666667,67.15450407729074,10.073175611593612,67.15450407729074,99999,0.15,4,0,0,279.8104336553781,68.517922966506
846,114692,7043,6601,290.98977536885116,3,3.0,None,"LINESTRING (85498.890625 447949, 85715.7265625 447606.65625)",7000.0,27.77777777777778,4.166666666666667,10.475631913278642,3.0,2333.3333333333335,7000.0,27.77777777777778,4.166666666666667,69.83754608852428,10.475631913278642,69.83754608852428,99999,0.15,4,0,0,290.98977536885116,41.82392789135386
847,114701,6610,7043,353.87344069748076,3,3.0,None,"LINESTRING (85981.53125 447191.65625, 85715.7265625 447606.65625)",7000.0,27.77777777777778,4.166666666666667,12.739443865109306,3.0,2333.3333333333335,7000.0,27.77777777777778,4.166666666666667,84.92962576739538,12.739443865109306,84.92962576739538,99999,0.15,4,0,0,353.87344069748076,65.53457271071385
848,114711,6642,7044,422.5251027314357,3,3.0,None,"LINESTRING (86296.0703125 446360.625, 86355.109375 446135.21875, 86395.421875 445983.65625, 86443.8046875 445790.96875)",7000.0,27.77777777777778,4.166666666666667,15.210903698331686,3.0,2333.3333333333335,7000.0,27.77777777777778,4.166666666666667,101.40602465554456,15.210903698331686,101.40602465554456,99999,0.15,4,0,0,422.5251027314357,14.129655617212014
849,114722,7044,6648,432.78908864605495,3,3.0,None,"LINESTRING (86566.453125 445200.75, 86518.1640625 445447.3125, 86479.28125 445648.96875, 86443.8046875 445790.96875)",7000.0,27.77777777777778,4.166666666666667,15.580407191257978,3.0,2333.3333333333335,7000.0,27.77777777777778,4.166666666666667,103.86938127505319,15.580407191257978,103.86938127505319,99999,0.15,4,0,0,432.78908864605495,37.06423230253526
850,114732,7045,6641,425.4804237207847,3,3.0,None,"LINESTRING (86319.90625 446371.5, 86372.84375 446144.125, 86412.3515625 445989.28125, 86459.7734375 445795.625)",7000.0,27.77777777777778,4.166666666666667,15.317295253948249,3.0,2333.3333333333335,7000.0,27.77777777777778,4.166666666666667,102.11530169298833,15.317295253948249,102.11530169298833,99999,0.15,4,0,0,425.4804237207847,11.143174206037747
851,114741,6647,7045,350.1540809614837,3,3.0,None,"LINESTRING (86562.359375 445318.8125, 86537.2578125 445446.4375, 86494.6015625 445650.59375, 86459.7734375 445795.625)",7000.0,27.77777777777778,4.166666666666667,12.605546914613413,3.0,2333.3333333333335,7000.0,27.77777777777778,4.166666666666667,84.03697943075609,12.605546914613413,84.03697943075609,99999,0.15,4,0,0,350.1540809614837,2.4590351410453843
852,114752,7046,6884,325.94999490624866,3,3.0,None,"LINESTRING (86916.1171875 443752.8125, 87018.0546875 443310.3125)",7000.0,27.77777777777778,4.166666666666667,11.734199816624951,3.0,2333.3333333333335,7000.0,27.77777777777778,4.166666666666667,78.22799877749968,11.734199816624951,78.22799877749968,99999,0.15,4,0,0,325.94999490624866,94.68695380062596
853,114761,6887,7046,465.2662277237102,3,3.0,None,"LINESTRING (87162.7734375 442678.46875, 87018.0546875 443310.3125)",7000.0,27.77777777777778,4.166666666666667,16.749584198053565,3.0,2333.3333333333335,7000.0,27.77777777777778,4.166666666666667,111.66389465369043,16.749584198053565,111.66389465369043,99999,0.15,4,0,0,465.2662277237102,99.36337420916625
854,114771,6883,7047,329.0962181884638,3,3.0,None,"LINESTRING (86894.015625 443752.8125, 86997.5703125 443306.1875)",7000.0,27.77777777777778,4.166666666666667,11.847463854784698,3.0,2333.3333333333335,7000.0,27.77777777777778,4.166666666666667,78.98309236523131,11.847463854784698,78.98309236523131,99999,0.15,4,0,0,329.0962181884638,94.49042285379136
855,114782,7047,6888,445.97333906951377,3,3.0,None,"LINESTRING (87136.09375 442700.5, 86997.5703125 443306.1875)",7000.0,27.77777777777778,4.166666666666667,16.055040206502497,3.0,2333.3333333333335,7000.0,27.77777777777778,4.166666666666667,107.0336013766833,16.055040206502497,107.0336013766833,99999,0.15,4,0,0,445.97333906951377,100.0
856,114791,6934,7048,176.08714708574507,2,2.0,None,"LINESTRING (82045.9609375 444814.59375, 82154.7578125 444594.75)",4800.0,27.77777777777778,4.166666666666667,6.3391372950868226,2.0,2400.0,4800.0,27.77777777777778,4.166666666666667,42.260915300578816,6.3391372950868226,42.260915300578816,99999,0.15,4,0,0,176.08714708574507,0.0
857,114802,7048,7038,219.81348109864808,2,2.0,None,"LINESTRING (82289.3125 444319.6875, 82154.7578125 444594.75)",4800.0,27.77777777777778,4.166666666666667,7.91328531955133,2.0,2400.0,4800.0,27.77777777777778,4.166666666666667,52.75523546367554,7.91328531955133,52.75523546367554,99999,0.15,4,0,0,219.81348109864808,0.0
858,114811,6855,7049,70.70003134644173,10,1.0,None,"LINESTRING (82909.3671875 445436.875, 82933.65625 445341.4375)",1200.0,9.722222222222221,4.166666666666667,7.272003224205436,1.0,1200.0,1200.0,9.722222222222221,4.166666666666667,16.968007523146014,7.272003224205436,16.968007523146014,99999,0.15,4,0,0,70.70003134644173,1.1216870179455802
859,114812,7049,6855,70.70003134644173,10,1.0,None,"LINESTRING (82909.3671875 445436.875, 82933.65625 445341.4375)",1200.0,9.722222222222221,4.166666666666667,7.272003224205436,1.0,1200.0,1200.0,9.722222222222221,4.166666666666667,16.968007523146014,7.272003224205436,16.968007523146014,99999,0.15,4,0,0,70.70003134644173,1.1216870179455802
860,114821,6856,7049,73.97856466170411,10,1.0,None,"LINESTRING (82958.0234375 445241.3125, 82933.65625 445341.4375)",1200.0,9.722222222222221,4.166666666666667,7.609223793775281,1.0,1200.0,1200.0,9.722222222222221,4.166666666666667,17.754855518808984,7.609223793775281,17.754855518808984,99999,0.15,4,0,0,73.97856466170411,19.76052871585875
861,114822,7049,6856,73.97856466170411,10,1.0,None,"LINESTRING (82958.0234375 445241.3125, 82933.65625 445341.4375)",1200.0,9.722222222222221,4.166666666666667,7.609223793775281,1.0,1200.0,1200.0,9.722222222222221,4.166666666666667,17.754855518808984,7.609223793775281,17.754855518808984,99999,0.15,4,0,0,73.97856466170411,19.76052871585875
862,114831,15,7049,157.94092246336353,12,,None,"LINESTRING (83044.3984375 445531.53125, 82933.65625 445341.4375)",9999.0,4.166666666666667,4.166666666666667,37.90582139120725,,,,4.166666666666667,4.166666666666667,37.90582139120725,37.90582139120725,37.90582139120725,99999,0.15,4,0,0,157.94092246336353,53.53136928068227
863,114832,7049,15,157.94092246336353,12,,None,"LINESTRING (83044.3984375 445531.53125, 82933.65625 445341.4375)",9999.0,4.166666666666667,4.166666666666667,37.90582139120725,,,,4.166666666666667,4.166666666666667,37.90582139120725,37.90582139120725,37.90582139120725,99999,0.15,4,0,0,157.94092246336353,53.53136928068227
864,114922,6796,6789,119.46938863323312,8,1.0,cycle_path,"LINESTRING (82590.015625 446247, 82471.2109375 446202.40625, 82434.90625 446186.75)",1800.0,13.88888888888889,4.166666666666667,8.601795981592785,1.0,1800.0,1800.0,13.88888888888889,4.166666666666667,28.672653271975946,8.601795981592785,28.672653271975946,99999,0.15,4,0,0,119.46938863323312,0.0
865,114941,6990,7052,419.2704559646358,10,1.0,None,"LINESTRING (85644.4296875 444371.34375, 85453.2734375 444923.21875)",1200.0,9.722222222222221,4.166666666666667,43.12496118493397,1.0,1200.0,1200.0,9.722222222222221,4.166666666666667,100.62490943151259,43.12496118493397,100.62490943151259,99999,0.15,4,0,0,419.2704559646358,27.400307079715624
866,114942,7052,6990,419.2704559646358,10,1.0,None,"LINESTRING (85644.4296875 444371.34375, 85453.2734375 444923.21875)",1200.0,9.722222222222221,4.166666666666667,43.12496118493397,1.0,1200.0,1200.0,9.722222222222221,4.166666666666667,100.62490943151259,43.12496118493397,100.62490943151259,99999,0.15,4,0,0,419.2704559646358,27.400307079715624
867,114951,6661,7052,315.4769653239903,10,1.0,None,"LINESTRING (85856.3 445098.38, 85453.2734375 444923.21875)",1200.0,9.722222222222221,4.166666666666667,32.44905929046758,1.0,1200.0,1200.0,9.722222222222221,4.166666666666667,75.71447167775767,32.44905929046758,75.71447167775767,99999,0.15,4,0,0,315.4769653239903,57.42101172655957
868,114952,7052,6661,315.4769653239903,10,1.0,None,"LINESTRING (85856.3 445098.38, 85453.2734375 444923.21875)",1200.0,9.722222222222221,4.166666666666667,32.44905929046758,1.0,1200.0,1200.0,9.722222222222221,4.166666666666667,75.71447167775767,32.44905929046758,75.71447167775767,99999,0.15,4,0,0,315.4769653239903,57.42101172655957
869,115001,5017,6550,199.05693343828935,16,,cycle_path,"LINESTRING (85265.8671875 447079.65625, 85163.65625 446958.4375, 85091.15625 446864.40625)",,,4.166666666666667,,,,,,4.166666666666667,47.77366402518944,,47.77366402518944,99999,0.15,4,0,0,199.05693343828935,100.0
870,115002,6550,5017,199.05693343828935,8,1.0,cycle_path,"LINESTRING (85265.8671875 447079.65625, 85163.65625 446958.4375, 85091.15625 446864.40625)",1800.0,13.88888888888889,4.166666666666667,14.332099207556833,1.0,1800.0,1800.0,13.88888888888889,4.166666666666667,47.77366402518944,14.332099207556833,47.77366402518944,99999,0.15,4,0,0,199.05693343828935,100.0
871,115021,6614,7055,28.55917150331218,8,1.0,cycle_path,"LINESTRING (85278.890625 447150.3125, 85275.828125 447110.65625)",1800.0,13.88888888888889,4.166666666666667,2.0562603482384767,1.0,1800.0,1800.0,13.88888888888889,4.166666666666667,6.854201160794922,2.0562603482384767,6.854201160794922,99999,0.15,4,0,0,28.55917150331218,10.358457854129858
872,115022,7055,6614,28.55917150331218,8,1.0,cycle_path,"LINESTRING (85278.890625 447150.3125, 85275.828125 447110.65625)",1800.0,13.88888888888889,4.166666666666667,2.0562603482384767,1.0,1800.0,1800.0,13.88888888888889,4.166666666666667,6.854201160794922,2.0562603482384767,6.854201160794922,99999,0.15,4,0,0,28.55917150331218,10.358457854129858
873,115031,6549,7055,226.90388886856854,14,,cycle_path,"LINESTRING (84995.859375 446964.09375, 85029.7265625 446998.34375, 85275.828125 447110.65625)",,,4.166666666666667,,,,,,4.166666666666667,54.456933328456444,,54.456933328456444,99999,0.15,4,0,0,226.90388886856854,41.92801915565978
874,115032,7055,6549,226.90388886856854,8,1.0,cycle_path,"LINESTRING (84995.859375 446964.09375, 85029.7265625 446998.34375, 85275.828125 447110.65625)",1800.0,13.88888888888889,4.166666666666667,16.337079998536936,1.0,1800.0,1800.0,13.88888888888889,4.166666666666667,54.456933328456444,16.337079998536936,54.456933328456444,99999,0.15,4,0,0,226.90388886856854,41.92801915565978
875,115051,6988,7055,204.08020852945444,8,1.0,cycle_path,"LINESTRING (85558.21875 447078.4375, 85308.9921875 447112.34375, 85275.828125 447110.65625)",1800.0,13.88888888888889,4.166666666666667,14.69377501412072,1.0,1800.0,1800.0,13.88888888888889,4.166666666666667,48.97925004706906,14.69377501412072,48.97925004706906,99999,0.15,4,0,0,204.08020852945444,0.7839219400084532
876,115052,7055,6988,204.08020852945444,8,1.0,cycle_path,"LINESTRING (85558.21875 447078.4375, 85308.9921875 447112.34375, 85275.828125 447110.65625)",1800.0,13.88888888888889,4.166666666666667,14.69377501412072,1.0,1800.0,1800.0,13.88888888888889,4.166666666666667,48.97925004706906,14.69377501412072,48.97925004706906,99999,0.15,4,0,0,204.08020852945444,0.7839219400084532
877,115061,5017,7055,23.379758155126513,9,2.0,cycle_path,"LINESTRING (85265.8671875 447079.65625, 85275.828125 447110.65625)",3400.0,13.88888888888889,4.166666666666667,1.683342587169109,2.0,1700.0,3400.0,13.88888888888889,4.166666666666667,5.6111419572303625,1.683342587169109,5.6111419572303625,99999,0.15,4,0,0,23.379758155126513,44.69549585814994
878,115062,7055,5017,23.379758155126513,8,1.0,cycle_path,"LINESTRING (85265.8671875 447079.65625, 85275.828125 447110.65625)",1800.0,13.88888888888889,4.166666666666667,1.683342587169109,1.0,1800.0,1800.0,13.88888888888889,4.166666666666667,5.6111419572303625,1.683342587169109,5.6111419572303625,99999,0.15,4,0,0,23.379758155126513,44.69549585814994
879,115071,5017,6620,319.9186903934953,8,1.0,cycle_path,"LINESTRING (85265.8671875 447079.65625, 85284.890625 447046.21875, 85378.359375 446958.03125, 85459.9765625 446861.96875, 85542.65625 446730.5)",1800.0,13.88888888888889,4.166666666666667,23.03414570833166,1.0,1800.0,1800.0,13.88888888888889,4.166666666666667,76.78048569443887,23.03414570833166,76.78048569443887,99999,0.15,4,0,0,319.9186903934953,17.097556680160015
880,115072,6620,5017,319.9186903934953,8,1.0,cycle_path,"LINESTRING (85265.8671875 447079.65625, 85284.890625 447046.21875, 85378.359375 446958.03125, 85459.9765625 446861.96875, 85542.65625 446730.5)",1800.0,13.88888888888889,4.166666666666667,23.03414570833166,1.0,1800.0,1800.0,13.88888888888889,4.166666666666667,76.78048569443887,23.03414570833166,76.78048569443887,99999,0.15,4,0,0,319.9186903934953,17.097556680160015
881,115081,6472,7056,77.18690985949574,10,1.0,None,"LINESTRING (84310.0546875 448619.03125, 84323.34375 448650.625, 84285.296875 448723.625)",1200.0,9.722222222222221,4.166666666666667,7.939225014119563,1.0,1200.0,1200.0,9.722222222222221,4.166666666666667,18.524858366278977,7.939225014119563,18.524858366278977,99999,0.15,4,0,0,77.18690985949574,7.148726808096116
882,115082,7056,6472,77.18690985949574,10,1.0,None,"LINESTRING (84310.0546875 448619.03125, 84323.34375 448650.625, 84285.296875 448723.625)",1200.0,9.722222222222221,4.166666666666667,7.939225014119563,1.0,1200.0,1200.0,9.722222222222221,4.166666666666667,18.524858366278977,7.939225014119563,18.524858366278977,99999,0.15,4,0,0,77.18690985949574,7.148726808096116
883,115091,6484,7057,231.4406268839396,8,1.0,cycle_path,"LINESTRING (84621.671875 448563.71875, 84605.1171875 448598.78125, 84408.5078125 448805.4375)",1800.0,13.88888888888889,4.166666666666667,16.66372513564365,1.0,1800.0,1800.0,13.88888888888889,4.166666666666667,55.5457504521455,16.66372513564365,55.5457504521455,99999,0.15,4,0,0,231.4406268839396,24.173286915621425
884,115092,7057,6484,231.4406268839396,8,1.0,cycle_path,"LINESTRING (84621.671875 448563.71875, 84605.1171875 448598.78125, 84408.5078125 448805.4375)",1800.0,13.88888888888889,4.166666666666667,16.66372513564365,1.0,1800.0,1800.0,13.88888888888889,4.166666666666667,55.5457504521455,16.66372513564365,55.5457504521455,99999,0.15,4,0,0,231.4406268839396,24.173286915621425
885,115101,6469,7056,72.74951762465884,8,1.0,cycle_path,"LINESTRING (84187.0546875 448748.34375, 84216.765625 448713.21875, 84247.90625 448707.25, 84285.296875 448723.625)",1800.0,13.88888888888889,4.166666666666667,5.237965268975436,1.0,1800.0,1800.0,13.88888888888889,4.166666666666667,17.45988422991812,5.237965268975436,17.45988422991812,99999,0.15,4,0,0,72.74951762465884,15.163806142926816
886,115102,7056,6469,72.74951762465884,8,1.0,cycle_path,"LINESTRING (84187.0546875 448748.34375, 84216.765625 448713.21875, 84247.90625 448707.25, 84285.296875 448723.625)",1800.0,13.88888888888889,4.166666666666667,5.237965268975436,1.0,1800.0,1800.0,13.88888888888889,4.166666666666667,17.45988422991812,5.237965268975436,17.45988422991812,99999,0.15,4,0,0,72.74951762465884,15.163806142926816
887,115111,7056,7057,106.21115044367252,8,1.0,cycle_path,"LINESTRING (84285.296875 448723.625, 84408.5078125 448805.4375)",1800.0,13.88888888888889,4.166666666666667,7.647202831944422,1.0,1800.0,1800.0,13.88888888888889,4.166666666666667,25.490676106481402,7.647202831944422,25.490676106481402,99999,0.15,4,0,0,106.21115044367252,15.465835744464984
888,115112,7057,7056,106.21115044367252,8,1.0,cycle_path,"LINESTRING (84285.296875 448723.625, 84408.5078125 448805.4375)",1800.0,13.88888888888889,4.166666666666667,7.647202831944422,1.0,1800.0,1800.0,13.88888888888889,4.166666666666667,25.490676106481402,7.647202831944422,25.490676106481402,99999,0.15,4,0,0,106.21115044367252,15.465835744464984
889,115121,6467,7057,70.82733911496409,10,1.0,None,"LINESTRING (84367.9609375 448895.34375, 84408.5078125 448805.4375)",1200.0,9.722222222222221,4.166666666666667,7.285097737539164,1.0,1200.0,1200.0,9.722222222222221,4.166666666666667,16.99856138759138,7.285097737539164,16.99856138759138,99999,0.15,4,0,0,70.82733911496409,56.86481636320622
890,115122,7057,6467,70.82733911496409,10,1.0,None,"LINESTRING (84367.9609375 448895.34375, 84408.5078125 448805.4375)",1200.0,9.722222222222221,4.166666666666667,7.285097737539164,1.0,1200.0,1200.0,9.722222222222221,4.166666666666667,16.99856138759138,7.285097737539164,16.99856138759138,99999,0.15,4,0,0,70.82733911496409,56.86481636320622
891,115151,6714,7059,363.7085803288105,6,2.0,None,"LINESTRING (83662.1171875 446319.65625, 83650.6640625 446465.09375, 83640.859375 446598.9375, 83631.203125 446685.5, 83619.921875 446761.125, 83597.34375 446822.0625)",4000.0,22.22222222222222,4.166666666666667,16.366886114796472,2.0,2000.0,4000.0,22.22222222222222,4.166666666666667,87.29005927891451,16.366886114796472,87.29005927891451,99999,0.15,4,0,0,363.7085803288105,48.35450145843534
892,115152,7059,6714,363.7085803288105,6,2.0,None,"LINESTRING (83662.1171875 446319.65625, 83650.6640625 446465.09375, 83640.859375 446598.9375, 83631.203125 446685.5, 83619.921875 446761.125, 83597.34375 446822.0625)",4000.0,22.22222222222222,4.166666666666667,16.366886114796472,2.0,2000.0,4000.0,22.22222222222222,4.166666666666667,87.29005927891451,16.366886114796472,87.29005927891451,99999,0.15,4,0,0,363.7085803288105,48.35450145843534
893,115181,6770,6775,207.11262509229076,10,1.0,None,"LINESTRING (83403.5234375 447125.75, 83519.3203125 446861.5625)",1200.0,9.722222222222221,4.166666666666667,21.303012866635623,1.0,1200.0,1200.0,9.722222222222221,4.166666666666667,49.70703002214978,21.303012866635623,49.70703002214978,99999,0.15,4,0,0,207.11262509229076,38.317566770895816
894,115251,6551,7061,175.94243700668125,10,1.0,None,"LINESTRING (83989.46875 446890.15625, 83868.328125 447103.15625)",1200.0,9.722222222222221,4.166666666666667,18.096936377830072,1.0,1200.0,1200.0,9.722222222222221,4.166666666666667,42.226184881603494,18.096936377830072,42.226184881603494,99999,0.15,4,0,0,175.94243700668125,3.4668547571261663
895,115252,7061,6551,175.94243700668125,10,1.0,None,"LINESTRING (83989.46875 446890.15625, 83868.328125 447103.15625)",1200.0,9.722222222222221,4.166666666666667,18.096936377830072,1.0,1200.0,1200.0,9.722222222222221,4.166666666666667,42.226184881603494,18.096936377830072,42.226184881603494,99999,0.15,4,0,0,175.94243700668125,3.4668547571261663
896,115281,6515,7063,31.80569695175616,10,1.0,None,"LINESTRING (84129.578125 447346.5, 84127.578125 447302.25)",1200.0,9.722222222222221,4.166666666666667,3.2714431150377767,1.0,1200.0,1200.0,9.722222222222221,4.166666666666667,7.633367268421478,3.2714431150377767,7.633367268421478,99999,0.15,4,0,0,31.80569695175616,28.46028104268029
897,115282,7063,6515,31.80569695175616,10,1.0,None,"LINESTRING (84129.578125 447346.5, 84127.578125 447302.25)",1200.0,9.722222222222221,4.166666666666667,3.2714431150377767,1.0,1200.0,1200.0,9.722222222222221,4.166666666666667,7.633367268421478,3.2714431150377767,7.633367268421478,99999,0.15,4,0,0,31.80569695175616,28.46028104268029
898,115291,6521,7063,92.00241839894898,10,1.0,None,"LINESTRING (84179.953125 447185.3125, 84127.578125 447302.25)",1200.0,9.722222222222221,4.166666666666667,9.463105892463323,1.0,1200.0,1200.0,9.722222222222221,4.166666666666667,22.080580415747754,9.463105892463323,22.080580415747754,99999,0.15,4,0,0,92.00241839894898,37.688281151855584
899,115292,7063,6521,92.00241839894898,10,1.0,None,"LINESTRING (84179.953125 447185.3125, 84127.578125 447302.25)",1200.0,9.722222222222221,4.166666666666667,9.463105892463323,1.0,1200.0,1200.0,9.722222222222221,4.166666666666667,22.080580415747754,9.463105892463323,22.080580415747754,99999,0.15,4,0,0,92.00241839894898,37.688281151855584
900,115311,6718,7064,127.7996258231781,11,1.0,cycle_path,"LINESTRING (83805.3046875 446834.34375, 83716.4921875 446988.59375)",1500.0,11.11111111111111,4.166666666666667,11.50196632408603,1.0,1500.0,1500.0,11.11111111111111,4.166666666666667,30.67191019756274,11.50196632408603,30.67191019756274,99999,0.15,4,0,0,127.7996258231781,4.268173129758302
901,115312,7064,6718,127.7996258231781,11,1.0,cycle_path,"LINESTRING (83805.3046875 446834.34375, 83716.4921875 446988.59375)",1500.0,11.11111111111111,4.166666666666667,11.50196632408603,1.0,1500.0,1500.0,11.11111111111111,4.166666666666667,30.67191019756274,11.50196632408603,30.67191019756274,99999,0.15,4,0,0,127.7996258231781,4.268173129758302
902,115321,6778,7064,223.49907364181425,16,,cycle_path,"LINESTRING (83475.640625 446791.40625, 83716.4921875 446988.59375)",,,4.166666666666667,,,,,,4.166666666666667,53.639777674035415,,53.639777674035415,99999,0.15,4,0,0,223.49907364181425,12.317212607543663
903,115322,7064,6778,223.49907364181425,10,1.0,None,"LINESTRING (83475.640625 446791.40625, 83716.4921875 446988.59375)",1200.0,9.722222222222221,4.166666666666667,22.98847614601518,1.0,1200.0,1200.0,9.722222222222221,4.166666666666667,53.639777674035415,22.98847614601518,53.639777674035415,99999,0.15,4,0,0,223.49907364181425,12.317212607543663
904,115331,6525,7064,93.38459391699513,11,1.0,cycle_path,"LINESTRING (83639.53125 447093.4375, 83716.4921875 446988.59375)",1500.0,11.11111111111111,4.166666666666667,8.404613452529562,1.0,1500.0,1500.0,11.11111111111111,4.166666666666667,22.41230254007883,8.404613452529562,22.41230254007883,99999,0.15,4,0,0,93.38459391699513,0.0
905,115332,7064,6525,93.38459391699513,11,1.0,cycle_path,"LINESTRING (83639.53125 447093.4375, 83716.4921875 446988.59375)",1500.0,11.11111111111111,4.166666666666667,8.404613452529562,1.0,1500.0,1500.0,11.11111111111111,4.166666666666667,22.41230254007883,8.404613452529562,22.41230254007883,99999,0.15,4,0,0,93.38459391699513,0.0
906,115341,7061,7064,136.57267710100956,16,,cycle_path,"LINESTRING (83868.328125 447103.15625, 83716.4921875 446988.59375)",,,4.166666666666667,,,,,,4.166666666666667,32.777442504242295,,32.777442504242295,99999,0.15,4,0,0,136.57267710100956,0.0
907,115342,7064,7061,136.57267710100956,10,1.0,None,"LINESTRING (83868.328125 447103.15625, 83716.4921875 446988.59375)",1200.0,9.722222222222221,4.166666666666667,14.047475358960984,1.0,1200.0,1200.0,9.722222222222221,4.166666666666667,32.777442504242295,14.047475358960984,32.777442504242295,99999,0.15,4,0,0,136.57267710100956,0.0
908,115351,6796,7065,545.9125491625382,7,1.0,cycle_path,"LINESTRING (82434.90625 446186.75, 82159.5546875 445477.96875)",2200.0,19.444444444444443,4.166666666666667,28.07550252835911,1.0,2200.0,2200.0,19.444444444444443,4.166666666666667,131.01901179900915,28.07550252835911,131.01901179900915,99999,0.15,4,0,0,545.9125491625382,26.783905097255413
909,115352,7065,6796,545.9125491625382,7,1.0,cycle_path,"LINESTRING (82434.90625 446186.75, 82159.5546875 445477.96875)",2200.0,19.444444444444443,4.166666666666667,28.07550252835911,1.0,2200.0,2200.0,19.444444444444443,4.166666666666667,131.01901179900915,28.07550252835911,131.01901179900915,99999,0.15,4,0,0,545.9125491625382,26.783905097255413
910,115361,7065,7066,673.6699210145368,7,1.0,cycle_path,"LINESTRING (82159.5546875 445477.96875, 81802.0234375 444610.34375)",2200.0,19.444444444444443,4.166666666666667,34.645881652176186,1.0,2200.0,2200.0,19.444444444444443,4.166666666666667,161.68078104348882,34.645881652176186,161.68078104348882,99999,0.15,4,0,0,673.6699210145368,75.78593391167858
911,115362,7066,7065,673.6699210145368,7,1.0,cycle_path,"LINESTRING (82159.5546875 445477.96875, 81802.0234375 444610.34375)",2200.0,19.444444444444443,4.166666666666667,34.645881652176186,1.0,2200.0,2200.0,19.444444444444443,4.166666666666667,161.68078104348882,34.645881652176186,161.68078104348882,99999,0.15,4,0,0,673.6699210145368,75.78593391167858
912,115371,5,7066,488.39462447980304,12,,None,"LINESTRING (81413.6640625 445168.9375, 81802.0234375 444610.34375)",9999.0,4.166666666666667,4.166666666666667,117.21470987515272,,,,4.166666666666667,4.166666666666667,117.21470987515272,117.21470987515272,117.21470987515272,99999,0.15,4,0,0,488.39462447980304,0.0
913,115372,7066,5,488.39462447980304,12,,None,"LINESTRING (81413.6640625 445168.9375, 81802.0234375 444610.34375)",9999.0,4.166666666666667,4.166666666666667,117.21470987515272,,,,4.166666666666667,4.166666666666667,117.21470987515272,117.21470987515272,117.21470987515272,99999,0.15,4,0,0,488.39462447980304,0.0
914,115461,6866,7069,244.37078197154918,10,1.0,None,"LINESTRING (84024.40625 444356.84375, 84092.2578125 444023.25)",1200.0,9.722222222222221,4.166666666666667,25.135280431359345,1.0,1200.0,1200.0,9.722222222222221,4.166666666666667,58.648987673171796,25.135280431359345,58.648987673171796,99999,0.15,4,0,0,244.37078197154918,100.0
915,115462,7069,6866,244.37078197154918,10,1.0,None,"LINESTRING (84024.40625 444356.84375, 84092.2578125 444023.25)",1200.0,9.722222222222221,4.166666666666667,25.135280431359345,1.0,1200.0,1200.0,9.722222222222221,4.166666666666667,58.648987673171796,25.135280431359345,58.648987673171796,99999,0.15,4,0,0,244.37078197154918,100.0
916,115511,6898,6901,285.5106711101044,10,1.0,None,"LINESTRING (83192.875 443934.0625, 83152.8046875 444143.4375, 83160.2578125 444175.5, 83188.2890625 444277.90625, 83179.109375 444331.5625)",1200.0,9.722222222222221,4.166666666666667,29.36681188561074,1.0,1200.0,1200.0,9.722222222222221,4.166666666666667,68.52256106642506,29.36681188561074,68.52256106642506,99999,0.15,4,0,0,285.5106711101044,14.578117963625017
917,115512,6901,6898,285.5106711101044,10,1.0,None,"LINESTRING (83192.875 443934.0625, 83152.8046875 444143.4375, 83160.2578125 444175.5, 83188.2890625 444277.90625, 83179.109375 444331.5625)",1200.0,9.722222222222221,4.166666666666667,29.36681188561074,1.0,1200.0,1200.0,9.722222222222221,4.166666666666667,68.52256106642506,29.36681188561074,68.52256106642506,99999,0.15,4,0,0,285.5106711101044,14.578117963625017
918,115561,5019,5857,306.36514372754135,10,1.0,None,"LINESTRING (83970.734375 444361.96875, 83916.3984375 444343.375, 83848.9140625 444328.8125, 83825.1015625 444320.28125, 83770.171875 444314, 83747.859375 444296.8125, 83673.4765625 444277.34375, 83656.3125 444265.34375, 83629.9921875 444261.34375, 83586.5078125 444245.90625, 83558.4296875 444251.75)",1200.0,9.722222222222221,4.166666666666667,31.511843354832827,1.0,1200.0,1200.0,9.722222222222221,4.166666666666667,73.52763449460991,31.511843354832827,73.52763449460991,99999,0.15,4,0,0,306.36514372754135,50.29985902087514
919,115562,5857,5019,306.36514372754135,10,1.0,None,"LINESTRING (83970.734375 444361.96875, 83916.3984375 444343.375, 83848.9140625 444328.8125, 83825.1015625 444320.28125, 83770.171875 444314, 83747.859375 444296.8125, 83673.4765625 444277.34375, 83656.3125 444265.34375, 83629.9921875 444261.34375, 83586.5078125 444245.90625, 83558.4296875 444251.75)",1200.0,9.722222222222221,4.166666666666667,31.511843354832827,1.0,1200.0,1200.0,9.722222222222221,4.166666666666667,73.52763449460991,31.511843354832827,73.52763449460991,99999,0.15,4,0,0,306.36514372754135,50.29985902087514
920,115581,5018,6874,136.85651116205634,10,1.0,None,"LINESTRING (84441.8203125 444113.625, 84457.84375 444074.46875, 84468.8984375 444021.34375, 84536.7734375 444039.6875, 84624.8203125 444060.15625)",1200.0,9.722222222222221,4.166666666666667,14.076669719525796,1.0,1200.0,1200.0,9.722222222222221,4.166666666666667,32.845562678893515,14.076669719525796,32.845562678893515,99999,0.15,4,0,0,136.85651116205634,93.65865435374938
921,115582,6874,5018,136.85651116205634,10,1.0,None,"LINESTRING (84441.8203125 444113.625, 84457.84375 444074.46875, 84468.8984375 444021.34375, 84536.7734375 444039.6875, 84624.8203125 444060.15625)",1200.0,9.722222222222221,4.166666666666667,14.076669719525796,1.0,1200.0,1200.0,9.722222222222221,4.166666666666667,32.845562678893515,14.076669719525796,32.845562678893515,99999,0.15,4,0,0,136.85651116205634,93.65865435374938
922,115601,6867,6874,403.70307897344884,10,1.0,None,"LINESTRING (84887.28125 444557.53125, 84921.046875 444438.40625, 84940.328125 444369.53125, 84964.0625 444314.53125, 84967.8125 444270.8125, 84998.375 444165.5, 84905.734375 444133.4375, 84847.6171875 444118.59375, 84821.6328125 444103.40625, 84760.4140625 444084.65625, 84707.0625 444073.96875, 84675.9765625 444075.34375, 84624.8203125 444060.15625)",1200.0,9.722222222222221,4.166666666666667,41.523745265840454,1.0,1200.0,1200.0,9.722222222222221,4.166666666666667,96.88873895362771,41.523745265840454,96.88873895362771,99999,0.15,4,0,0,403.70307897344884,87.88620628759183
923,115602,6874,6867,403.70307897344884,10,1.0,None,"LINESTRING (84887.28125 444557.53125, 84921.046875 444438.40625, 84940.328125 444369.53125, 84964.0625 444314.53125, 84967.8125 444270.8125, 84998.375 444165.5, 84905.734375 444133.4375, 84847.6171875 444118.59375, 84821.6328125 444103.40625, 84760.4140625 444084.65625, 84707.0625 444073.96875, 84675.9765625 444075.34375, 84624.8203125 444060.15625)",1200.0,9.722222222222221,4.166666666666667,41.523745265840454,1.0,1200.0,1200.0,9.722222222222221,4.166666666666667,96.88873895362771,41.523745265840454,96.88873895362771,99999,0.15,4,0,0,403.70307897344884,87.88620628759183
924,115611,6695,6866,237.41831993509066,10,1.0,None,"LINESTRING (84343.8125 444442.65625, 84328.7734375 444450.03125, 84302.1796875 444440.96875, 84285.390625 444447.9375, 84159.421875 444412.96875, 84143.328125 444395.46875, 84087.328125 444380.75, 84062.1328125 444366.0625, 84024.40625 444356.84375)",1200.0,9.722222222222221,4.166666666666667,24.42017005046647,1.0,1200.0,1200.0,9.722222222222221,4.166666666666667,56.98039678442176,24.42017005046647,56.98039678442176,99999,0.15,4,0,0,237.41831993509066,27.73491599229051
925,115612,6866,6695,237.41831993509066,10,1.0,None,"LINESTRING (84343.8125 444442.65625, 84328.7734375 444450.03125, 84302.1796875 444440.96875, 84285.390625 444447.9375, 84159.421875 444412.96875, 84143.328125 444395.46875, 84087.328125 444380.75, 84062.1328125 444366.0625, 84024.40625 444356.84375)",1200.0,9.722222222222221,4.166666666666667,24.42017005046647,1.0,1200.0,1200.0,9.722222222222221,4.166666666666667,56.98039678442176,24.42017005046647,56.98039678442176,99999,0.15,4,0,0,237.41831993509066,27.73491599229051
926,115641,6699,6867,284.23165766355237,10,1.0,None,"LINESTRING (84493.546875 444599.25, 84534.6328125 444563.65625, 84548.9296875 444534.125, 84557.2578125 444487.21875, 84570.1171875 444443.78125, 84715.0546875 444484.625, 84732.2578125 444516.78125, 84781.6171875 444530.25, 84841.453125 444545.96875, 84887.28125 444557.53125)",1200.0,9.722222222222221,4.166666666666667,29.23525621682253,1.0,1200.0,1200.0,9.722222222222221,4.166666666666667,68.21559783925257,29.23525621682253,68.21559783925257,99999,0.15,4,0,0,284.23165766355237,8.03185558284528
927,115642,6867,6699,284.23165766355237,10,1.0,None,"LINESTRING (84493.546875 444599.25, 84534.6328125 444563.65625, 84548.9296875 444534.125, 84557.2578125 444487.21875, 84570.1171875 444443.78125, 84715.0546875 444484.625, 84732.2578125 444516.78125, 84781.6171875 444530.25, 84841.453125 444545.96875, 84887.28125 444557.53125)",1200.0,9.722222222222221,4.166666666666667,29.23525621682253,1.0,1200.0,1200.0,9.722222222222221,4.166666666666667,68.21559783925257,29.23525621682253,68.21559783925257,99999,0.15,4,0,0,284.23165766355237,8.03185558284528
928,115651,5018,6695,246.45019465690243,10,1.0,None,"LINESTRING (84441.8203125 444113.625, 84427.125 444165.125, 84402.4765625 444187.71875, 84385.359375 444260.3125, 84388.1015625 444282.90625, 84413.421875 444339.96875, 84406.59375 444407.53125, 84343.8125 444442.65625)",1200.0,9.722222222222221,4.166666666666667,25.34916287899568,1.0,1200.0,1200.0,9.722222222222221,4.166666666666667,59.14804671765658,25.34916287899568,59.14804671765658,99999,0.15,4,0,0,246.45019465690243,8.056079439279346
929,115652,6695,5018,246.45019465690243,10,1.0,None,"LINESTRING (84441.8203125 444113.625, 84427.125 444165.125, 84402.4765625 444187.71875, 84385.359375 444260.3125, 84388.1015625 444282.90625, 84413.421875 444339.96875, 84406.59375 444407.53125, 84343.8125 444442.65625)",1200.0,9.722222222222221,4.166666666666667,25.34916287899568,1.0,1200.0,1200.0,9.722222222222221,4.166666666666667,59.14804671765658,25.34916287899568,59.14804671765658,99999,0.15,4,0,0,246.45019465690243,8.056079439279346
930,115661,6693,6863,350.6588441304205,10,1.0,None,"LINESTRING (84469.6484375 444720.8125, 84447.046875 444711.78125, 84385.453125 444720.15625, 84337.1640625 444711.0625, 84328.7734375 444698.46875, 84295.875 444686.59375, 84281.1875 444693.59375, 84230.609375 444673.21875, 84129.0234375 444649.40625, 84020.15625 444623.875, 83990.3828125 444626.4375)",1200.0,9.722222222222221,4.166666666666667,36.067766824843254,1.0,1200.0,1200.0,9.722222222222221,4.166666666666667,84.15812259130091,36.067766824843254,84.15812259130091,99999,0.15,4,0,0,350.6588441304205,20.13565237972064
931,115662,6863,6693,350.6588441304205,10,1.0,None,"LINESTRING (84469.6484375 444720.8125, 84447.046875 444711.78125, 84385.453125 444720.15625, 84337.1640625 444711.0625, 84328.7734375 444698.46875, 84295.875 444686.59375, 84281.1875 444693.59375, 84230.609375 444673.21875, 84129.0234375 444649.40625, 84020.15625 444623.875, 83990.3828125 444626.4375)",1200.0,9.722222222222221,4.166666666666667,36.067766824843254,1.0,1200.0,1200.0,9.722222222222221,4.166666666666667,84.15812259130091,36.067766824843254,84.15812259130091,99999,0.15,4,0,0,350.6588441304205,20.13565237972064
932,115671,6690,6693,105.78128091437621,10,1.0,None,"LINESTRING (84531.8203125 444854.40625, 84548.3359375 444811.53125, 84546.96875 444773.90625, 84469.6484375 444720.8125)",1200.0,9.722222222222221,4.166666666666667,10.880360322621554,1.0,1200.0,1200.0,9.722222222222221,4.166666666666667,25.387507419450287,10.880360322621554,25.387507419450287,99999,0.15,4,0,0,105.78128091437621,41.8487610041698
933,115672,6693,6690,105.78128091437621,10,1.0,None,"LINESTRING (84531.8203125 444854.40625, 84548.3359375 444811.53125, 84546.96875 444773.90625, 84469.6484375 444720.8125)",1200.0,9.722222222222221,4.166666666666667,10.880360322621554,1.0,1200.0,1200.0,9.722222222222221,4.166666666666667,25.387507419450287,10.880360322621554,25.387507419450287,99999,0.15,4,0,0,105.78128091437621,41.8487610041698
934,115681,6829,6967,205.5309088167787,10,1.0,None,"LINESTRING (83733.8984375 445129.125, 83745.6796875 445051.71875, 83713.359375 445038.75, 83733.8984375 444944.3125, 83746.21875 444935.0625, 83766.7578125 444844.71875)",1200.0,9.722222222222221,4.166666666666667,21.14032204972581,1.0,1200.0,1200.0,9.722222222222221,4.166666666666667,49.327418116026884,21.14032204972581,49.327418116026884,99999,0.15,4,0,0,205.5309088167787,22.69379437254748
935,115682,6967,6829,205.5309088167787,10,1.0,None,"LINESTRING (83733.8984375 445129.125, 83745.6796875 445051.71875, 83713.359375 445038.75, 83733.8984375 444944.3125, 83746.21875 444935.0625, 83766.7578125 444844.71875)",1200.0,9.722222222222221,4.166666666666667,21.14032204972581,1.0,1200.0,1200.0,9.722222222222221,4.166666666666667,49.327418116026884,21.14032204972581,49.327418116026884,99999,0.15,4,0,0,205.5309088167787,22.69379437254748
936,115721,6815,6817,174.76046965476397,10,1.0,None,"LINESTRING (83168.65625 445508.625, 83198.6015625 445509.78125, 83276.09375 445536.8125, 83310.1328125 445540.0625, 83327.75 445476.59375, 83313.3671875 445466.03125, 83262.3828125 445448.5625, 83269.796875 445412.5, 83271.125 445387.34375, 83290.2109375 445297.71875)",1200.0,9.722222222222221,4.166666666666667,17.975362593061437,1.0,1200.0,1200.0,9.722222222222221,4.166666666666667,41.94251271714335,17.975362593061437,41.94251271714335,99999,0.15,4,0,0,174.76046965476397,42.00561914781458
937,115722,6817,6815,174.76046965476397,10,1.0,None,"LINESTRING (83168.65625 445508.625, 83198.6015625 445509.78125, 83276.09375 445536.8125, 83310.1328125 445540.0625, 83327.75 445476.59375, 83313.3671875 445466.03125, 83262.3828125 445448.5625, 83269.796875 445412.5, 83271.125 445387.34375, 83290.2109375 445297.71875)",1200.0,9.722222222222221,4.166666666666667,17.975362593061437,1.0,1200.0,1200.0,9.722222222222221,4.166666666666667,41.94251271714335,17.975362593061437,41.94251271714335,99999,0.15,4,0,0,174.76046965476397,42.00561914781458
938,115771,6806,6808,186.36684038141564,10,1.0,None,"LINESTRING (83063.8515625 445803.34375, 83031.0078125 445948.1875, 82988.0625 445942.0625, 82962.328125 446042.25)",1200.0,9.722222222222221,4.166666666666667,19.16916072494561,1.0,1200.0,1200.0,9.722222222222221,4.166666666666667,44.72804169153975,19.16916072494561,44.72804169153975,99999,0.15,4,0,0,186.36684038141564,18.394216792588747
939,115772,6808,6806,186.36684038141564,10,1.0,None,"LINESTRING (83063.8515625 445803.34375, 83031.0078125 445948.1875, 82988.0625 445942.0625, 82962.328125 446042.25)",1200.0,9.722222222222221,4.166666666666667,19.16916072494561,1.0,1200.0,1200.0,9.722222222222221,4.166666666666667,44.72804169153975,19.16916072494561,44.72804169153975,99999,0.15,4,0,0,186.36684038141564,18.394216792588747
940,115781,5660,6826,237.90992493049686,10,1.0,None,"LINESTRING (83065.296875 445003.59375, 83337.7578125 445025.5, 83395.6640625 445029.75)",1200.0,9.722222222222221,4.166666666666667,24.47073513570825,1.0,1200.0,1200.0,9.722222222222221,4.166666666666667,57.09838198331924,24.47073513570825,57.09838198331924,99999,0.15,4,0,0,237.90992493049686,47.27873800534858
941,115782,6826,5660,237.90992493049686,10,1.0,None,"LINESTRING (83065.296875 445003.59375, 83337.7578125 445025.5, 83395.6640625 445029.75)",1200.0,9.722222222222221,4.166666666666667,24.47073513570825,1.0,1200.0,1200.0,9.722222222222221,4.166666666666667,57.09838198331924,24.47073513570825,57.09838198331924,99999,0.15,4,0,0,237.90992493049686,47.27873800534858
942,115811,5857,6895,286.99311159976133,10,1.0,None,"LINESTRING (83558.4296875 444251.75, 83551.625 444199.59375, 83553.34375 444072, 83565.328125 443997.5625, 83578.515625 443964.4375, 83591.6484375 443923.1875, 83624.2890625 443857.40625)",1200.0,9.722222222222221,4.166666666666667,29.519291478832596,1.0,1200.0,1200.0,9.722222222222221,4.166666666666667,68.87834678394272,29.519291478832596,68.87834678394272,99999,0.15,4,0,0,286.99311159976133,9.573016923832608
943,115812,6895,5857,286.99311159976133,10,1.0,None,"LINESTRING (83558.4296875 444251.75, 83551.625 444199.59375, 83553.34375 444072, 83565.328125 443997.5625, 83578.515625 443964.4375, 83591.6484375 443923.1875, 83624.2890625 443857.40625)",1200.0,9.722222222222221,4.166666666666667,29.519291478832596,1.0,1200.0,1200.0,9.722222222222221,4.166666666666667,68.87834678394272,29.519291478832596,68.87834678394272,99999,0.15,4,0,0,286.99311159976133,9.573016923832608
944,115851,5504,6855,242.2115578446949,10,1.0,None,"LINESTRING (82700.40625 445701.75, 82729.3046875 445555.5, 82761.5234375 445435.4375, 82774.203125 445420.625, 82818.359375 445421.5625, 82909.3671875 445436.875)",1200.0,9.722222222222221,4.166666666666667,24.913188806882907,1.0,1200.0,1200.0,9.722222222222221,4.166666666666667,58.13077388272677,24.913188806882907,58.13077388272677,99999,0.15,4,0,0,242.2115578446949,46.017114734279545
945,115852,6855,5504,242.2115578446949,10,1.0,None,"LINESTRING (82700.40625 445701.75, 82729.3046875 445555.5, 82761.5234375 445435.4375, 82774.203125 445420.625, 82818.359375 445421.5625, 82909.3671875 445436.875)",1200.0,9.722222222222221,4.166666666666667,24.913188806882907,1.0,1200.0,1200.0,9.722222222222221,4.166666666666667,58.13077388272677,24.913188806882907,58.13077388272677,99999,0.15,4,0,0,242.2115578446949,46.017114734279545
946,115861,6811,7070,155.25599654283604,11,1.0,cycle_path,"LINESTRING (83438.2578125 445728.09375, 83407.6640625 445672.875, 83405.4375 445514.34375)",1500.0,11.11111111111111,4.166666666666667,13.973039688855245,1.0,1500.0,1500.0,11.11111111111111,4.166666666666667,37.261439170280646,13.973039688855245,37.261439170280646,99999,0.15,4,0,0,155.25599654283604,58.38993314698098
947,115862,7070,6811,155.25599654283604,11,1.0,cycle_path,"LINESTRING (83438.2578125 445728.09375, 83407.6640625 445672.875, 83405.4375 445514.34375)",1500.0,11.11111111111111,4.166666666666667,13.973039688855245,1.0,1500.0,1500.0,11.11111111111111,4.166666666666667,37.261439170280646,13.973039688855245,37.261439170280646,99999,0.15,4,0,0,155.25599654283604,58.38993314698098
948,115871,6816,7070,153.54779809516458,11,1.0,cycle_path,"LINESTRING (83395.6640625 445300.6875, 83405.4375 445514.34375)",1500.0,11.11111111111111,4.166666666666667,13.819301828564813,1.0,1500.0,1500.0,11.11111111111111,4.166666666666667,36.8514715428395,13.819301828564813,36.8514715428395,99999,0.15,4,0,0,153.54779809516458,44.370616920306624
949,115872,7070,6816,153.54779809516458,11,1.0,cycle_path,"LINESTRING (83395.6640625 445300.6875, 83405.4375 445514.34375)",1500.0,11.11111111111111,4.166666666666667,13.819301828564813,1.0,1500.0,1500.0,11.11111111111111,4.166666666666667,36.8514715428395,13.819301828564813,36.8514715428395,99999,0.15,4,0,0,153.54779809516458,44.370616920306624
950,115881,6715,7071,143.23937302098741,11,1.0,cycle_path,"LINESTRING (83370.7578125 446234.65625, 83371.203125 446174.09375, 83399.2109375 446037.1875)",1500.0,11.11111111111111,4.166666666666667,12.891543571888867,1.0,1500.0,1500.0,11.11111111111111,4.166666666666667,34.37744952503698,12.891543571888867,34.37744952503698,99999,0.15,4,0,0,143.23937302098741,18.340670877338543
951,115882,7071,6715,143.23937302098741,11,1.0,cycle_path,"LINESTRING (83370.7578125 446234.65625, 83371.203125 446174.09375, 83399.2109375 446037.1875)",1500.0,11.11111111111111,4.166666666666667,12.891543571888867,1.0,1500.0,1500.0,11.11111111111111,4.166666666666667,34.37744952503698,12.891543571888867,34.37744952503698,99999,0.15,4,0,0,143.23937302098741,18.340670877338543
952,115901,6810,7072,239.65498256951903,10,1.0,None,"LINESTRING (83141.8359375 445690.90625, 83167.0703125 445719.75, 83181.484375 445750.375, 83445.8984375 445828.65625)",1200.0,9.722222222222221,4.166666666666667,24.650226778579103,1.0,1200.0,1200.0,9.722222222222221,4.166666666666667,57.51719581668456,24.650226778579103,57.51719581668456,99999,0.15,4,0,0,239.65498256951903,9.314940025964443
953,115902,7072,6810,239.65498256951903,10,1.0,None,"LINESTRING (83141.8359375 445690.90625, 83167.0703125 445719.75, 83181.484375 445750.375, 83445.8984375 445828.65625)",1200.0,9.722222222222221,4.166666666666667,24.650226778579103,1.0,1200.0,1200.0,9.722222222222221,4.166666666666667,57.51719581668456,24.650226778579103,57.51719581668456,99999,0.15,4,0,0,239.65498256951903,9.314940025964443
954,115911,6811,7072,72.40594320020375,11,1.0,cycle_path,"LINESTRING (83438.2578125 445728.09375, 83451.8125 445779.21875, 83445.8984375 445828.65625)",1500.0,11.11111111111111,4.166666666666667,6.516534888018338,1.0,1500.0,1500.0,11.11111111111111,4.166666666666667,17.377426368048898,6.516534888018338,17.377426368048898,99999,0.15,4,0,0,72.40594320020375,49.24508494034383
955,115912,7072,6811,72.40594320020375,11,1.0,cycle_path,"LINESTRING (83438.2578125 445728.09375, 83451.8125 445779.21875, 83445.8984375 445828.65625)",1500.0,11.11111111111111,4.166666666666667,6.516534888018338,1.0,1500.0,1500.0,11.11111111111111,4.166666666666667,17.377426368048898,6.516534888018338,17.377426368048898,99999,0.15,4,0,0,72.40594320020375,49.24508494034383
956,115921,7071,7072,153.42132305888185,11,1.0,cycle_path,"LINESTRING (83399.2109375 446037.1875, 83445.8984375 445828.65625)",1500.0,11.11111111111111,4.166666666666667,13.807919075299367,1.0,1500.0,1500.0,11.11111111111111,4.166666666666667,36.821117534131645,13.807919075299367,36.821117534131645,99999,0.15,4,0,0,153.42132305888185,6.084014246254956
957,115922,7072,7071,153.42132305888185,11,1.0,cycle_path,"LINESTRING (83399.2109375 446037.1875, 83445.8984375 445828.65625)",1500.0,11.11111111111111,4.166666666666667,13.807919075299367,1.0,1500.0,1500.0,11.11111111111111,4.166666666666667,36.821117534131645,13.807919075299367,36.821117534131645,99999,0.15,4,0,0,153.42132305888185,6.084014246254956
958,115931,6715,6808,324.14608487570587,10,1.0,None,"LINESTRING (83370.7578125 446234.65625, 83254.296875 446198.15625, 83229.171875 446166.1875, 83226.078125 446136.8125, 83210.171875 446113.90625, 82962.328125 446042.25)",1200.0,9.722222222222221,4.166666666666667,33.34074015864403,1.0,1200.0,1200.0,9.722222222222221,4.166666666666667,77.79506037016941,33.34074015864403,77.79506037016941,99999,0.15,4,0,0,324.14608487570587,12.44651069881528
959,115932,6808,6715,324.14608487570587,10,1.0,None,"LINESTRING (83370.7578125 446234.65625, 83254.296875 446198.15625, 83229.171875 446166.1875, 83226.078125 446136.8125, 83210.171875 446113.90625, 82962.328125 446042.25)",1200.0,9.722222222222221,4.166666666666667,33.34074015864403,1.0,1200.0,1200.0,9.722222222222221,4.166666666666667,77.79506037016941,33.34074015864403,77.79506037016941,99999,0.15,4,0,0,324.14608487570587,12.44651069881528
960,115941,6850,6857,124.88948325578058,10,1.0,None,"LINESTRING (84234.8203125 445340.625, 84310.3984375 445375.375, 84394.171875 445410.40625)",1200.0,9.722222222222221,4.166666666666667,12.845775420594574,1.0,1200.0,1200.0,9.722222222222221,4.166666666666667,29.973475981387335,12.845775420594574,29.973475981387335,99999,0.15,4,0,0,124.88948325578058,51.53691851077161
961,115942,6857,6850,124.88948325578058,10,1.0,None,"LINESTRING (84234.8203125 445340.625, 84310.3984375 445375.375, 84394.171875 445410.40625)",1200.0,9.722222222222221,4.166666666666667,12.845775420594574,1.0,1200.0,1200.0,9.722222222222221,4.166666666666667,29.973475981387335,12.845775420594574,29.973475981387335,99999,0.15,4,0,0,124.88948325578058,51.53691851077161
962,115971,6922,7074,204.82402427985713,9,2.0,cycle_path,"LINESTRING (83387.234375 444528.84375, 83662.4140625 444604.25)",3400.0,13.88888888888889,4.166666666666667,14.747329748149713,2.0,1700.0,3400.0,13.88888888888889,4.166666666666667,49.157765827165704,14.747329748149713,49.157765827165704,99999,0.15,4,0,0,204.82402427985713,25.161557230676813
963,115972,7074,6922,204.82402427985713,9,2.0,cycle_path,"LINESTRING (83387.234375 444528.84375, 83662.4140625 444604.25)",3400.0,13.88888888888889,4.166666666666667,14.747329748149713,2.0,1700.0,3400.0,13.88888888888889,4.166666666666667,49.157765827165704,14.747329748149713,49.157765827165704,99999,0.15,4,0,0,204.82402427985713,25.161557230676813
964,115981,6921,7074,188.44261271453914,9,2.0,cycle_path,"LINESTRING (83914.7421875 444676.625, 83662.4140625 444604.25)",3400.0,13.88888888888889,4.166666666666667,13.567868115446817,2.0,1700.0,3400.0,13.88888888888889,4.166666666666667,45.22622705148939,13.567868115446817,45.22622705148939,99999,0.15,4,0,0,188.44261271453914,2.8796002223944255
965,115982,7074,6921,188.44261271453914,9,2.0,cycle_path,"LINESTRING (83914.7421875 444676.625, 83662.4140625 444604.25)",3400.0,13.88888888888889,4.166666666666667,13.567868115446817,2.0,1700.0,3400.0,13.88888888888889,4.166666666666667,45.22622705148939,13.567868115446817,45.22622705148939,99999,0.15,4,0,0,188.44261271453914,2.8796002223944255
966,115991,6709,6842,340.89147377758917,10,1.0,None,"LINESTRING (84107.6953125 446163.59375, 83997.84375 446142.4375, 83779.453125 446074.5, 83745.53125 446059.6875, 83735.6328125 446042.375, 83751.828125 445925.40625, 83757.2578125 445913.53125, 83777.96875 445909.15625, 83803.1953125 445799.28125)",1200.0,9.722222222222221,4.166666666666667,35.06312301712346,1.0,1200.0,1200.0,9.722222222222221,4.166666666666667,81.81395370662139,35.06312301712346,81.81395370662139,99999,0.15,4,0,0,340.89147377758917,21.158001123024807
967,115992,6842,6709,340.89147377758917,10,1.0,None,"LINESTRING (84107.6953125 446163.59375, 83997.84375 446142.4375, 83779.453125 446074.5, 83745.53125 446059.6875, 83735.6328125 446042.375, 83751.828125 445925.40625, 83757.2578125 445913.53125, 83777.96875 445909.15625, 83803.1953125 445799.28125)",1200.0,9.722222222222221,4.166666666666667,35.06312301712346,1.0,1200.0,1200.0,9.722222222222221,4.166666666666667,81.81395370662139,35.06312301712346,81.81395370662139,99999,0.15,4,0,0,340.89147377758917,21.158001123024807
968,116001,6678,6849,267.75680128140203,10,1.0,None,"LINESTRING (84306.59375 445105.28125, 84017.3515625 444995.40625, 83980.8515625 445103.375, 83989.1484375 445149.84375, 83962.6875 445249.625)",1200.0,9.722222222222221,4.166666666666667,27.540699560372783,1.0,1200.0,1200.0,9.722222222222221,4.166666666666667,64.26163230753649,27.540699560372783,64.26163230753649,99999,0.15,4,0,0,267.75680128140203,20.022168960421574
969,116002,6849,6678,267.75680128140203,10,1.0,None,"LINESTRING (84306.59375 445105.28125, 84017.3515625 444995.40625, 83980.8515625 445103.375, 83989.1484375 445149.84375, 83962.6875 445249.625)",1200.0,9.722222222222221,4.166666666666667,27.540699560372783,1.0,1200.0,1200.0,9.722222222222221,4.166666666666667,64.26163230753649,27.540699560372783,64.26163230753649,99999,0.15,4,0,0,267.75680128140203,20.022168960421574
970,116021,6669,6684,376.11417207477314,11,1.0,cycle_path,"LINESTRING (85166.8125 444476.40625, 85315.328125 444002.34375, 85472.3203125 444050.75)",1500.0,11.11111111111111,4.166666666666667,33.850275486729586,1.0,1500.0,1500.0,11.11111111111111,4.166666666666667,90.26740129794554,33.850275486729586,90.26740129794554,99999,0.15,4,0,0,376.11417207477314,100.0
971,116022,6684,6669,376.11417207477314,11,1.0,cycle_path,"LINESTRING (85166.8125 444476.40625, 85315.328125 444002.34375, 85472.3203125 444050.75)",1500.0,11.11111111111111,4.166666666666667,33.850275486729586,1.0,1500.0,1500.0,11.11111111111111,4.166666666666667,90.26740129794554,33.850275486729586,90.26740129794554,99999,0.15,4,0,0,376.11417207477314,100.0
972,116041,6657,7052,575.9564841721002,10,1.0,None,"LINESTRING (85190.2109375 445681.125, 85369.3125 445185.1875, 85453.2734375 444923.21875)",1200.0,9.722222222222221,4.166666666666667,59.24123837198746,1.0,1200.0,1200.0,9.722222222222221,4.166666666666667,138.22955620130404,59.24123837198746,138.22955620130404,99999,0.15,4,0,0,575.9564841721002,0.87169393026081
973,116042,7052,6657,575.9564841721002,10,1.0,None,"LINESTRING (85190.2109375 445681.125, 85369.3125 445185.1875, 85453.2734375 444923.21875)",1200.0,9.722222222222221,4.166666666666667,59.24123837198746,1.0,1200.0,1200.0,9.722222222222221,4.166666666666667,138.22955620130404,59.24123837198746,138.22955620130404,99999,0.15,4,0,0,575.9564841721002,0.87169393026081
974,116061,6638,6640,201.23888555084756,10,1.0,None,"LINESTRING (85859.59375 446644.65625, 85897.3125 446556.65625, 85722.2578125 446475.40625, 85636.1875 446475.40625)",1200.0,9.722222222222221,4.166666666666667,20.69885679951575,1.0,1200.0,1200.0,9.722222222222221,4.166666666666667,48.29733253220341,20.69885679951575,48.29733253220341,99999,0.15,4,0,0,201.23888555084756,58.12901792270115
975,116062,6640,6638,201.23888555084756,10,1.0,None,"LINESTRING (85859.59375 446644.65625, 85897.3125 446556.65625, 85722.2578125 446475.40625, 85636.1875 446475.40625)",1200.0,9.722222222222221,4.166666666666667,20.69885679951575,1.0,1200.0,1200.0,9.722222222222221,4.166666666666667,48.29733253220341,20.69885679951575,48.29733253220341,99999,0.15,4,0,0,201.23888555084756,58.12901792270115
976,116071,6550,6627,215.18820321656284,10,1.0,None,"LINESTRING (85091.15625 446864.40625, 85183.6015625 446760.4375, 85244.3984375 446606.84375)",1200.0,9.722222222222221,4.166666666666667,22.133643759417893,1.0,1200.0,1200.0,9.722222222222221,4.166666666666667,51.64516877197508,22.133643759417893,51.64516877197508,99999,0.15,4,0,0,215.18820321656284,24.51723003531463
977,116072,6627,6550,215.18820321656284,10,1.0,None,"LINESTRING (85091.15625 446864.40625, 85183.6015625 446760.4375, 85244.3984375 446606.84375)",1200.0,9.722222222222221,4.166666666666667,22.133643759417893,1.0,1200.0,1200.0,9.722222222222221,4.166666666666667,51.64516877197508,22.133643759417893,51.64516877197508,99999,0.15,4,0,0,215.18820321656284,24.51723003531463
978,116081,6547,6628,347.8735907280496,10,1.0,None,"LINESTRING (84948.765625 446995.875, 84718.7578125 446872.09375, 84891.65625 446539.25, 84920.1953125 446512.21875)",1200.0,9.722222222222221,4.166666666666667,35.78128361774225,1.0,1200.0,1200.0,9.722222222222221,4.166666666666667,83.4896617747319,35.78128361774225,83.4896617747319,99999,0.15,4,0,0,347.8735907280496,1.933617296976397
979,116082,6628,6547,347.8735907280496,10,1.0,None,"LINESTRING (84948.765625 446995.875, 84718.7578125 446872.09375, 84891.65625 446539.25, 84920.1953125 446512.21875)",1200.0,9.722222222222221,4.166666666666667,35.78128361774225,1.0,1200.0,1200.0,9.722222222222221,4.166666666666667,83.4896617747319,35.78128361774225,83.4896617747319,99999,0.15,4,0,0,347.8735907280496,1.933617296976397
980,116091,6615,6635,185.29753067783923,8,1.0,cycle_path,"LINESTRING (85734.4609375 447055.53125, 85793.8359375 447036.375, 85891.5078125 447008.3125, 85971.78125 446954.15625)",1800.0,13.88888888888889,4.166666666666667,13.341422208804424,1.0,1800.0,1800.0,13.88888888888889,4.166666666666667,44.47140736268141,13.341422208804424,44.47140736268141,99999,0.15,4,0,0,185.29753067783923,19.00856131346452
981,116092,6635,6615,185.29753067783923,8,1.0,cycle_path,"LINESTRING (85734.4609375 447055.53125, 85793.8359375 447036.375, 85891.5078125 447008.3125, 85971.78125 446954.15625)",1800.0,13.88888888888889,4.166666666666667,13.341422208804424,1.0,1800.0,1800.0,13.88888888888889,4.166666666666667,44.47140736268141,13.341422208804424,44.47140736268141,99999,0.15,4,0,0,185.29753067783923,19.00856131346452
982,116101,6634,6638,217.93243726742358,10,1.0,None,"LINESTRING (85982.4140625 446922.21875, 86032.703125 446810.96875, 86062.7265625 446741.90625, 85859.59375 446644.65625)",1200.0,9.722222222222221,4.166666666666667,22.415907833220714,1.0,1200.0,1200.0,9.722222222222221,4.166666666666667,52.30378494418166,22.415907833220714,52.30378494418166,99999,0.15,4,0,0,217.93243726742358,45.47566776399397
983,116102,6638,6634,217.93243726742358,10,1.0,None,"LINESTRING (85982.4140625 446922.21875, 86032.703125 446810.96875, 86062.7265625 446741.90625, 85859.59375 446644.65625)",1200.0,9.722222222222221,4.166666666666667,22.415907833220714,1.0,1200.0,1200.0,9.722222222222221,4.166666666666667,52.30378494418166,22.415907833220714,52.30378494418166,99999,0.15,4,0,0,217.93243726742358,45.47566776399397
984,116111,6745,6768,274.47673721442334,10,1.0,None,"LINESTRING (82652.9453125 447710.9375, 82531.40625 447634.46875, 82718.6640625 447334.375)",1200.0,9.722222222222221,4.166666666666667,28.231892970626404,1.0,1200.0,1200.0,9.722222222222221,4.166666666666667,65.8744169314616,28.231892970626404,65.8744169314616,99999,0.15,4,0,0,274.47673721442334,16.94579246044968
985,116112,6768,6745,274.47673721442334,10,1.0,None,"LINESTRING (82652.9453125 447710.9375, 82531.40625 447634.46875, 82718.6640625 447334.375)",1200.0,9.722222222222221,4.166666666666667,28.231892970626404,1.0,1200.0,1200.0,9.722222222222221,4.166666666666667,65.8744169314616,28.231892970626404,65.8744169314616,99999,0.15,4,0,0,274.47673721442334,16.94579246044968
986,116141,6734,6746,965.1746154721964,10,1.0,None,"LINESTRING (82279.8125 446951.5625, 82094.1171875 447569.5, 82119.0546875 447773.96875, 82477.9140625 448018.28125, 82734.625 448216.4375)",1200.0,9.722222222222221,4.166666666666667,99.27510330571164,1.0,1200.0,1200.0,9.722222222222221,4.166666666666667,231.6419077133271,99.27510330571164,231.6419077133271,99999,0.15,4,0,0,965.1746154721964,20.040303158058126
987,116142,6746,6734,965.1746154721964,10,1.0,None,"LINESTRING (82279.8125 446951.5625, 82094.1171875 447569.5, 82119.0546875 447773.96875, 82477.9140625 448018.28125, 82734.625 448216.4375)",1200.0,9.722222222222221,4.166666666666667,99.27510330571164,1.0,1200.0,1200.0,9.722222222222221,4.166666666666667,231.6419077133271,99.27510330571164,231.6419077133271,99999,0.15,4,0,0,965.1746154721964,20.040303158058126
988,116151,5013,6801,392.50942353952087,10,1.0,None,"LINESTRING (82288.890625 446919.34375, 82398.6171875 447002.6875, 82496.5 446843.90625, 82507.6953125 446849.125, 82577.875 446734.9375, 82615.1953125 446684.1875, 82658.484375 446585.65625, 82682.40625 446539.875)",1200.0,9.722222222222221,4.166666666666667,40.37239784977929,1.0,1200.0,1200.0,9.722222222222221,4.166666666666667,94.202261649485,40.37239784977929,94.202261649485,99999,0.15,4,0,0,392.50942353952087,9.161950896363043
989,116152,6801,5013,392.50942353952087,10,1.0,None,"LINESTRING (82288.890625 446919.34375, 82398.6171875 447002.6875, 82496.5 446843.90625, 82507.6953125 446849.125, 82577.875 446734.9375, 82615.1953125 446684.1875, 82658.484375 446585.65625, 82682.40625 446539.875)",1200.0,9.722222222222221,4.166666666666667,40.37239784977929,1.0,1200.0,1200.0,9.722222222222221,4.166666666666667,94.202261649485,40.37239784977929,94.202261649485,99999,0.15,4,0,0,392.50942353952087,9.161950896363043
990,116161,6734,6736,414.2209420968008,10,1.0,None,"LINESTRING (82279.8125 446951.5625, 82401.9140625 447042.25, 82737.46875 447302.78125)",1200.0,9.722222222222221,4.166666666666667,42.60558261567094,1.0,1200.0,1200.0,9.722222222222221,4.166666666666667,99.41302610323218,42.60558261567094,99.41302610323218,99999,0.15,4,0,0,414.2209420968008,38.13476172347437
991,116162,6736,6734,414.2209420968008,10,1.0,None,"LINESTRING (82279.8125 446951.5625, 82401.9140625 447042.25, 82737.46875 447302.78125)",1200.0,9.722222222222221,4.166666666666667,42.60558261567094,1.0,1200.0,1200.0,9.722222222222221,4.166666666666667,99.41302610323218,42.60558261567094,99.41302610323218,99999,0.15,4,0,0,414.2209420968008,38.13476172347437
992,116171,6740,6743,242.54722822952905,10,1.0,None,"LINESTRING (82959.8984375 447495.15625, 82924.828125 447565.96875, 82832 447686.46875, 82792.859375 447739.4375, 82776.3984375 447778.75)",1200.0,9.722222222222221,4.166666666666667,24.947714903608706,1.0,1200.0,1200.0,9.722222222222221,4.166666666666667,58.21133477508697,24.947714903608706,58.21133477508697,99999,0.15,4,0,0,242.54722822952905,7.029538677639037
993,116172,6743,6740,242.54722822952905,10,1.0,None,"LINESTRING (82959.8984375 447495.15625, 82924.828125 447565.96875, 82832 447686.46875, 82792.859375 447739.4375, 82776.3984375 447778.75)",1200.0,9.722222222222221,4.166666666666667,24.947714903608706,1.0,1200.0,1200.0,9.722222222222221,4.166666666666667,58.21133477508697,24.947714903608706,58.21133477508697,99999,0.15,4,0,0,242.54722822952905,7.029538677639037
994,116181,6743,6749,186.63835843998652,10,1.0,None,"LINESTRING (82776.3984375 447778.75, 82835.3359375 447809.90625, 82926.7265625 447841.21875, 83017.3359375 447876.25)",1200.0,9.722222222222221,4.166666666666667,19.197088296684328,1.0,1200.0,1200.0,9.722222222222221,4.166666666666667,44.79320602559676,19.197088296684328,44.79320602559676,99999,0.15,4,0,0,186.63835843998652,68.0677971081446
995,116182,6749,6743,186.63835843998652,10,1.0,None,"LINESTRING (82776.3984375 447778.75, 82835.3359375 447809.90625, 82926.7265625 447841.21875, 83017.3359375 447876.25)",1200.0,9.722222222222221,4.166666666666667,19.197088296684328,1.0,1200.0,1200.0,9.722222222222221,4.166666666666667,44.79320602559676,19.197088296684328,44.79320602559676,99999,0.15,4,0,0,186.63835843998652,68.0677971081446
996,116191,6746,6757,357.9899330724556,10,1.0,None,"LINESTRING (82734.625 448216.4375, 82824.21875 448089.0625, 82779.3671875 448048.5625, 82703.484375 447985.28125, 82586.5 447913.34375, 82679.6484375 447720.9375)",1200.0,9.722222222222221,4.166666666666667,36.82182168745258,1.0,1200.0,1200.0,9.722222222222221,4.166666666666667,85.91758393738934,36.82182168745258,85.91758393738934,99999,0.15,4,0,0,357.9899330724556,20.30448978670219
997,116192,6757,6746,357.9899330724556,10,1.0,None,"LINESTRING (82734.625 448216.4375, 82824.21875 448089.0625, 82779.3671875 448048.5625, 82703.484375 447985.28125, 82586.5 447913.34375, 82679.6484375 447720.9375)",1200.0,9.722222222222221,4.166666666666667,36.82182168745258,1.0,1200.0,1200.0,9.722222222222221,4.166666666666667,85.91758393738934,36.82182168745258,85.91758393738934,99999,0.15,4,0,0,357.9899330724556,20.30448978670219
998,116201,6737,6740,165.94679830109283,10,1.0,None,"LINESTRING (83135.609375 447345.03125, 83069.0546875 447467.9375, 83035.515625 447545.21875, 82959.8984375 447495.15625)",1200.0,9.722222222222221,4.166666666666667,17.06881353954098,1.0,1200.0,1200.0,9.722222222222221,4.166666666666667,39.82723159226227,17.06881353954098,39.82723159226227,99999,0.15,4,0,0,165.94679830109283,5.452565191620653
999,116202,6740,6737,165.94679830109283,10,1.0,None,"LINESTRING (83135.609375 447345.03125, 83069.0546875 447467.9375, 83035.515625 447545.21875, 82959.8984375 447495.15625)",1200.0,9.722222222222221,4.166666666666667,17.06881353954098,1.0,1200.0,1200.0,9.722222222222221,4.166666666666667,39.82723159226227,17.06881353954098,39.82723159226227,99999,0.15,4,0,0,165.94679830109283,5.452565191620653
1000,116221,5013,6802,364.4962063585906,10,1.0,None,"LINESTRING (82288.890625 446919.34375, 82344.984375 446732.09375, 82427.484375 446430.96875)",1200.0,9.722222222222221,4.166666666666667,37.49103836831218,1.0,1200.0,1200.0,9.722222222222221,4.166666666666667,87.47908952606174,37.49103836831218,87.47908952606174,99999,0.15,4,0,0,364.4962063585906,0.5222556053213776
1001,116222,6802,5013,364.4962063585906,10,1.0,None,"LINESTRING (82288.890625 446919.34375, 82344.984375 446732.09375, 82427.484375 446430.96875)",1200.0,9.722222222222221,4.166666666666667,37.49103836831218,1.0,1200.0,1200.0,9.722222222222221,4.166666666666667,87.47908952606174,37.49103836831218,87.47908952606174,99999,0.15,4,0,0,364.4962063585906,0.5222556053213776
1002,116231,6787,6801,172.26569718544542,10,1.0,None,"LINESTRING (82905.15625 446450.71875, 82821.0078125 446598.4375, 82792.8671875 446603.5625, 82682.40625 446539.875)",1200.0,9.722222222222221,4.166666666666667,17.718757424788674,1.0,1200.0,1200.0,9.722222222222221,4.166666666666667,41.3437673245069,17.718757424788674,41.3437673245069,99999,0.15,4,0,0,172.26569718544542,0.22667496573421228
1003,116232,6801,6787,172.26569718544542,10,1.0,None,"LINESTRING (82905.15625 446450.71875, 82821.0078125 446598.4375, 82792.8671875 446603.5625, 82682.40625 446539.875)",1200.0,9.722222222222221,4.166666666666667,17.718757424788674,1.0,1200.0,1200.0,9.722222222222221,4.166666666666667,41.3437673245069,17.718757424788674,41.3437673245069,99999,0.15,4,0,0,172.26569718544542,0.22667496573421228
1004,116241,5016,5259,152.7560482399658,10,1.0,None,"LINESTRING (83143.6953125 446921.40625, 83246.9140625 446746.5, 83329.5546875 446817.875)",1200.0,9.722222222222221,4.166666666666667,15.712050676110769,1.0,1200.0,1200.0,9.722222222222221,4.166666666666667,36.66145157759179,15.712050676110769,36.66145157759179,99999,0.15,4,0,0,152.7560482399658,8.075678647988324
1005,116242,5259,5016,152.7560482399658,10,1.0,None,"LINESTRING (83143.6953125 446921.40625, 83246.9140625 446746.5, 83329.5546875 446817.875)",1200.0,9.722222222222221,4.166666666666667,15.712050676110769,1.0,1200.0,1200.0,9.722222222222221,4.166666666666667,36.66145157759179,15.712050676110769,36.66145157759179,99999,0.15,4,0,0,152.7560482399658,8.075678647988324
1006,116271,6715,7076,174.25930735382093,8,1.0,cycle_path,"LINESTRING (83370.7578125 446234.65625, 83367.3046875 446289.3125, 83328.125 446381.40625, 83285.0234375 446461.71875)",1800.0,13.88888888888889,4.166666666666667,12.546670129475107,1.0,1800.0,1800.0,13.88888888888889,4.166666666666667,41.82223376491702,12.546670129475107,41.82223376491702,99999,0.15,4,0,0,174.25930735382093,57.961965239653544
1007,116272,7076,6715,174.25930735382093,8,1.0,cycle_path,"LINESTRING (83370.7578125 446234.65625, 83367.3046875 446289.3125, 83328.125 446381.40625, 83285.0234375 446461.71875)",1800.0,13.88888888888889,4.166666666666667,12.546670129475107,1.0,1800.0,1800.0,13.88888888888889,4.166666666666667,41.82223376491702,12.546670129475107,41.82223376491702,99999,0.15,4,0,0,174.25930735382093,57.961965239653544
1008,116281,6784,7076,103.85594649477926,8,1.0,cycle_path,"LINESTRING (83217 446589.375, 83285.0234375 446461.71875)",1800.0,13.88888888888889,4.166666666666667,7.477628147624107,1.0,1800.0,1800.0,13.88888888888889,4.166666666666667,24.92542715874702,7.477628147624107,24.92542715874702,99999,0.15,4,0,0,103.85594649477926,31.115332858226775
1009,116282,7076,6784,103.85594649477926,8,1.0,cycle_path,"LINESTRING (83217 446589.375, 83285.0234375 446461.71875)",1800.0,13.88888888888889,4.166666666666667,7.477628147624107,1.0,1800.0,1800.0,13.88888888888889,4.166666666666667,24.92542715874702,7.477628147624107,24.92542715874702,99999,0.15,4,0,0,103.85594649477926,31.115332858226775
1010,116311,6778,7076,273.43084930659313,10,1.0,None,"LINESTRING (83475.640625 446791.40625, 83517.953125 446720.6875, 83550.375 446666.6875, 83375.1484375 446546.96875, 83359.46875 446510.71875, 83285.0234375 446461.71875)",1200.0,9.722222222222221,4.166666666666667,28.124315928678154,1.0,1200.0,1200.0,9.722222222222221,4.166666666666667,65.62340383358234,28.124315928678154,65.62340383358234,99999,0.15,4,0,0,273.43084930659313,2.6489460921337193
1011,116312,7076,6778,273.43084930659313,10,1.0,None,"LINESTRING (83475.640625 446791.40625, 83517.953125 446720.6875, 83550.375 446666.6875, 83375.1484375 446546.96875, 83359.46875 446510.71875, 83285.0234375 446461.71875)",1200.0,9.722222222222221,4.166666666666667,28.124315928678154,1.0,1200.0,1200.0,9.722222222222221,4.166666666666667,65.62340383358234,28.124315928678154,65.62340383358234,99999,0.15,4,0,0,273.43084930659313,2.6489460921337193
1012,116321,7061,7063,234.70836088948502,10,1.0,None,"LINESTRING (83868.328125 447103.15625, 84048.796875 447244.96875, 84127.578125 447302.25)",1200.0,9.722222222222221,4.166666666666667,24.141431405775606,1.0,1200.0,1200.0,9.722222222222221,4.166666666666667,56.3300066134764,24.141431405775606,56.3300066134764,99999,0.15,4,0,0,234.70836088948502,1.0464926751038122
1013,116322,7063,7061,234.70836088948502,16,,cycle_path,"LINESTRING (83868.328125 447103.15625, 84048.796875 447244.96875, 84127.578125 447302.25)",,,4.166666666666667,,,,,,4.166666666666667,56.3300066134764,,56.3300066134764,99999,0.15,4,0,0,234.70836088948502,1.0464926751038122
1014,116331,6525,6775,187.53378507605868,10,1.0,None,"LINESTRING (83639.53125 447093.4375, 83530.2890625 447006.28125, 83571.84375 446931.46875, 83571.84375 446904.15625, 83519.3203125 446861.5625)",1200.0,9.722222222222221,4.166666666666667,19.289189322108893,1.0,1200.0,1200.0,9.722222222222221,4.166666666666667,45.00810841825408,19.289189322108893,45.00810841825408,99999,0.15,4,0,0,187.53378507605868,7.858868669800337
1015,116332,6775,6525,187.53378507605868,10,1.0,None,"LINESTRING (83639.53125 447093.4375, 83530.2890625 447006.28125, 83571.84375 446931.46875, 83571.84375 446904.15625, 83519.3203125 446861.5625)",1200.0,9.722222222222221,4.166666666666667,19.289189322108893,1.0,1200.0,1200.0,9.722222222222221,4.166666666666667,45.00810841825408,19.289189322108893,45.00810841825408,99999,0.15,4,0,0,187.53378507605868,7.858868669800337
1016,116341,6525,7077,114.14644109019507,11,1.0,cycle_path,"LINESTRING (83639.53125 447093.4375, 83572.515625 447237.59375)",1500.0,11.11111111111111,4.166666666666667,10.273179698117557,1.0,1500.0,1500.0,11.11111111111111,4.166666666666667,27.395145861646814,10.273179698117557,27.395145861646814,99999,0.15,4,0,0,114.14644109019507,0.0
1017,116342,7077,6525,114.14644109019507,11,1.0,cycle_path,"LINESTRING (83639.53125 447093.4375, 83572.515625 447237.59375)",1500.0,11.11111111111111,4.166666666666667,10.273179698117557,1.0,1500.0,1500.0,11.11111111111111,4.166666666666667,27.395145861646814,10.273179698117557,27.395145861646814,99999,0.15,4,0,0,114.14644109019507,0.0
1018,116351,6766,7077,213.01444881994516,11,1.0,cycle_path,"LINESTRING (83584.7890625 447534, 83572.703125 447428.03125, 83564.4609375 447336.0625, 83572.515625 447237.59375)",1500.0,11.11111111111111,4.166666666666667,19.171300393795065,1.0,1500.0,1500.0,11.11111111111111,4.166666666666667,51.123467716786834,19.171300393795065,51.123467716786834,99999,0.15,4,0,0,213.01444881994516,0.6652650943499969
1019,116352,7077,6766,213.01444881994516,11,1.0,cycle_path,"LINESTRING (83584.7890625 447534, 83572.703125 447428.03125, 83564.4609375 447336.0625, 83572.515625 447237.59375)",1500.0,11.11111111111111,4.166666666666667,19.171300393795065,1.0,1500.0,1500.0,11.11111111111111,4.166666666666667,51.123467716786834,19.171300393795065,51.123467716786834,99999,0.15,4,0,0,213.01444881994516,0.6652650943499969
1020,116361,6497,6516,304.950461572681,10,1.0,None,"LINESTRING (83762.828125 447696.84375, 83914.96875 447815.90625, 84119.8046875 447466.78125)",1200.0,9.722222222222221,4.166666666666667,31.366333190332902,1.0,1200.0,1200.0,9.722222222222221,4.166666666666667,73.18811077744343,31.366333190332902,73.18811077744343,99999,0.15,4,0,0,304.950461572681,4.624236707506412
1021,116362,6516,6497,304.950461572681,10,1.0,None,"LINESTRING (83762.828125 447696.84375, 83914.96875 447815.90625, 84119.8046875 447466.78125)",1200.0,9.722222222222221,4.166666666666667,31.366333190332902,1.0,1200.0,1200.0,9.722222222222221,4.166666666666667,73.18811077744343,31.366333190332902,73.18811077744343,99999,0.15,4,0,0,304.950461572681,4.624236707506412
1022,116371,6770,7059,258.67744990457936,6,2.0,None,"LINESTRING (83403.5234375 447125.75, 83441.671875 447064.46875, 83510.4609375 446954.09375, 83597.34375 446822.0625)",4000.0,22.22222222222222,4.166666666666667,11.640485245706072,2.0,2000.0,4000.0,22.22222222222222,4.166666666666667,62.082587977099045,11.640485245706072,62.082587977099045,99999,0.15,4,0,0,258.67744990457936,7.058567805334171
1023,116372,7059,6770,258.67744990457936,6,2.0,None,"LINESTRING (83403.5234375 447125.75, 83441.671875 447064.46875, 83510.4609375 446954.09375, 83597.34375 446822.0625)",4000.0,22.22222222222222,4.166666666666667,11.640485245706072,2.0,2000.0,4000.0,22.22222222222222,4.166666666666667,62.082587977099045,11.640485245706072,62.082587977099045,99999,0.15,4,0,0,258.67744990457936,7.058567805334171
1024,116381,6759,6770,329.0210261705561,6,2.0,None,"LINESTRING (83159.0078125 447513.28125, 83178.078125 447456.09375, 83234.6171875 447345.0625, 83260.5 447305.53125, 83293.1875 447266.0625, 83349.0390625 447196.59375, 83403.5234375 447125.75)",4000.0,22.22222222222222,4.166666666666667,14.805946177675025,2.0,2000.0,4000.0,22.22222222222222,4.166666666666667,78.96504628093346,14.805946177675025,78.96504628093346,99999,0.15,4,0,0,329.0210261705561,37.546934196099286
1025,116382,6770,6759,329.0210261705561,6,2.0,None,"LINESTRING (83159.0078125 447513.28125, 83178.078125 447456.09375, 83234.6171875 447345.0625, 83260.5 447305.53125, 83293.1875 447266.0625, 83349.0390625 447196.59375, 83403.5234375 447125.75)",4000.0,22.22222222222222,4.166666666666667,14.805946177675025,2.0,2000.0,4000.0,22.22222222222222,4.166666666666667,78.96504628093346,14.805946177675025,78.96504628093346,99999,0.15,4,0,0,329.0210261705561,37.546934196099286
1026,116391,6753,6764,208.04468767999853,10,1.0,None,"LINESTRING (83292.4140625 447804.34375, 83136.71875 447752.09375, 83199.0625 447530.0625)",1200.0,9.722222222222221,4.166666666666667,21.39888216137128,1.0,1200.0,1200.0,9.722222222222221,4.166666666666667,49.930725043199644,21.39888216137128,49.930725043199644,99999,0.15,4,0,0,208.04468767999853,13.309004045091635
1027,116392,6764,6753,208.04468767999853,10,1.0,None,"LINESTRING (83292.4140625 447804.34375, 83136.71875 447752.09375, 83199.0625 447530.0625)",1200.0,9.722222222222221,4.166666666666667,21.39888216137128,1.0,1200.0,1200.0,9.722222222222221,4.166666666666667,49.930725043199644,21.39888216137128,49.930725043199644,99999,0.15,4,0,0,208.04468767999853,13.309004045091635
1028,116401,6751,6753,78.50895778701828,10,1.0,None,"LINESTRING (83274.6171875 447912.21875, 83277.953125 447865.53125, 83292.4140625 447804.34375)",1200.0,9.722222222222221,4.166666666666667,8.075207086664738,1.0,1200.0,1200.0,9.722222222222221,4.166666666666667,18.842149868884384,8.075207086664738,18.842149868884384,99999,0.15,4,0,0,78.50895778701828,23.099230717870277
1029,116402,6753,6751,78.50895778701828,10,1.0,None,"LINESTRING (83274.6171875 447912.21875, 83277.953125 447865.53125, 83292.4140625 447804.34375)",1200.0,9.722222222222221,4.166666666666667,8.075207086664738,1.0,1200.0,1200.0,9.722222222222221,4.166666666666667,18.842149868884384,8.075207086664738,18.842149868884384,99999,0.15,4,0,0,78.50895778701828,23.099230717870277
1030,116431,6490,6491,835.7993776695299,10,1.0,None,"LINESTRING (83660.734375 448969.3125, 83460.5390625 448821.3125, 83263.5625 448661.6875, 82986.78125 448452.25, 82739.1328125 448258.5)",1200.0,9.722222222222221,4.166666666666667,85.96793598886595,1.0,1200.0,1200.0,9.722222222222221,4.166666666666667,200.59185064068717,85.96793598886595,200.59185064068717,99999,0.15,4,0,0,835.7993776695299,2.4080249473405293
1031,116432,6491,6490,835.7993776695299,10,1.0,None,"LINESTRING (83660.734375 448969.3125, 83460.5390625 448821.3125, 83263.5625 448661.6875, 82986.78125 448452.25, 82739.1328125 448258.5)",1200.0,9.722222222222221,4.166666666666667,85.96793598886595,1.0,1200.0,1200.0,9.722222222222221,4.166666666666667,200.59185064068717,85.96793598886595,200.59185064068717,99999,0.15,4,0,0,835.7993776695299,2.4080249473405293
1032,116451,6447,6490,486.2725875936711,10,1.0,None,"LINESTRING (84002.5078125 448384.75, 83965.9609375 448407.34375, 83937.6484375 448428.875, 83901.15625 448419.9375, 83868.1171875 448412.65625, 83813.5625 448563.5, 83760.03125 448703.8125, 83679.7421875 448735.4375, 83673.2578125 448763, 83703.265625 448829.5, 83660.734375 448969.3125)",1200.0,9.722222222222221,4.166666666666667,50.01660900963475,1.0,1200.0,1200.0,9.722222222222221,4.166666666666667,116.70542102248106,50.01660900963475,116.70542102248106,99999,0.15,4,0,0,486.2725875936711,26.606628798637626
1033,116452,6490,6447,486.2725875936711,10,1.0,None,"LINESTRING (84002.5078125 448384.75, 83965.9609375 448407.34375, 83937.6484375 448428.875, 83901.15625 448419.9375, 83868.1171875 448412.65625, 83813.5625 448563.5, 83760.03125 448703.8125, 83679.7421875 448735.4375, 83673.2578125 448763, 83703.265625 448829.5, 83660.734375 448969.3125)",1200.0,9.722222222222221,4.166666666666667,50.01660900963475,1.0,1200.0,1200.0,9.722222222222221,4.166666666666667,116.70542102248106,50.01660900963475,116.70542102248106,99999,0.15,4,0,0,486.2725875936711,26.606628798637626
1034,116481,5002,6451,639.370198041086,10,1.0,None,"LINESTRING (83994.7734375 448646.78125, 83890.078125 448660.90625, 83837.96875 448688.71875, 83767.3125 448769.75, 83730.8203125 448865.96875, 83709.2890625 448963.875, 83655.65625 449187.46875, 83635.78125 449461.5)",1200.0,9.722222222222221,4.166666666666667,65.76379179851172,1.0,1200.0,1200.0,9.722222222222221,4.166666666666667,153.44884752986064,65.76379179851172,153.44884752986064,99999,0.15,4,0,0,639.370198041086,5.498756628656584
1035,116482,6451,5002,639.370198041086,10,1.0,None,"LINESTRING (83994.7734375 448646.78125, 83890.078125 448660.90625, 83837.96875 448688.71875, 83767.3125 448769.75, 83730.8203125 448865.96875, 83709.2890625 448963.875, 83655.65625 449187.46875, 83635.78125 449461.5)",1200.0,9.722222222222221,4.166666666666667,65.76379179851172,1.0,1200.0,1200.0,9.722222222222221,4.166666666666667,153.44884752986064,65.76379179851172,153.44884752986064,99999,0.15,4,0,0,639.370198041086,5.498756628656584
1036,116491,6479,6483,371.4851057415876,10,1.0,None,"LINESTRING (84893.328125 448756.5, 84914.7578125 448712.75, 84925.4765625 448720.5, 84996.5546875 448600.71875, 85065.6796875 448482.875, 85025.7578125 448436.1875, 84931.3046875 448369.96875, 84834.9140625 448305.71875, 84835.8828125 448270.625, 84820.3046875 448244.375)",1200.0,9.722222222222221,4.166666666666667,38.2098965905633,1.0,1200.0,1200.0,9.722222222222221,4.166666666666667,89.15642537798101,38.2098965905633,89.15642537798101,99999,0.15,4,0,0,371.4851057415876,50.091872420737246
1037,116492,6483,6479,371.4851057415876,10,1.0,None,"LINESTRING (84893.328125 448756.5, 84914.7578125 448712.75, 84925.4765625 448720.5, 84996.5546875 448600.71875, 85065.6796875 448482.875, 85025.7578125 448436.1875, 84931.3046875 448369.96875, 84834.9140625 448305.71875, 84835.8828125 448270.625, 84820.3046875 448244.375)",1200.0,9.722222222222221,4.166666666666667,38.2098965905633,1.0,1200.0,1200.0,9.722222222222221,4.166666666666667,89.15642537798101,38.2098965905633,89.15642537798101,99999,0.15,4,0,0,371.4851057415876,50.091872420737246
1038,116511,6531,6558,152.07953733566004,10,1.0,None,"LINESTRING (84492.53125 447195.875, 84541.3125 447072.46875, 84558.8359375 446994.71875)",1200.0,9.722222222222221,4.166666666666667,15.642466697382176,1.0,1200.0,1200.0,9.722222222222221,4.166666666666667,36.4990889605584,15.642466697382176,36.4990889605584,99999,0.15,4,0,0,152.07953733566004,6.454641159655466
1039,116512,6558,6531,152.07953733566004,10,1.0,None,"LINESTRING (84492.53125 447195.875, 84541.3125 447072.46875, 84558.8359375 446994.71875)",1200.0,9.722222222222221,4.166666666666667,15.642466697382176,1.0,1200.0,1200.0,9.722222222222221,4.166666666666667,36.4990889605584,15.642466697382176,36.4990889605584,99999,0.15,4,0,0,152.07953733566004,6.454641159655466
1040,116521,6562,6588,180.75912404897568,10,1.0,None,"LINESTRING (84856.1015625 447379.65625, 84879.625 447323.46875, 84991.9921875 447397.9375, 85045.5625 447441.09375, 85092.6015625 447465.90625)",1200.0,9.722222222222221,4.166666666666667,18.5923670450375,1.0,1200.0,1200.0,9.722222222222221,4.166666666666667,43.38218977175416,18.5923670450375,43.38218977175416,99999,0.15,4,0,0,180.75912404897568,56.38718979381662
1041,116522,6588,6562,180.75912404897568,10,1.0,None,"LINESTRING (84856.1015625 447379.65625, 84879.625 447323.46875, 84991.9921875 447397.9375, 85045.5625 447441.09375, 85092.6015625 447465.90625)",1200.0,9.722222222222221,4.166666666666667,18.5923670450375,1.0,1200.0,1200.0,9.722222222222221,4.166666666666667,43.38218977175416,18.5923670450375,43.38218977175416,99999,0.15,4,0,0,180.75912404897568,56.38718979381662
1042,116531,6673,6680,645.3029530935976,11,1.0,cycle_path,"LINESTRING (84985.8671875 445185.6875, 84933.4765625 445380.21875, 85070.640625 445420.6875, 85079.6328125 445452.1875, 85050.3984375 445539.875, 85016.6796875 445571.375, 84942.46875 445782.71875, 84841.2734375 446072.8125)",1500.0,11.11111111111111,4.166666666666667,58.07726577842379,1.0,1500.0,1500.0,11.11111111111111,4.166666666666667,154.8727087424634,58.07726577842379,154.8727087424634,99999,0.15,4,0,0,645.3029530935976,18.676094640485104
1043,116532,6680,6673,645.3029530935976,11,1.0,cycle_path,"LINESTRING (84985.8671875 445185.6875, 84933.4765625 445380.21875, 85070.640625 445420.6875, 85079.6328125 445452.1875, 85050.3984375 445539.875, 85016.6796875 445571.375, 84942.46875 445782.71875, 84841.2734375 446072.8125)",1500.0,11.11111111111111,4.166666666666667,58.07726577842379,1.0,1500.0,1500.0,11.11111111111111,4.166666666666667,154.8727087424634,58.07726577842379,154.8727087424634,99999,0.15,4,0,0,645.3029530935976,18.676094640485104
1044,116561,6479,6596,680.3549965338071,8,1.0,cycle_path,"LINESTRING (84893.328125 448756.5, 84967.3515625 448800.5625, 84978.609375 448787.125, 85063.8203125 448788.75, 85081.9609375 448798.59375, 85185.7109375 448622.46875, 85558.4765625 448535.59375, 85616.3828125 448447.53125, 85692.390625 448314.84375, 85709.28125 448275.03125)",1800.0,13.88888888888889,4.166666666666667,48.98555975043411,1.0,1800.0,1800.0,13.88888888888889,4.166666666666667,163.2851991681137,48.98555975043411,163.2851991681137,99999,0.15,4,0,0,680.3549965338071,100.0
1045,116562,6596,6479,680.3549965338071,8,1.0,cycle_path,"LINESTRING (84893.328125 448756.5, 84967.3515625 448800.5625, 84978.609375 448787.125, 85063.8203125 448788.75, 85081.9609375 448798.59375, 85185.7109375 448622.46875, 85558.4765625 448535.59375, 85616.3828125 448447.53125, 85692.390625 448314.84375, 85709.28125 448275.03125)",1800.0,13.88888888888889,4.166666666666667,48.98555975043411,1.0,1800.0,1800.0,13.88888888888889,4.166666666666667,163.2851991681137,48.98555975043411,163.2851991681137,99999,0.15,4,0,0,680.3549965338071,100.0
1046,116571,6599,6617,577.6914717614729,8,1.0,cycle_path,"LINESTRING (86040.53125 447851.28125, 86085.75 447802.8125, 86149.296875 447751.28125, 86225.2109375 447703.40625, 86239.015625 447661.96875, 86426.8125 447145.5625)",1800.0,13.88888888888889,4.166666666666667,41.59378596682605,1.0,1800.0,1800.0,13.88888888888889,4.166666666666667,138.6459532227535,41.59378596682605,138.6459532227535,99999,0.15,4,0,0,577.6914717614729,96.30757311600591
1047,116572,6617,6599,577.6914717614729,8,1.0,cycle_path,"LINESTRING (86040.53125 447851.28125, 86085.75 447802.8125, 86149.296875 447751.28125, 86225.2109375 447703.40625, 86239.015625 447661.96875, 86426.8125 447145.5625)",1800.0,13.88888888888889,4.166666666666667,41.59378596682605,1.0,1800.0,1800.0,13.88888888888889,4.166666666666667,138.6459532227535,41.59378596682605,138.6459532227535,99999,0.15,4,0,0,577.6914717614729,96.30757311600591
1048,116581,6897,6906,357.948467758859,10,1.0,None,"LINESTRING (83235.2109375 443724.65625, 83032.6796875 443666.59375, 82984.203125 443876.3125, 82927.2734375 444116.875)",1200.0,9.722222222222221,4.166666666666667,36.81755668376836,1.0,1200.0,1200.0,9.722222222222221,4.166666666666667,85.90763226212616,36.81755668376836,85.90763226212616,99999,0.15,4,0,0,357.948467758859,41.779774625609576
1049,116582,6906,6897,357.948467758859,10,1.0,None,"LINESTRING (83235.2109375 443724.65625, 83032.6796875 443666.59375, 82984.203125 443876.3125, 82927.2734375 444116.875)",1200.0,9.722222222222221,4.166666666666667,36.81755668376836,1.0,1200.0,1200.0,9.722222222222221,4.166666666666667,85.90763226212616,36.81755668376836,85.90763226212616,99999,0.15,4,0,0,357.948467758859,41.779774625609576
1050,116611,5022,6797,44.106202647247436,10,1.0,None,"LINESTRING (82491.28125 446412.4375, 82434.90625 446388.03125)",1200.0,9.722222222222221,4.166666666666667,4.536637986574022,1.0,1200.0,1200.0,9.722222222222221,4.166666666666667,10.585488635339384,4.536637986574022,10.585488635339384,99999,0.15,4,0,0,44.106202647247436,0.0
1051,116612,6797,5022,44.106202647247436,10,1.0,None,"LINESTRING (82491.28125 446412.4375, 82434.90625 446388.03125)",1200.0,9.722222222222221,4.166666666666667,4.536637986574022,1.0,1200.0,1200.0,9.722222222222221,4.166666666666667,10.585488635339384,4.536637986574022,10.585488635339384,99999,0.15,4,0,0,44.106202647247436,0.0
1052,116621,5022,6799,65.27961754784043,10,1.0,None,"LINESTRING (82491.28125 446412.4375, 82564.4296875 446466.4375)",1200.0,9.722222222222221,4.166666666666667,6.714474947777873,1.0,1200.0,1200.0,9.722222222222221,4.166666666666667,15.667108211481702,6.714474947777873,15.667108211481702,99999,0.15,4,0,0,65.27961754784043,0.0
1053,116622,6799,5022,65.27961754784043,10,1.0,None,"LINESTRING (82491.28125 446412.4375, 82564.4296875 446466.4375)",1200.0,9.722222222222221,4.166666666666667,6.714474947777873,1.0,1200.0,1200.0,9.722222222222221,4.166666666666667,15.667108211481702,6.714474947777873,15.667108211481702,99999,0.15,4,0,0,65.27961754784043,0.0
1054,116651,6922,7078,379.32062054029586,9,2.0,cycle_path,"LINESTRING (83387.234375 444528.84375, 82875.765625 444396.125)",3400.0,13.88888888888889,4.166666666666667,27.311084678901302,2.0,1700.0,3400.0,13.88888888888889,4.166666666666667,91.036948929671,27.311084678901302,91.036948929671,99999,0.15,4,0,0,379.32062054029586,32.462583276965155
1055,116652,7078,6922,379.32062054029586,9,2.0,cycle_path,"LINESTRING (83387.234375 444528.84375, 82875.765625 444396.125)",3400.0,13.88888888888889,4.166666666666667,27.311084678901302,2.0,1700.0,3400.0,13.88888888888889,4.166666666666667,91.036948929671,27.311084678901302,91.036948929671,99999,0.15,4,0,0,379.32062054029586,32.462583276965155
1056,116671,5660,7079,289.6390308814916,10,1.0,None,"LINESTRING (83065.296875 445003.59375, 82878.5703125 444939.15625, 82851.6953125 444914.21875, 82729.59375 444877.09375, 82723.078125 444771.21875, 82751.875 444653.15625, 82831.796875 444674.5625)",1200.0,9.722222222222221,4.166666666666667,29.791443176381993,1.0,1200.0,1200.0,9.722222222222221,4.166666666666667,69.51336741155798,29.791443176381993,69.51336741155798,99999,0.15,4,0,0,289.6390308814916,27.039871608090376
1057,116672,7079,5660,289.6390308814916,10,1.0,None,"LINESTRING (83065.296875 445003.59375, 82878.5703125 444939.15625, 82851.6953125 444914.21875, 82729.59375 444877.09375, 82723.078125 444771.21875, 82751.875 444653.15625, 82831.796875 444674.5625)",1200.0,9.722222222222221,4.166666666666667,29.791443176381993,1.0,1200.0,1200.0,9.722222222222221,4.166666666666667,69.51336741155798,29.791443176381993,69.51336741155798,99999,0.15,4,0,0,289.6390308814916,27.039871608090376
1058,116681,6831,7079,412.66805038188835,10,1.0,None,"LINESTRING (83399.640625 444764.03125, 83180.7265625 444700.96875, 83135.8203125 444722.625, 83019.375 444690.1875, 82978.625 444713.46875, 82831.796875 444674.5625)",1200.0,9.722222222222221,4.166666666666667,42.44585661070852,1.0,1200.0,1200.0,9.722222222222221,4.166666666666667,99.0403320916532,42.44585661070852,99.0403320916532,99999,0.15,4,0,0,412.66805038188835,21.067289155927085
1059,116682,7079,6831,412.66805038188835,10,1.0,None,"LINESTRING (83399.640625 444764.03125, 83180.7265625 444700.96875, 83135.8203125 444722.625, 83019.375 444690.1875, 82978.625 444713.46875, 82831.796875 444674.5625)",1200.0,9.722222222222221,4.166666666666667,42.44585661070852,1.0,1200.0,1200.0,9.722222222222221,4.166666666666667,99.0403320916532,42.44585661070852,99.0403320916532,99999,0.15,4,0,0,412.66805038188835,21.067289155927085
1060,116701,5028,6690,186.48991711596085,11,1.0,cycle_path,"LINESTRING (84786.0078125 444908, 84764.0234375 444912.875, 84735.7109375 444905.21875, 84672.7734375 444886.40625, 84531.8203125 444854.40625)",1500.0,11.11111111111111,4.166666666666667,16.784092540436475,1.0,1500.0,1500.0,11.11111111111111,4.166666666666667,44.7575801078306,16.784092540436475,44.7575801078306,99999,0.15,4,0,0,186.48991711596085,30.64652086280841
1061,116702,6690,5028,186.48991711596085,11,1.0,cycle_path,"LINESTRING (84786.0078125 444908, 84764.0234375 444912.875, 84735.7109375 444905.21875, 84672.7734375 444886.40625, 84531.8203125 444854.40625)",1500.0,11.11111111111111,4.166666666666667,16.784092540436475,1.0,1500.0,1500.0,11.11111111111111,4.166666666666667,44.7575801078306,16.784092540436475,44.7575801078306,99999,0.15,4,0,0,186.48991711596085,30.64652086280841
1062,116711,5028,6867,261.8876053725959,11,1.0,cycle_path,"LINESTRING (84786.0078125 444908, 84810.5859375 444885.5, 84829.5390625 444811.375, 84831.8125 444758.8125, 84846.109375 444710.90625, 84860.578125 444683.5, 84872.6015625 444638.0625, 84887.28125 444557.53125)",1500.0,11.11111111111111,4.166666666666667,23.56988448353363,1.0,1500.0,1500.0,11.11111111111111,4.166666666666667,62.85302528942301,23.56988448353363,62.85302528942301,99999,0.15,4,0,0,261.8876053725959,78.95651284489986
1063,116712,6867,5028,261.8876053725959,11,1.0,cycle_path,"LINESTRING (84786.0078125 444908, 84810.5859375 444885.5, 84829.5390625 444811.375, 84831.8125 444758.8125, 84846.109375 444710.90625, 84860.578125 444683.5, 84872.6015625 444638.0625, 84887.28125 444557.53125)",1500.0,11.11111111111111,4.166666666666667,23.56988448353363,1.0,1500.0,1500.0,11.11111111111111,4.166666666666667,62.85302528942301,23.56988448353363,62.85302528942301,99999,0.15,4,0,0,261.8876053725959,78.95651284489986
1064,116731,6889,6891,307.6224860166953,10,1.0,None,"LINESTRING (83866.0859375 444633.03125, 83837.90625 444621.40625, 83828.515625 444571.59375, 83597.6953125 444507.0625, 83575.203125 444488.34375, 83584.71875 444439.59375, 83569.2578125 444406.28125, 83526.1640625 444372.09375)",1200.0,9.722222222222221,4.166666666666667,31.64116999028866,1.0,1200.0,1200.0,9.722222222222221,4.166666666666667,73.82939664400686,31.64116999028866,73.82939664400686,99999,0.15,4,0,0,307.6224860166953,23.729831508060784
1065,116732,6891,6889,307.6224860166953,10,1.0,None,"LINESTRING (83866.0859375 444633.03125, 83837.90625 444621.40625, 83828.515625 444571.59375, 83597.6953125 444507.0625, 83575.203125 444488.34375, 83584.71875 444439.59375, 83569.2578125 444406.28125, 83526.1640625 444372.09375)",1200.0,9.722222222222221,4.166666666666667,31.64116999028866,1.0,1200.0,1200.0,9.722222222222221,4.166666666666667,73.82939664400686,31.64116999028866,73.82939664400686,99999,0.15,4,0,0,307.6224860166953,23.729831508060784
1066,116781,5259,7080,142.56283534932328,10,1.0,None,"LINESTRING (83329.5546875 446817.875, 83221.625 446984.53125)",1200.0,9.722222222222221,4.166666666666667,14.663605921644681,1.0,1200.0,1200.0,9.722222222222221,4.166666666666667,34.21508048383758,14.663605921644681,34.21508048383758,99999,0.15,4,0,0,142.56283534932328,21.475888686742557
1067,116782,7080,5259,142.56283534932328,10,1.0,None,"LINESTRING (83329.5546875 446817.875, 83221.625 446984.53125)",1200.0,9.722222222222221,4.166666666666667,14.663605921644681,1.0,1200.0,1200.0,9.722222222222221,4.166666666666667,34.21508048383758,14.663605921644681,34.21508048383758,99999,0.15,4,0,0,142.56283534932328,21.475888686742557
1068,116791,5016,7080,72.00854853099857,10,1.0,None,"LINESTRING (83143.6953125 446921.40625, 83221.625 446984.53125)",1200.0,9.722222222222221,4.166666666666667,7.406593563188425,1.0,1200.0,1200.0,9.722222222222221,4.166666666666667,17.282051647439655,7.406593563188425,17.282051647439655,99999,0.15,4,0,0,72.00854853099857,100.0
1069,116792,7080,5016,72.00854853099857,10,1.0,None,"LINESTRING (83143.6953125 446921.40625, 83221.625 446984.53125)",1200.0,9.722222222222221,4.166666666666667,7.406593563188425,1.0,1200.0,1200.0,9.722222222222221,4.166666666666667,17.282051647439655,7.406593563188425,17.282051647439655,99999,0.15,4,0,0,72.00854853099857,100.0
1070,116821,6473,7081,33.5733039615745,10,1.0,None,"LINESTRING (84449.03125 448450.34375, 84416.1015625 448417.15625)",1200.0,9.722222222222221,4.166666666666667,3.4532541217619492,1.0,1200.0,1200.0,9.722222222222221,4.166666666666667,8.057592950777881,3.4532541217619492,8.057592950777881,99999,0.15,4,0,0,33.5733039615745,94.07722011469744
1071,116822,7081,6473,33.5733039615745,10,1.0,None,"LINESTRING (84449.03125 448450.34375, 84416.1015625 448417.15625)",1200.0,9.722222222222221,4.166666666666667,3.4532541217619492,1.0,1200.0,1200.0,9.722222222222221,4.166666666666667,8.057592950777881,3.4532541217619492,8.057592950777881,99999,0.15,4,0,0,33.5733039615745,94.07722011469744
1072,116831,6488,7081,214.93961983282406,10,1.0,None,"LINESTRING (84192.9375 448217.6875, 84301.765625 448304.59375, 84411.6796875 448389.625, 84416.1015625 448417.15625)",1200.0,9.722222222222221,4.166666666666667,22.10807518280476,1.0,1200.0,1200.0,9.722222222222221,4.166666666666667,51.58550875987777,22.10807518280476,51.58550875987777,99999,0.15,4,0,0,214.93961983282406,57.36882544381192
1073,116832,7081,6488,214.93961983282406,10,1.0,None,"LINESTRING (84192.9375 448217.6875, 84301.765625 448304.59375, 84411.6796875 448389.625, 84416.1015625 448417.15625)",1200.0,9.722222222222221,4.166666666666667,22.10807518280476,1.0,1200.0,1200.0,9.722222222222221,4.166666666666667,51.58550875987777,22.10807518280476,51.58550875987777,99999,0.15,4,0,0,214.93961983282406,57.36882544381192
1074,116841,6480,7081,167.665483810502,10,1.0,None,"LINESTRING (84544.703125 448222.28125, 84514.3359375 448284.34375, 84475.8671875 448344.40625, 84416.1015625 448417.15625)",1200.0,9.722222222222221,4.166666666666667,17.245592620508777,1.0,1200.0,1200.0,9.722222222222221,4.166666666666667,40.239716114520476,17.245592620508777,40.239716114520476,99999,0.15,4,0,0,167.665483810502,22.498283277040166
1075,116842,7081,6480,167.665483810502,10,1.0,None,"LINESTRING (84544.703125 448222.28125, 84514.3359375 448284.34375, 84475.8671875 448344.40625, 84416.1015625 448417.15625)",1200.0,9.722222222222221,4.166666666666667,17.245592620508777,1.0,1200.0,1200.0,9.722222222222221,4.166666666666667,40.239716114520476,17.245592620508777,40.239716114520476,99999,0.15,4,0,0,167.665483810502,22.498283277040166
1076,117111,12,7077,59.15854826824828,12,,None,"LINESTRING (83649.6796875 447266.46875, 83572.515625 447237.59375)",9999.0,4.166666666666667,4.166666666666667,14.198051584379586,,,,4.166666666666667,4.166666666666667,14.198051584379586,14.198051584379586,14.198051584379586,99999,0.15,4,0,0,59.15854826824828,0.0
1077,117112,7077,12,59.15854826824828,12,,None,"LINESTRING (83649.6796875 447266.46875, 83572.515625 447237.59375)",9999.0,4.166666666666667,4.166666666666667,14.198051584379586,,,,4.166666666666667,4.166666666666667,14.198051584379586,14.198051584379586,14.198051584379586,99999,0.15,4,0,0,59.15854826824828,0.0
1078,117121,19,6906,220.41864935750715,12,,None,"LINESTRING (83076.39417873915 443848.4507972683, 82927.2734375 444116.875)",9999.0,4.166666666666667,4.166666666666667,52.900475845801715,,,,4.166666666666667,4.166666666666667,52.900475845801715,52.900475845801715,52.900475845801715,99999,0.15,4,0,0,220.41864935750715,23.879609651687655
1079,117122,6906,19,220.41864935750715,12,,None,"LINESTRING (83076.39417873915 443848.4507972683, 82927.2734375 444116.875)",9999.0,4.166666666666667,4.166666666666667,52.900475845801715,,,,4.166666666666667,4.166666666666667,52.900475845801715,52.900475845801715,52.900475845801715,99999,0.15,4,0,0,220.41864935750715,23.879609651687655
1080,117131,6914,7082,215.6756180520752,9,2.0,cycle_path,"LINESTRING (82458.5078125 444299.5625, 82751.13 444367.69)",3400.0,13.88888888888889,4.166666666666667,15.528644499749415,2.0,1700.0,3400.0,13.88888888888889,4.166666666666667,51.76214833249804,15.528644499749415,51.76214833249804,99999,0.15,4,0,0,215.6756180520752,73.92637059642236
1081,117132,7082,6914,215.6756180520752,9,2.0,cycle_path,"LINESTRING (82458.5078125 444299.5625, 82751.13 444367.69)",3400.0,13.88888888888889,4.166666666666667,15.528644499749415,2.0,1700.0,3400.0,13.88888888888889,4.166666666666667,51.76214833249804,15.528644499749415,51.76214833249804,99999,0.15,4,0,0,215.6756180520752,73.92637059642236
1082,117141,7078,7082,91.76861332470546,9,2.0,cycle_path,"LINESTRING (82875.765625 444396.125, 82751.13 444367.69)",3400.0,13.88888888888889,4.166666666666667,6.607340159378793,2.0,1700.0,3400.0,13.88888888888889,4.166666666666667,22.024467197929308,6.607340159378793,22.024467197929308,99999,0.15,4,0,0,91.76861332470546,74.2315525390855
1083,117142,7082,7078,91.76861332470546,9,2.0,cycle_path,"LINESTRING (82875.765625 444396.125, 82751.13 444367.69)",3400.0,13.88888888888889,4.166666666666667,6.607340159378793,2.0,1700.0,3400.0,13.88888888888889,4.166666666666667,22.024467197929308,6.607340159378793,22.024467197929308,99999,0.15,4,0,0,91.76861332470546,74.2315525390855
1084,117151,6449,7084,403.10658890984246,10,1.0,None,"LINESTRING (84131.1875 449717.78125, 84092.9765625 449746.875, 83668.1796875 449913.28125, 83603.0703125 449907.84375)",1200.0,9.722222222222221,4.166666666666667,41.46239200215523,1.0,1200.0,1200.0,9.722222222222221,4.166666666666667,96.74558133836219,41.46239200215523,96.74558133836219,99999,0.15,4,0,0,403.10658890984246,0.0
1085,117152,7084,6449,403.10658890984246,10,1.0,None,"LINESTRING (84131.1875 449717.78125, 84092.9765625 449746.875, 83668.1796875 449913.28125, 83603.0703125 449907.84375)",1200.0,9.722222222222221,4.166666666666667,41.46239200215523,1.0,1200.0,1200.0,9.722222222222221,4.166666666666667,96.74558133836219,41.46239200215523,96.74558133836219,99999,0.15,4,0,0,403.10658890984246,0.0
1086,117161,6451,7084,321.4179974893838,10,1.0,None,"LINESTRING (83635.78125 449461.5, 83617.3203125 449746.96875, 83603.0703125 449907.84375)",1200.0,9.722222222222221,4.166666666666667,33.06013688462234,1.0,1200.0,1200.0,9.722222222222221,4.166666666666667,77.14031939745212,33.06013688462234,77.14031939745212,99999,0.15,4,0,0,321.4179974893838,0.0
1087,117162,7084,6451,321.4179974893838,10,1.0,None,"LINESTRING (83635.78125 449461.5, 83617.3203125 449746.96875, 83603.0703125 449907.84375)",1200.0,9.722222222222221,4.166666666666667,33.06013688462234,1.0,1200.0,1200.0,9.722222222222221,4.166666666666667,77.14031939745212,33.06013688462234,77.14031939745212,99999,0.15,4,0,0,321.4179974893838,0.0
1088,117171,7083,7084,271.36459955797324,11,1.0,cycle_path,"LINESTRING (83569.5546875 450284.1875, 83603.0703125 449907.84375)",1500.0,11.11111111111111,4.166666666666667,24.422813960217592,1.0,1500.0,1500.0,11.11111111111111,4.166666666666667,65.12750389391357,24.422813960217592,65.12750389391357,99999,0.15,4,0,0,271.36459955797324,0.0
1089,117172,7084,7083,271.36459955797324,11,1.0,cycle_path,"LINESTRING (83569.5546875 450284.1875, 83603.0703125 449907.84375)",1500.0,11.11111111111111,4.166666666666667,24.422813960217592,1.0,1500.0,1500.0,11.11111111111111,4.166666666666667,65.12750389391357,24.422813960217592,65.12750389391357,99999,0.15,4,0,0,271.36459955797324,0.0
1090,117181,1,7083,101.47172859119698,12,,None,"LINESTRING (83514.3828125 450414.25, 83569.5546875 450284.1875)",9999.0,11.11111111111111,4.166666666666667,9.132455573207729,,,,11.11111111111111,4.166666666666667,24.353214861887274,9.132455573207729,24.353214861887274,99999,0.15,4,0,0,101.47172859119698,0.0
1091,117182,7083,1,101.47172859119698,12,,None,"LINESTRING (83514.3828125 450414.25, 83569.5546875 450284.1875)",9999.0,11.11111111111111,4.166666666666667,9.132455573207729,,,,11.11111111111111,4.166666666666667,24.353214861887274,9.132455573207729,24.353214861887274,99999,0.15,4,0,0,101.47172859119698,0.0
1092,117191,18,6656,140.46620246896532,12,,None,"LINESTRING (85631.5234375 446012.84375, 85537.9375 445841.03125)",9999.0,4.166666666666667,4.166666666666667,33.711888592551674,,,,4.166666666666667,4.166666666666667,33.711888592551674,33.711888592551674,33.711888592551674,99999,0.15,4,0,0,140.46620246896532,100.0
1093,117192,6656,18,140.46620246896532,12,,None,"LINESTRING (85631.5234375 446012.84375, 85537.9375 445841.03125)",9999.0,4.166666666666667,4.166666666666667,33.711888592551674,,,,4.166666666666667,4.166666666666667,33.711888592551674,33.711888592551674,33.711888592551674,99999,0.15,4,0,0,140.46620246896532,100.0
1094,117211,6661,7094,98.4534020381546,10,1.0,None,"LINESTRING (85856.3 445098.38, 85810.1796875 445227.53125)",1200.0,9.722222222222221,4.166666666666667,10.126635638210187,1.0,1200.0,1200.0,9.722222222222221,4.166666666666667,23.6288164891571,10.126635638210187,23.6288164891571,99999,0.15,4,0,0,98.4534020381546,49.43997896707844
1095,117212,7094,6661,98.4534020381546,10,1.0,None,"LINESTRING (85856.3 445098.38, 85810.1796875 445227.53125)",1200.0,9.722222222222221,4.166666666666667,10.126635638210187,1.0,1200.0,1200.0,9.722222222222221,4.166666666666667,23.6288164891571,10.126635638210187,23.6288164891571,99999,0.15,4,0,0,98.4534020381546,49.43997896707844
1096,117251,14,6654,250.72536705371823,12,,None,"LINESTRING (85991.516349288 446364.2944520758, 85787.328125 446081)",9999.0,4.166666666666667,4.166666666666667,60.17408809289237,,,,4.166666666666667,4.166666666666667,60.17408809289237,60.17408809289237,60.17408809289237,99999,0.15,4,0,0,250.72536705371823,77.54350295573829
1097,117252,6654,14,250.72536705371823,12,,None,"LINESTRING (85991.516349288 446364.2944520758, 85787.328125 446081)",9999.0,4.166666666666667,4.166666666666667,60.17408809289237,,,,4.166666666666667,4.166666666666667,60.17408809289237,60.17408809289237,60.17408809289237,99999,0.15,4,0,0,250.72536705371823,77.54350295573829
1098,117261,14,6623,373.355875327367,12,,None,"LINESTRING (85991.516349288 446364.2944520758, 85757.8125 446828.8125)",9999.0,4.166666666666667,4.166666666666667,89.60541007856808,,,,4.166666666666667,4.166666666666667,89.60541007856808,89.60541007856808,89.60541007856808,99999,0.15,4,0,0,373.355875327367,26.672404599420947
1099,117262,6623,14,373.355875327367,12,,None,"LINESTRING (85991.516349288 446364.2944520758, 85757.8125 446828.8125)",9999.0,4.166666666666667,4.166666666666667,89.60541007856808,,,,4.166666666666667,4.166666666666667,89.60541007856808,89.60541007856808,89.60541007856808,99999,0.15,4,0,0,373.355875327367,26.672404599420947
1100,117311,6906,7095,81.34732734432248,10,1.0,None,"LINESTRING (82927.2734375 444116.875, 82887.78125 444223.09375)",1200.0,9.722222222222221,4.166666666666667,8.367153669701741,1.0,1200.0,1200.0,9.722222222222221,4.166666666666667,19.523358562637394,8.367153669701741,19.523358562637394,99999,0.15,4,0,0,81.34732734432248,11.088763934634963
1101,117312,7095,6906,81.34732734432248,10,1.0,None,"LINESTRING (82927.2734375 444116.875, 82887.78125 444223.09375)",1200.0,9.722222222222221,4.166666666666667,8.367153669701741,1.0,1200.0,1200.0,9.722222222222221,4.166666666666667,19.523358562637394,8.367153669701741,19.523358562637394,99999,0.15,4,0,0,81.34732734432248,11.088763934634963
1102,117321,6908,7095,107.71532796740142,10,1.0,None,"LINESTRING (83021.90625 444290.375, 82893.1875 444258.8125, 82885.5546875 444243.0625, 82887.78125 444223.09375)",1200.0,9.722222222222221,4.166666666666667,11.079290876647004,1.0,1200.0,1200.0,9.722222222222221,4.166666666666667,25.85167871217634,11.079290876647004,25.85167871217634,99999,0.15,4,0,0,107.71532796740142,2.55639560519978
1103,117322,7095,6908,107.71532796740142,10,1.0,None,"LINESTRING (83021.90625 444290.375, 82893.1875 444258.8125, 82885.5546875 444243.0625, 82887.78125 444223.09375)",1200.0,9.722222222222221,4.166666666666667,11.079290876647004,1.0,1200.0,1200.0,9.722222222222221,4.166666666666667,25.85167871217634,11.079290876647004,25.85167871217634,99999,0.15,4,0,0,107.71532796740142,2.55639560519978
1104,117331,7082,7095,142.81612845308874,11,1.0,cycle_path,"LINESTRING (82751.13 444367.69, 82760.546875 444329.9375, 82779.5234375 444298.3125, 82845.609375 444254.71875, 82887.78125 444223.09375)",1500.0,11.11111111111111,4.166666666666667,12.853451560777987,1.0,1500.0,1500.0,11.11111111111111,4.166666666666667,34.2758708287413,12.853451560777987,34.2758708287413,99999,0.15,4,0,0,142.81612845308874,54.500025124939185
1105,117332,7095,7082,142.81612845308874,11,1.0,cycle_path,"LINESTRING (82751.13 444367.69, 82760.546875 444329.9375, 82779.5234375 444298.3125, 82845.609375 444254.71875, 82887.78125 444223.09375)",1500.0,11.11111111111111,4.166666666666667,12.853451560777987,1.0,1500.0,1500.0,11.11111111111111,4.166666666666667,34.2758708287413,12.853451560777987,34.2758708287413,99999,0.15,4,0,0,142.81612845308874,54.500025124939185
1106,117341,5504,7096,174.71991935903768,10,1.0,None,"LINESTRING (82700.40625 445701.75, 82821.234375 445732.46875, 82934.9296875 445766.75)",1200.0,9.722222222222221,4.166666666666667,17.97119170550102,1.0,1200.0,1200.0,9.722222222222221,4.166666666666667,41.932780646169036,17.97119170550102,41.932780646169036,99999,0.15,4,0,0,174.71991935903768,66.44708038775028
1107,117342,7096,5504,174.71991935903768,10,1.0,None,"LINESTRING (82700.40625 445701.75, 82821.234375 445732.46875, 82934.9296875 445766.75)",1200.0,9.722222222222221,4.166666666666667,17.97119170550102,1.0,1200.0,1200.0,9.722222222222221,4.166666666666667,41.932780646169036,17.97119170550102,41.932780646169036,99999,0.15,4,0,0,174.71991935903768,66.44708038775028
1108,117351,6806,7096,96.21443462557752,10,1.0,None,"LINESTRING (83063.8515625 445803.34375, 82934.9296875 445766.75)",1200.0,9.722222222222221,4.166666666666667,9.89634184720226,1.0,1200.0,1200.0,9.722222222222221,4.166666666666667,23.091464310138605,9.89634184720226,23.091464310138605,99999,0.15,4,0,0,96.21443462557752,59.62881063793735
1109,117352,7096,6806,96.21443462557752,10,1.0,None,"LINESTRING (83063.8515625 445803.34375, 82934.9296875 445766.75)",1200.0,9.722222222222221,4.166666666666667,9.89634184720226,1.0,1200.0,1200.0,9.722222222222221,4.166666666666667,23.091464310138605,9.89634184720226,23.091464310138605,99999,0.15,4,0,0,96.21443462557752,59.62881063793735
1110,117361,15,7096,186.26283942672168,12,,None,"LINESTRING (83044.3984375 445531.53125, 82934.9296875 445766.75)",9999.0,4.166666666666667,4.166666666666667,44.7030814624132,,,,4.166666666666667,4.166666666666667,44.7030814624132,44.7030814624132,44.7030814624132,99999,0.15,4,0,0,186.26283942672168,8.83786194466967
1111,117362,7096,15,186.26283942672168,12,,None,"LINESTRING (83044.3984375 445531.53125, 82934.9296875 445766.75)",9999.0,4.166666666666667,4.166666666666667,44.7030814624132,,,,4.166666666666667,4.166666666666667,44.7030814624132,44.7030814624132,44.7030814624132,99999,0.15,4,0,0,186.26283942672168,8.83786194466967
1112,117371,6686,7097,546.8690721290765,10,1.0,None,"LINESTRING (84663.9375 445194.46875, 84439.9765625 445922.53125)",1200.0,9.722222222222221,4.166666666666667,56.24939027613358,1.0,1200.0,1200.0,9.722222222222221,4.166666666666667,131.24857731097833,56.24939027613358,131.24857731097833,99999,0.15,4,0,0,546.8690721290765,32.44176360741824
1113,117372,7097,6686,546.8690721290765,10,1.0,None,"LINESTRING (84663.9375 445194.46875, 84439.9765625 445922.53125)",1200.0,9.722222222222221,4.166666666666667,56.24939027613358,1.0,1200.0,1200.0,9.722222222222221,4.166666666666667,131.24857731097833,56.24939027613358,131.24857731097833,99999,0.15,4,0,0,546.8690721290765,32.44176360741824
1114,117381,6853,7097,60.97612719259659,10,1.0,None,"LINESTRING (84360.09375 445893.6875, 84439.9765625 445922.53125)",1200.0,9.722222222222221,4.166666666666667,6.271830225524221,1.0,1200.0,1200.0,9.722222222222221,4.166666666666667,14.634270526223181,6.271830225524221,14.634270526223181,99999,0.15,4,0,0,60.97612719259659,6.515393020792394
1115,117382,7097,6853,60.97612719259659,10,1.0,None,"LINESTRING (84360.09375 445893.6875, 84439.9765625 445922.53125)",1200.0,9.722222222222221,4.166666666666667,6.271830225524221,1.0,1200.0,1200.0,9.722222222222221,4.166666666666667,14.634270526223181,6.271830225524221,14.634270526223181,99999,0.15,4,0,0,60.97612719259659,6.515393020792394
1116,117391,16,7097,181.30834808706058,12,,None,"LINESTRING (84268.6484375 445737, 84439.9765625 445922.53125)",9999.0,4.166666666666667,4.166666666666667,43.514003540894535,,,,4.166666666666667,4.166666666666667,43.514003540894535,43.514003540894535,43.514003540894535,99999,0.15,4,0,0,181.30834808706058,9.34997571630789
1117,117392,7097,16,181.30834808706058,12,,None,"LINESTRING (84268.6484375 445737, 84439.9765625 445922.53125)",9999.0,4.166666666666667,4.166666666666667,43.514003540894535,,,,4.166666666666667,4.166666666666667,43.514003540894535,43.514003540894535,43.514003540894535,99999,0.15,4,0,0,181.30834808706058,9.34997571630789
1118,117401,6846,7098,121.83625547821927,10,1.0,None,"LINESTRING (84161.8359375 445586.625, 84245.609375 445611.09375, 84322.078125 445642.5)",1200.0,9.722222222222221,4.166666666666667,12.531729134902555,1.0,1200.0,1200.0,9.722222222222221,4.166666666666667,29.240701314772622,12.531729134902555,29.240701314772622,99999,0.15,4,0,0,121.83625547821927,23.550491905054585
1119,117402,7098,6846,121.83625547821927,10,1.0,None,"LINESTRING (84161.8359375 445586.625, 84245.609375 445611.09375, 84322.078125 445642.5)",1200.0,9.722222222222221,4.166666666666667,12.531729134902555,1.0,1200.0,1200.0,9.722222222222221,4.166666666666667,29.240701314772622,12.531729134902555,29.240701314772622,99999,0.15,4,0,0,121.83625547821927,23.550491905054585
1120,117411,6857,7098,174.47991822919948,10,1.0,None,"LINESTRING (84394.171875 445410.40625, 84364.3046875 445526.65625, 84377.578125 445535, 84365.9609375 445584.78125, 84322.078125 445642.5)",1200.0,9.722222222222221,4.166666666666667,17.94650587500338,1.0,1200.0,1200.0,9.722222222222221,4.166666666666667,41.87518037500787,17.94650587500338,41.87518037500787,99999,0.15,4,0,0,174.47991822919948,26.722212009129166
1121,117412,7098,6857,174.47991822919948,10,1.0,None,"LINESTRING (84394.171875 445410.40625, 84364.3046875 445526.65625, 84377.578125 445535, 84365.9609375 445584.78125, 84322.078125 445642.5)",1200.0,9.722222222222221,4.166666666666667,17.94650587500338,1.0,1200.0,1200.0,9.722222222222221,4.166666666666667,41.87518037500787,17.94650587500338,41.87518037500787,99999,0.15,4,0,0,174.47991822919948,26.722212009129166
1122,117421,16,7098,77.93830042275547,12,,None,"LINESTRING (84268.6484375 445737, 84322.078125 445642.5)",9999.0,4.166666666666667,4.166666666666667,18.705192101461314,,,,4.166666666666667,4.166666666666667,18.705192101461314,18.705192101461314,18.705192101461314,99999,0.15,4,0,0,77.93830042275547,32.27813604206396
1123,117422,7098,16,77.93830042275547,12,,None,"LINESTRING (84268.6484375 445737, 84322.078125 445642.5)",9999.0,4.166666666666667,4.166666666666667,18.705192101461314,,,,4.166666666666667,4.166666666666667,18.705192101461314,18.705192101461314,18.705192101461314,99999,0.15,4,0,0,77.93830042275547,32.27813604206396
1124,117481,6811,6842,266.94138810587776,11,1.0,cycle_path,"LINESTRING (83438.2578125 445728.09375, 83501.3671875 445712.53125, 83569.8515625 445731.4375, 83675.60576923078 445759.9375, 83803.1953125 445799.28125)",1500.0,11.11111111111111,4.166666666666667,24.024724929529,1.0,1500.0,1500.0,11.11111111111111,4.166666666666667,64.06593314541065,24.024724929529,64.06593314541065,99999,0.15,4,0,0,266.94138810587776,10.057805108533978
1125,117482,6842,6811,266.94138810587776,11,1.0,cycle_path,"LINESTRING (83438.2578125 445728.09375, 83501.3671875 445712.53125, 83569.8515625 445731.4375, 83675.60576923078 445759.9375, 83803.1953125 445799.28125)",1500.0,11.11111111111111,4.166666666666667,24.024724929529,1.0,1500.0,1500.0,11.11111111111111,4.166666666666667,64.06593314541065,24.024724929529,64.06593314541065,99999,0.15,4,0,0,266.94138810587776,10.057805108533978
1126,117501,6714,6921,1193.4323515975755,6,2.0,None,"LINESTRING (83662.1171875 446319.65625, 83695.03125 445899.5, 83719.17307692309 445652.8269230769, 83755.1640625 445459.625, 83846.08353365386 445009.7379807692, 83914.7421875 444676.625)",4000.0,22.22222222222222,4.166666666666667,53.704455821890896,2.0,2000.0,4000.0,22.22222222222222,4.166666666666667,286.4237643834181,53.704455821890896,286.4237643834181,99999,0.15,4,0,0,1193.4323515975755,32.79202464948792
1127,117502,6921,6714,1193.4323515975755,6,2.0,None,"LINESTRING (83662.1171875 446319.65625, 83695.03125 445899.5, 83719.17307692309 445652.8269230769, 83755.1640625 445459.625, 83846.08353365386 445009.7379807692, 83914.7421875 444676.625)",4000.0,22.22222222222222,4.166666666666667,53.704455821890896,2.0,2000.0,4000.0,22.22222222222222,4.166666666666667,286.4237643834181,53.704455821890896,286.4237643834181,99999,0.15,4,0,0,1193.4323515975755,32.79202464948792
1128,117941,6461,7113,174.1250476266255,9,2.0,cycle_path,"LINESTRING (84593.859375 449475.90625, 84768.0078125 449644.59375)",3400.0,13.88888888888889,4.166666666666667,12.537003429117036,2.0,1700.0,3400.0,13.88888888888889,4.166666666666667,41.790011430390116,12.537003429117036,41.790011430390116,99999,0.15,4,0,0,174.1250476266255,0.0
1129,117942,7113,6461,174.1250476266255,9,2.0,cycle_path,"LINESTRING (84593.859375 449475.90625, 84768.0078125 449644.59375)",3400.0,13.88888888888889,4.166666666666667,12.537003429117036,2.0,1700.0,3400.0,13.88888888888889,4.166666666666667,41.790011430390116,12.537003429117036,41.790011430390116,99999,0.15,4,0,0,174.1250476266255,0.0
1130,117961,6645,6649,105.91567796992813,9,2.0,cycle_path,"LINESTRING (86355.1328125 445813.09375, 86350.92333984375 445788.12744140625, 86350.92333984375 445762.9455566406, 86353.44140625 445733.5666503906, 86356.79931640625 445703.3483886719, 86374.7265625 445666.875)",3400.0,13.88888888888889,4.166666666666667,7.6259288138348245,2.0,1700.0,3400.0,13.88888888888889,4.166666666666667,25.41976271278275,7.6259288138348245,25.41976271278275,99999,0.15,4,0,0,105.91567796992813,90.62523613766935
1131,117981,7094,10000,201.34313126985026,8,1.0,cycle_path,"LINESTRING (85810.1796875 445227.53125, 86066.3359375 445341.71875)",1800.0,13.88888888888889,4.166666666666667,14.496705451429218,1.0,1800.0,1800.0,13.88888888888889,4.166666666666667,48.32235150476406,14.496705451429218,48.32235150476406,99999,0.15,4,0,0,201.34313126985026,47.471963313216115
1132,117982,10000,7094,201.34313126985026,8,1.0,cycle_path,"LINESTRING (85810.1796875 445227.53125, 86066.3359375 445341.71875)",1800.0,13.88888888888889,4.166666666666667,14.496705451429218,1.0,1800.0,1800.0,13.88888888888889,4.166666666666667,48.32235150476406,14.496705451429218,48.32235150476406,99999,0.15,4,0,0,201.34313126985026,47.471963313216115
1133,118001,6992,10001,259.44789697543274,10,1.0,None,"LINESTRING (86241.7109375 444570.71875, 86111.0703125 444907.6875)",1200.0,9.722222222222221,4.166666666666667,26.68606940318737,1.0,1200.0,1200.0,9.722222222222221,4.166666666666667,62.26749527410385,26.68606940318737,62.26749527410385,99999,0.15,4,0,0,259.44789697543274,63.34546952138902
1134,118002,10001,6992,259.44789697543274,10,1.0,None,"LINESTRING (86241.7109375 444570.71875, 86111.0703125 444907.6875)",1200.0,9.722222222222221,4.166666666666667,26.68606940318737,1.0,1200.0,1200.0,9.722222222222221,4.166666666666667,62.26749527410385,26.68606940318737,62.26749527410385,99999,0.15,4,0,0,259.44789697543274,63.34546952138902
1135,118011,10000,10002,298.3775323353375,10,1.0,None,"LINESTRING (86066.3359375 445341.71875, 86218.61767578125 444955.0012207031)",1200.0,9.722222222222221,4.166666666666667,30.690260468777574,1.0,1200.0,1200.0,9.722222222222221,4.166666666666667,71.61060776048099,30.690260468777574,71.61060776048099,99999,0.15,4,0,0,298.3775323353375,60.446179807179654
1136,118012,10002,10000,298.3775323353375,10,1.0,None,"LINESTRING (86066.3359375 445341.71875, 86218.61767578125 444955.0012207031)",1200.0,9.722222222222221,4.166666666666667,30.690260468777574,1.0,1200.0,1200.0,9.722222222222221,4.166666666666667,71.61060776048099,30.690260468777574,71.61060776048099,99999,0.15,4,0,0,298.3775323353375,60.446179807179654
1137,118021,10001,10002,84.34895429420985,10,1.0,None,"LINESTRING (86111.0703125 444907.6875, 86218.61767578125 444955.0012207031)",1200.0,9.722222222222221,4.166666666666667,8.675892441690156,1.0,1200.0,1200.0,9.722222222222221,4.166666666666667,20.243749030610363,8.675892441690156,20.243749030610363,99999,0.15,4,0,0,84.34895429420985,36.13499864383149
1138,118022,10002,10001,84.34895429420985,10,1.0,None,"LINESTRING (86111.0703125 444907.6875, 86218.61767578125 444955.0012207031)",1200.0,9.722222222222221,4.166666666666667,8.675892441690156,1.0,1200.0,1200.0,9.722222222222221,4.166666666666667,20.243749030610363,8.675892441690156,20.243749030610363,99999,0.15,4,0,0,84.34895429420985,36.13499864383149
1139,118032,6660,6659,135.14703494105942,5,1.0,None,"LINESTRING (85805.640625 445506.40625, 85953.578125 445622.8125)",2200.0,19.444444444444443,4.166666666666667,6.950418939825913,1.0,2200.0,2200.0,19.444444444444443,4.166666666666667,32.43528838585426,6.950418939825913,32.43528838585426,99999,0.15,4,0,0,135.14703494105942,65.48397755846273
1140,118071,6652,10003,69.4629732450927,9,2.0,cycle_path,"LINESTRING (85992.2421875 445526.28125, 86028.171875 445436.4453125)",3400.0,13.88888888888889,4.166666666666667,5.0013340736466745,2.0,1700.0,3400.0,13.88888888888889,4.166666666666667,16.671113578822247,5.0013340736466745,16.671113578822247,99999,0.15,4,0,0,69.4629732450927,48.41541017979852
1141,118072,10003,6652,69.4629732450927,9,2.0,cycle_path,"LINESTRING (85992.2421875 445526.28125, 86028.171875 445436.4453125)",3400.0,13.88888888888889,4.166666666666667,5.0013340736466745,2.0,1700.0,3400.0,13.88888888888889,4.166666666666667,16.671113578822247,5.0013340736466745,16.671113578822247,99999,0.15,4,0,0,69.4629732450927,48.41541017979852
1142,118081,10000,10003,73.31828639862754,9,2.0,cycle_path,"LINESTRING (86066.3359375 445341.71875, 86028.171875 445436.4453125)",3400.0,13.88888888888889,4.166666666666667,5.278916620701183,2.0,1700.0,3400.0,13.88888888888889,4.166666666666667,17.596388735670608,5.278916620701183,17.596388735670608,99999,0.15,4,0,0,73.31828639862754,53.4237742112424
1143,118082,10003,10000,73.31828639862754,9,2.0,cycle_path,"LINESTRING (86066.3359375 445341.71875, 86028.171875 445436.4453125)",3400.0,13.88888888888889,4.166666666666667,5.278916620701183,2.0,1700.0,3400.0,13.88888888888889,4.166666666666667,17.596388735670608,5.278916620701183,17.596388735670608,99999,0.15,4,0,0,73.31828639862754,53.4237742112424
1144,118091,5001,10004,42.332098013647624,6,2.0,None,"LINESTRING (84508.53125 449404.15625, 84553.7138671875 449366.3017578125)",4000.0,22.22222222222222,4.166666666666667,1.904944410614143,2.0,2000.0,4000.0,22.22222222222222,4.166666666666667,10.159703523275429,1.904944410614143,10.159703523275429,99999,0.15,4,0,0,42.332098013647624,0.0
1145,118102,10004,6463,47.03576885757329,5,1.0,None,"LINESTRING (84603.8984375 449324.21875, 84553.7138671875 449366.3017578125)",2200.0,19.444444444444443,4.166666666666667,2.4189823983894834,1.0,2200.0,2200.0,19.444444444444443,4.166666666666667,11.288584525817589,2.4189823983894834,11.288584525817589,99999,0.15,4,0,0,47.03576885757329,0.0
1146,118111,6600,10005,171.0775488844893,6,2.0,None,"LINESTRING (85796.5859375 447671.125, 85757.296875 447726.6875, 85680.671875 447773.375, 85611.5390625 447821.1875)",4000.0,19.444444444444443,4.166666666666667,8.798273942630878,2.0,2000.0,4000.0,19.444444444444443,4.166666666666667,41.05861173227743,8.798273942630878,41.05861173227743,99999,0.15,4,0,0,171.0775488844893,17.745599505825886
1147,118122,10005,6601,122.33874041175001,5,1.0,None,"LINESTRING (85498.890625 447949, 85572.6328125 447861.4375, 85611.5390625 447821.1875)",2200.0,19.444444444444443,4.166666666666667,6.291706649747144,1.0,2200.0,2200.0,19.444444444444443,4.166666666666667,29.36129769882,6.291706649747144,29.36129769882,99999,0.15,4,0,0,122.33874041175001,63.358544898554705
1148,118131,6608,10006,131.51565359035592,6,2.0,None,"LINESTRING (85619.2578125 447563.25, 85649.8125 447528.21875, 85683.234375 447495.03125, 85712.0390625 447465.09375, 85745.4453125 447430.5)",4000.0,19.444444444444443,4.166666666666667,6.7636621846468765,2.0,2000.0,4000.0,19.444444444444443,4.166666666666667,31.56375686168542,6.7636621846468765,31.56375686168542,99999,0.15,4,0,0,131.51565359035592,27.33132276718161
1149,118142,10006,6611,166.1287160324086,5,1.0,None,"LINESTRING (85909.046875 447266.90625, 85745.4453125 447430.5)",2200.0,19.444444444444443,4.166666666666667,8.543762538809585,1.0,2200.0,2200.0,19.444444444444443,4.166666666666667,39.87089184777806,8.543762538809585,39.87089184777806,99999,0.15,4,0,0,166.1287160324086,37.361301637799244
1150,118151,6914,10007,250.7371306614911,6,2.0,None,"LINESTRING (82458.5078125 444299.5625, 82421.0703125 444351.625, 82284.7109375 444459.53125, 82217.1328125 444552.03125)",4000.0,22.22222222222222,4.166666666666667,11.2831708797671,2.0,2000.0,4000.0,22.22222222222222,4.166666666666667,60.17691135875786,11.2831708797671,60.17691135875786,99999,0.15,4,0,0,250.7371306614911,0.0
1151,118162,10007,6935,140.75400647139134,5,1.0,None,"LINESTRING (82120.53125 444722.65625, 82217.1328125 444552.03125)",2200.0,19.444444444444443,4.166666666666667,7.238777475671555,1.0,2200.0,2200.0,19.444444444444443,4.166666666666667,33.78096155313392,7.238777475671555,33.78096155313392,99999,0.15,4,0,0,140.75400647139134,0.0
1152,118172,10008,6946,119.75729572949517,5,1.0,None,"LINESTRING (81834.125 449207.5625, 81861.484375 449302.5625, 81873.0234375 449369.71875)",2200.0,19.444444444444443,4.166666666666667,6.158946637516895,1.0,2200.0,2200.0,19.444444444444443,4.166666666666667,28.741750975078837,6.158946637516895,28.741750975078837,99999,0.15,4,0,0,119.75729572949517,0.0
1153,118181,6949,10008,192.15630343014848,6,2.0,None,"LINESTRING (81953.359375 449624.9375, 81915 449584.8125, 81895.0546875 449546, 81880.3671875 449476.71875, 81873.0234375 449369.71875)",4000.0,19.444444444444443,4.166666666666667,9.882324176407637,2.0,2000.0,4000.0,19.444444444444443,4.166666666666667,46.117512823235636,9.882324176407637,46.117512823235636,99999,0.15,4,0,0,192.15630343014848,0.0
1154,118192,10009,6421,137.51725692658732,5,1.0,None,"LINESTRING (82217.9921875 449822.96875, 82168.9296875 449708.25, 82151.078125 449643.5625)",2200.0,19.444444444444443,4.166666666666667,7.0723160705102055,1.0,2200.0,2200.0,19.444444444444443,4.166666666666667,33.00414166238095,7.0723160705102055,33.00414166238095,99999,0.15,4,0,0,137.51725692658732,0.0
1155,118201,6950,10009,176.1238462067623,6,2.0,None,"LINESTRING (82072.6015625 449411.21875, 82110.15625 449454.71875, 82131.1484375 449498.78125, 82143.734375 449576.4375, 82151.078125 449643.5625)",4000.0,19.444444444444443,4.166666666666667,9.057797804919204,2.0,2000.0,4000.0,19.444444444444443,4.166666666666667,42.26972308962295,9.057797804919204,42.26972308962295,99999,0.15,4,0,0,176.1238462067623,0.0
1156,118212,10010,5026,214.01822961056138,5,1.0,None,"LINESTRING (81101.625 447332.4375, 81097.9765625 447431.25, 81087.3046875 447539.1875, 81075.4375 447629.34375)",2200.0,19.444444444444443,4.166666666666667,11.006651808543158,1.0,2200.0,2200.0,19.444444444444443,4.166666666666667,51.36437510653473,11.006651808543158,51.36437510653473,99999,0.15,4,0,0,214.01822961056138,0.0
1157,118221,6983,10010,215.69611741656632,6,2.0,None,"LINESTRING (81142.609375 447922.125, 81103.90625 447832.1875, 81081.3671875 447745.59375, 81075.4375 447629.34375)",4000.0,19.444444444444443,4.166666666666667,11.092943181423411,2.0,2000.0,4000.0,19.444444444444443,4.166666666666667,51.767068179975915,11.092943181423411,51.767068179975915,99999,0.15,4,0,0,215.69611741656632,0.0
